CREATE DATABASE  IF NOT EXISTS `mm_cpsc502101team07` /*!40100 DEFAULT CHARACTER SET utf8mb4 COLLATE utf8mb4_0900_ai_ci */ /*!80016 DEFAULT ENCRYPTION='N' */;
USE `mm_cpsc502101team07`;
-- MySQL dump 10.13  Distrib 8.0.27, for macos11 (x86_64)
--
-- Host: localhost    Database: mm_cpsc502101team07
-- ------------------------------------------------------
-- Server version	8.0.27

/*!40101 SET @OLD_CHARACTER_SET_CLIENT=@@CHARACTER_SET_CLIENT */;
/*!40101 SET @OLD_CHARACTER_SET_RESULTS=@@CHARACTER_SET_RESULTS */;
/*!40101 SET @OLD_COLLATION_CONNECTION=@@COLLATION_CONNECTION */;
/*!50503 SET NAMES utf8 */;
/*!40103 SET @OLD_TIME_ZONE=@@TIME_ZONE */;
/*!40103 SET TIME_ZONE='+00:00' */;
/*!40014 SET @OLD_UNIQUE_CHECKS=@@UNIQUE_CHECKS, UNIQUE_CHECKS=0 */;
/*!40014 SET @OLD_FOREIGN_KEY_CHECKS=@@FOREIGN_KEY_CHECKS, FOREIGN_KEY_CHECKS=0 */;
/*!40101 SET @OLD_SQL_MODE=@@SQL_MODE, SQL_MODE='NO_AUTO_VALUE_ON_ZERO' */;
/*!40111 SET @OLD_SQL_NOTES=@@SQL_NOTES, SQL_NOTES=0 */;

--
-- Table structure for table `Aircraft`
--

DROP TABLE IF EXISTS `Aircraft`;
/*!40101 SET @saved_cs_client     = @@character_set_client */;
/*!50503 SET character_set_client = utf8mb4 */;
CREATE TABLE `Aircraft` (
  `idAircraft` varchar(6) CHARACTER SET utf8 COLLATE utf8_general_ci NOT NULL,
  `class` varchar(45) DEFAULT NULL,
  `tachTime` decimal(6,1) DEFAULT NULL,
  `rentalRate` decimal(5,2) DEFAULT NULL,
  `annualInspectionDate` date DEFAULT NULL,
  `isTailwheel` tinyint DEFAULT NULL,
  `isComplex` tinyint DEFAULT NULL,
  `isHighPerformance` tinyint DEFAULT NULL,
  `100HrDueTime` int DEFAULT NULL,
  PRIMARY KEY (`idAircraft`)
) ENGINE=InnoDB DEFAULT CHARSET=utf8mb4 COLLATE=utf8mb4_0900_ai_ci;
/*!40101 SET character_set_client = @saved_cs_client */;

--
-- Dumping data for table `Aircraft`
--

LOCK TABLES `Aircraft` WRITE;
/*!40000 ALTER TABLE `Aircraft` DISABLE KEYS */;
INSERT INTO `Aircraft` VALUES ('N0U2D4','ASES',9648.5,151.00,'2022-02-24',1,1,0,9685),('N1HZUV','AMES',600.5,282.00,'2022-01-28',1,1,0,655),('N1N5KJ','AMEL',8291.2,133.00,'2022-10-23',0,1,0,8329),('N1T9OI','ASES',4149.0,187.00,'2022-08-17',0,0,0,4153),('N20DEH','ASEL',3179.7,189.00,'2022-02-07',0,0,1,3207),('N23MNY','AMES',5479.0,151.00,'2022-10-19',0,1,0,5525),('N31P1F','ASEL',5996.3,152.00,'2022-12-11',1,0,0,6019),('N37KWD','AMES',2026.2,293.00,'2022-05-21',0,1,1,2051),('N37ST1','ASES',5839.1,205.00,'2022-10-12',1,1,1,5871),('N40CXE','ASEL',124.2,248.00,'2022-02-05',0,0,0,133),('N4OWLG','ASEL',3631.2,146.00,'2022-01-27',1,1,0,3668),('N4PX4U','AMES',368.4,230.00,'2022-09-03',0,0,1,383),('N551D1','ASEL',3955.0,170.00,'2022-04-29',0,1,0,3973),('N5B5TX','ASES',7625.9,124.00,'2022-10-18',0,0,0,7689),('N6YA99','AMEL',6628.0,243.00,'2022-09-06',0,0,0,6715),('N7766L','ASES',8283.4,292.00,'2022-01-10',1,1,0,8320),('N7OPLR','ASEL',7602.5,258.00,'2022-05-17',1,0,0,7605),('N8FQT9','ASEL',6185.6,287.00,'2022-01-03',1,1,0,6200),('N8RPDP','ASEL',6496.3,266.00,'2022-02-26',1,1,0,6553),('NBTMP2','AMEL',8616.5,221.00,'2022-07-07',1,0,0,8660),('NDHIAY','AMEL',3370.4,224.00,'2022-11-01',1,0,0,3418),('NENN6G','AMEL',3333.7,185.00,'2022-09-26',0,0,1,3402),('NEOI6B','AMEL',7880.1,118.00,'2022-03-14',1,1,0,7933),('NEZYPP','ASES',5682.5,256.00,'2022-01-07',0,1,1,5726),('NFEP2M','ASES',215.1,196.00,'2022-02-16',1,1,1,254),('NFGLM2','AMEL',2452.0,258.00,'2022-08-07',0,0,0,2474),('NFZ0BF','AMES',719.8,288.00,'2022-06-26',0,1,0,750),('NG6WNT','ASES',6166.4,241.00,'2022-12-28',0,0,1,6233),('NGWZII','ASES',2276.5,197.00,'2022-09-08',1,0,1,2322),('NIAUT1','AMES',2802.0,290.00,'2022-06-09',0,0,1,2836),('NINIAP','ASEL',9640.1,268.00,'2022-02-24',0,1,0,9737),('NJNFO1','ASES',7129.7,287.00,'2022-09-01',1,0,1,7156),('NJPZW4','ASES',1233.1,109.00,'2022-01-10',0,1,1,1238),('NLDICM','ASES',120.6,153.00,'2022-07-26',1,1,1,212),('NLDPPJ','AMES',8369.9,246.00,'2022-12-14',0,1,0,8382),('NM0QTB','ASES',6490.4,208.00,'2022-10-10',0,0,0,6508),('NM2I79','AMEL',827.5,214.00,'2022-05-31',0,1,0,899),('NMHP07','ASES',3572.5,290.00,'2022-08-03',0,1,1,3582),('NNJY01','AMEL',5430.4,175.00,'2022-06-24',1,0,1,5509),('NOBPOJ','ASEL',7186.0,276.00,'2022-07-25',0,1,0,7200),('NOS2I6','ASES',4312.4,172.00,'2022-03-11',1,0,1,4345),('NPWUYR','AMEL',2099.9,252.00,'2022-08-29',1,0,1,2118),('NQL9U3','AMES',8315.1,186.00,'2022-11-15',0,0,1,8342),('NRR7JR','ASES',7231.5,196.00,'2022-11-14',0,1,0,7309),('NSD5K5','AMES',3809.7,253.00,'2022-05-22',1,0,0,3878),('NU6AWN','ASES',4104.1,199.00,'2022-08-19',0,0,1,4157),('NVXK2F','ASES',7309.3,146.00,'2022-01-28',1,1,1,7376),('NWDT21','ASES',4426.0,237.00,'2022-01-29',0,1,0,4436),('NX5QFY','AMEL',7622.0,202.00,'2022-01-15',0,0,0,7626),('NY1ZW6','AMEL',9553.0,246.00,'2022-06-16',0,1,0,9562);
/*!40000 ALTER TABLE `Aircraft` ENABLE KEYS */;
UNLOCK TABLES;

--
-- Table structure for table `Customer`
--

DROP TABLE IF EXISTS `Customer`;
/*!40101 SET @saved_cs_client     = @@character_set_client */;
/*!50503 SET character_set_client = utf8mb4 */;
CREATE TABLE `Customer` (
  `idCustomer` int NOT NULL,
  `nameFirst` varchar(45) DEFAULT NULL,
  `nameLast` varchar(45) DEFAULT NULL,
  `email` varchar(45) DEFAULT NULL,
  `phone` varchar(45) DEFAULT NULL,
  PRIMARY KEY (`idCustomer`),
  UNIQUE KEY `idCustomer_UNIQUE` (`idCustomer`)
) ENGINE=InnoDB DEFAULT CHARSET=utf8mb4 COLLATE=utf8mb4_0900_ai_ci;
/*!40101 SET character_set_client = @saved_cs_client */;

--
-- Dumping data for table `Customer`
--

LOCK TABLES `Customer` WRITE;
/*!40000 ALTER TABLE `Customer` DISABLE KEYS */;
INSERT INTO `Customer` VALUES (1,'Natalina','Ramelet','nramelet0@craigslist.org','549-228-5410'),(2,'Wilfrid','Burkill','wburkill1@parallels.com','965-787-8707'),(3,'Etty','Crosfield','ecrosfield2@google.ca','430-752-0088'),(4,'Thea','Yarrington','tyarrington3@globo.com','439-631-9285'),(5,'Tamas','Leddie','tleddie4@unblog.fr','498-615-6630'),(6,'Delinda','Labbet','dlabbet5@guardian.co.uk','748-606-0872'),(7,'Brena','Gras','bgras6@tiny.cc','424-698-0252'),(8,'Ode','Cogman','ocogman7@umn.edu','771-549-7155'),(9,'Sheila','Cowdery','scowdery8@unicef.org','960-519-7583'),(10,'Fred','Leeson','fleeson9@archive.org','430-488-6175'),(11,'Nadiya','Senn','nsenna@wired.com','934-448-2388'),(12,'Veradis','Grishankov','vgrishankovb@networkadvertising.org','675-167-8437'),(13,'Myrtle','McCrainor','mmccrainorc@xrea.com','975-229-1847'),(14,'Blane','Jaggli','bjagglid@pinterest.com','204-228-3272'),(15,'Sallyann','Pickavance','spickavancee@omniture.com','253-121-7826'),(16,'Dani','Domnick','ddomnickf@mlb.com','578-430-3024'),(17,'Alicia','Gallaher','agallaherg@nsw.gov.au','606-190-2019'),(18,'Lilian','Alsop','lalsoph@unblog.fr','199-750-9097'),(19,'Brook','Sanper','bsanperi@eepurl.com','568-656-2972'),(20,'Riva','Sybe','rsybej@cdbaby.com','443-104-1301'),(21,'Egon','Beardow','ebeardowk@t.co','435-513-6627'),(22,'Nessa','Hyett','nhyettl@delicious.com','747-920-1102'),(23,'Korella','Loges','klogesm@comcast.net','583-417-2620'),(24,'Rickie','Tomalin','rtomalinn@histats.com','237-499-4240'),(25,'Marlane','Tallow','mtallowo@alibaba.com','956-184-6685'),(26,'Harri','Billings','hbillingsp@webmd.com','883-293-5148'),(27,'Enrica','Overell','eoverellq@dmoz.org','359-602-1305'),(28,'Raychel','Crumpton','rcrumptonr@technorati.com','929-304-5830'),(29,'Ealasaid','Mahmood','emahmoods@mit.edu','246-617-6518'),(30,'Amalie','Donnachie','adonnachiet@vinaora.com','968-460-7961'),(31,'Morganica','Feeham','mfeehamu@google.com.au','602-122-8988'),(32,'Whitman','Weond','wweondv@blogs.com','953-516-3430'),(33,'Olly','Archdeckne','oarchdecknew@unblog.fr','927-524-5040'),(34,'Johna','Joynes','jjoynesx@icq.com','742-990-0459'),(35,'Baryram','McNeill','bmcneilly@bloomberg.com','102-783-5854'),(36,'Aubrey','Eriksson','aerikssonz@cdbaby.com','206-950-4859'),(37,'Devonna','Steinson','dsteinson10@bloglines.com','174-794-7557'),(38,'Darda','Oliveira','doliveira11@printfriendly.com','165-667-5557'),(39,'Lisa','Baly','lbaly12@seesaa.net','737-959-5295'),(40,'Jamie','Sarten','jsarten13@multiply.com','998-199-0613'),(41,'Chauncey','Tresise','ctresise14@miitbeian.gov.cn','728-881-0697'),(42,'Nels','Cummings','ncummings15@ameblo.jp','177-397-1842'),(43,'Orelie','Pettendrich','opettendrich16@macromedia.com','625-422-6407'),(44,'Locke','Wiggins','lwiggins17@friendfeed.com','356-880-6548'),(45,'Hillary','O\'Shevlan','hoshevlan18@bloglines.com','573-230-4115'),(46,'Noami','Kermit','nkermit19@economist.com','402-456-9747'),(47,'Thatch','Rubberts','trubberts1a@ed.gov','915-454-4749'),(48,'Sean','Kilgrew','skilgrew1b@yahoo.co.jp','833-779-3436'),(49,'Lisetta','Faber','lfaber1c@mlb.com','348-281-9610'),(50,'Reinold','Portress','rportress1d@shareasale.com','823-375-9729'),(51,'Chiquia','Guirardin','cguirardin1e@quantcast.com','631-203-4289'),(52,'Toiboid','Cowland','tcowland1f@goo.ne.jp','203-965-1928'),(53,'Kiel','Roughsedge','kroughsedge1g@sciencedaily.com','105-337-4459'),(54,'Jacquie','Karolovsky','jkarolovsky1h@weibo.com','571-628-9683'),(55,'Neala','Eustis','neustis1i@histats.com','190-315-3778'),(56,'Aylmer','Gabala','agabala1j@aboutads.info','730-379-2515'),(57,'Zonnya','Brech','zbrech1k@noaa.gov','948-922-6495'),(58,'Nesta','Divver','ndivver1l@sitemeter.com','631-715-6652'),(59,'Dania','Messier','dmessier1m@samsung.com','345-725-1006'),(60,'Robby','Havelin','rhavelin1n@wired.com','278-782-1894'),(61,'Marchelle','Rape','mrape1o@microsoft.com','656-467-1719'),(62,'Herb','Maulkin','hmaulkin1p@facebook.com','855-767-6000'),(63,'Florrie','Golda','fgolda1q@youtu.be','483-501-4491'),(64,'Floria','Gallienne','fgallienne1r@slashdot.org','716-111-4916'),(65,'Lindsay','Caccavale','lcaccavale1s@de.vu','796-496-6606'),(66,'Yank','Beldon','ybeldon1t@ow.ly','804-142-3220'),(67,'Holly','Allum','hallum1u@globo.com','357-399-6886'),(68,'Darius','Gatecliff','dgatecliff1v@noaa.gov','323-302-8027'),(69,'Daryle','Mattielli','dmattielli1w@people.com.cn','424-728-5411'),(70,'Clerissa','Flieg','cflieg1x@spiegel.de','666-313-1240'),(71,'Chico','Ivermee','civermee1y@liveinternet.ru','652-643-0212'),(72,'Oran','Wookey','owookey1z@ucla.edu','848-455-5714'),(73,'Yvor','McSaul','ymcsaul20@epa.gov','965-325-0707'),(74,'Zared','Suart','zsuart21@1und1.de','153-429-5267'),(75,'Karyn','Stalf','kstalf22@wikipedia.org','554-812-5536'),(76,'Tabbitha','Gringley','tgringley23@microsoft.com','532-554-2453'),(77,'Susie','Rosetti','srosetti24@berkeley.edu','971-578-6168'),(78,'Neal','Itzkovitch','nitzkovitch25@vinaora.com','660-345-0748'),(79,'Loni','Janosevic','ljanosevic26@go.com','501-931-1557'),(80,'Rora','Jenk','rjenk27@sbwire.com','727-131-7709'),(81,'Dennis','Wardrope','dwardrope28@webs.com','557-570-9761'),(82,'Pail','Gibard','pgibard29@hp.com','146-486-1637'),(83,'Ebenezer','Lampaert','elampaert2a@newyorker.com','886-535-2992'),(84,'Adina','Olivet','aolivet2b@sohu.com','337-813-0080'),(85,'Kathrine','Curnow','kcurnow2c@bloglines.com','876-741-8577'),(86,'Conant','Getty','cgetty2d@nifty.com','163-696-7453'),(87,'Christi','Draisey','cdraisey2e@prweb.com','564-597-5258'),(88,'Caddric','Seawell','cseawell2f@elegantthemes.com','326-699-7344'),(89,'Bryana','Pancast','bpancast2g@nyu.edu','147-332-0435'),(90,'Candie','Mallya','cmallya2h@jugem.jp','665-880-9920'),(91,'Cirilo','McBeith','cmcbeith2i@sohu.com','708-121-6535'),(92,'Nevins','MacArdle','nmacardle2j@rakuten.co.jp','784-471-5890'),(93,'Mindy','Cutford','mcutford2k@g.co','603-363-6827'),(94,'Nessy','Chrystie','nchrystie2l@aol.com','751-691-6398'),(95,'Kimbra','Breckon','kbreckon2m@multiply.com','425-185-5004'),(96,'Marybeth','Bletsoe','mbletsoe2n@businessinsider.com','923-197-0424'),(97,'Zed','Dwelley','zdwelley2o@ow.ly','248-757-0728'),(98,'Clara','Castello','ccastello2p@mac.com','801-665-4083'),(99,'Tiler','Fitzsymonds','tfitzsymonds2q@slate.com','962-460-4359'),(100,'Lance','Boykett','lboykett2r@illinois.edu','930-885-8647'),(101,'Ursala','Hawket','uhawket2s@japanpost.jp','326-702-3812'),(102,'Vita','Foldes','vfoldes2t@photobucket.com','554-744-3097'),(103,'Barthel','Blowers','bblowers2u@fda.gov','319-859-0140'),(104,'Pierrette','Shepperd','pshepperd2v@wufoo.com','567-619-8290'),(105,'Beilul','Marquez','bmarquez2w@stanford.edu','628-430-3011'),(106,'Parke','Navein','pnavein2x@wunderground.com','537-468-6163'),(107,'Ignatius','Hunnable','ihunnable2y@domainmarket.com','373-565-0216'),(108,'Jehanna','Walles','jwalles2z@51.la','326-480-2956'),(109,'Ginevra','Carvil','gcarvil30@liveinternet.ru','999-781-2236'),(110,'Katha','Nourse','knourse31@reuters.com','133-916-7415'),(111,'Arthur','Pollie','apollie32@amazon.com','926-727-9810'),(112,'Wilona','Leaburn','wleaburn33@dot.gov','186-540-4835'),(113,'Erin','Laffoley-Lane','elaffoleylane34@opensource.org','425-617-7813'),(114,'Brittani','Nussgen','bnussgen35@cnbc.com','659-522-4373'),(115,'Viviene','Gleeson','vgleeson36@spiegel.de','895-307-9591'),(116,'Leigh','McPeice','lmcpeice37@google.nl','564-369-2380'),(117,'Loise','Moffat','lmoffat38@wordpress.com','143-440-9911'),(118,'Bink','Hourihan','bhourihan39@forbes.com','418-480-9612'),(119,'Marcie','Girtin','mgirtin3a@un.org','202-730-6926'),(120,'Dickie','Rathmell','drathmell3b@skyrock.com','247-481-0745'),(121,'Kathy','Fossett','kfossett3c@51.la','479-546-7998'),(122,'Bev','MacAlees','bmacalees3d@disqus.com','967-819-6491'),(123,'Golda','Rowatt','growatt3e@wisc.edu','815-264-2405'),(124,'Jean','Holbie','jholbie3f@ebay.co.uk','648-800-0825'),(125,'Lynna','Inskipp','linskipp3g@facebook.com','955-662-0977'),(126,'Elfreda','Bermingham','ebermingham3h@ucla.edu','353-888-1317'),(127,'Catina','Crickett','ccrickett3i@ezinearticles.com','440-410-7018'),(128,'Eugenius','Zuenelli','ezuenelli3j@rambler.ru','118-937-6244'),(129,'Casi','Maccari','cmaccari3k@latimes.com','717-412-2191'),(130,'Madison','Reyna','mreyna3l@yelp.com','566-945-3931'),(131,'Rozelle','Whitters','rwhitters3m@flavors.me','366-634-7433'),(132,'Wesley','Sherrin','wsherrin3n@dot.gov','577-438-1637'),(133,'Dorolice','Dukelow','ddukelow3o@wikimedia.org','471-462-6580'),(134,'Michele','Patis','mpatis3p@angelfire.com','703-295-2197'),(135,'Cyril','Stoney','cstoney3q@cnbc.com','405-962-9550'),(136,'Elli','Penritt','epenritt3r@xing.com','574-496-4821'),(137,'Ilario','Liven','iliven3s@princeton.edu','353-535-1313'),(138,'Cyndia','Sparwell','csparwell3t@ed.gov','300-530-8387'),(139,'Iolande','Klaaassen','iklaaassen3u@senate.gov','674-399-5902'),(140,'Perry','Dummer','pdummer3v@canalblog.com','760-708-3758'),(141,'Germain','Lyosik','glyosik3w@yale.edu','398-329-9160'),(142,'Renado','Edgett','redgett3x@purevolume.com','107-453-7611'),(143,'Jeffy','Garrand','jgarrand3y@ed.gov','464-668-6990'),(144,'Sheba','Tither','stither3z@newyorker.com','106-907-2380'),(145,'Manuel','McMichell','mmcmichell40@technorati.com','416-435-2265'),(146,'Ethelin','Brack','ebrack41@dot.gov','425-973-3664'),(147,'Celestia','MacKall','cmackall42@drupal.org','809-989-2678'),(148,'Umberto','Cullen','ucullen43@indiegogo.com','166-681-5749'),(149,'Lyda','Dealey','ldealey44@pen.io','578-587-6209'),(150,'Brennan','Broxton','bbroxton45@netlog.com','926-609-8453'),(151,'Elbertina','McErlaine','emcerlaine46@zdnet.com','715-149-0930'),(152,'Debee','Larenson','dlarenson47@java.com','174-410-3075'),(153,'Monti','Ralestone','mralestone48@huffingtonpost.com','387-401-8051'),(154,'Bondie','Hurrion','bhurrion49@pcworld.com','849-590-7032'),(155,'Bogey','Bayfield','bbayfield4a@dailymail.co.uk','211-257-6352'),(156,'Normy','Earnshaw','nearnshaw4b@comsenz.com','722-676-5202'),(157,'Nady','Cawthry','ncawthry4c@sogou.com','529-564-7194'),(158,'Roger','Sharples','rsharples4d@cnbc.com','842-255-8976'),(159,'Domingo','Fodden','dfodden4e@ustream.tv','147-935-5658'),(160,'Sondra','Kelson','skelson4f@eepurl.com','993-794-9916'),(161,'Seana','Juppe','sjuppe4g@github.com','475-945-4663'),(162,'Ermin','Sextie','esextie4h@shinystat.com','611-360-7995'),(163,'Brandice','Aireton','baireton4i@creativecommons.org','463-469-1102'),(164,'Dun','Mugridge','dmugridge4j@devhub.com','149-260-6655'),(165,'Marian','De Stoop','mdestoop4k@jiathis.com','199-779-9128'),(166,'Janot','Corpe','jcorpe4l@apache.org','286-480-4269'),(167,'Pauly','Karpenko','pkarpenko4m@yellowpages.com','968-463-4817'),(168,'Eberhard','Greenin','egreenin4n@photobucket.com','687-261-2047'),(169,'Ofilia','Phillcox','ophillcox4o@unicef.org','811-525-1324'),(170,'Theresita','Cobelli','tcobelli4p@narod.ru','144-571-3697'),(171,'Koressa','Murrison','kmurrison4q@merriam-webster.com','406-349-9388'),(172,'Izak','Dinley','idinley4r@reference.com','821-285-6893'),(173,'Allie','Fontenot','afontenot4s@apple.com','639-570-0422'),(174,'Sigfrid','Hollyer','shollyer4t@noaa.gov','190-106-1836'),(175,'Aldo','Rizziello','arizziello4u@illinois.edu','737-586-5560'),(176,'Taite','Jaeggi','tjaeggi4v@homestead.com','218-288-3969'),(177,'Indira','Maple','imaple4w@umn.edu','480-477-6858'),(178,'Nita','Livsey','nlivsey4x@blog.com','210-978-2370'),(179,'Conrad','Rubinshtein','crubinshtein4y@ucla.edu','492-900-1603'),(180,'Fredra','Cockroft','fcockroft4z@ebay.co.uk','989-583-3215'),(181,'Bogey','Brookwell','bbrookwell50@state.gov','873-440-7128'),(182,'Lynsey','Scholefield','lscholefield51@comcast.net','233-186-0803'),(183,'Drusie','Cuffe','dcuffe52@163.com','854-196-4857'),(184,'Ettore','Fancutt','efancutt53@examiner.com','917-438-4233'),(185,'Sampson','Linham','slinham54@nps.gov','384-682-6853'),(186,'Consolata','Dethloff','cdethloff55@behance.net','937-845-0280'),(187,'Jemima','Stivani','jstivani56@printfriendly.com','714-436-8330'),(188,'Kassey','Radnage','kradnage57@cnn.com','287-116-7856'),(189,'Sheridan','O\'Shavlan','soshavlan58@mozilla.com','440-425-1450'),(190,'Raff','Hedaux','rhedaux59@google.com.br','553-366-4560'),(191,'Stepha','Eaglestone','seaglestone5a@odnoklassniki.ru','771-148-9074'),(192,'Roy','Dumberrill','rdumberrill5b@photobucket.com','959-893-5393'),(193,'Adelaide','Brotherhead','abrotherhead5c@163.com','260-161-0038'),(194,'Gabriella','Ibbetson','gibbetson5d@barnesandnoble.com','755-327-8344'),(195,'Bord','Flay','bflay5e@sphinn.com','733-721-7183'),(196,'Eugenia','Bloyes','ebloyes5f@amazon.co.uk','355-629-5158'),(197,'Bertrand','Battisson','bbattisson5g@imdb.com','156-850-7514'),(198,'Yolane','Curzon','ycurzon5h@e-recht24.de','793-995-5116'),(199,'Windham','Yesichev','wyesichev5i@wiley.com','922-404-5013'),(200,'Shae','Hillock','shillock5j@phpbb.com','293-896-2072'),(201,'Chaddie','Clubb','cclubb5k@discuz.net','677-195-6844'),(202,'Bettine','Gerty','bgerty5l@wufoo.com','991-213-0933'),(203,'Thornton','Kundert','tkundert5m@ebay.co.uk','551-589-3371'),(204,'Philippine','Gonthier','pgonthier5n@quantcast.com','985-123-0556'),(205,'Frasier','Potell','fpotell5o@list-manage.com','708-247-4271'),(206,'Garwin','Beer','gbeer5p@walmart.com','316-199-2803'),(207,'Grete','Barkway','gbarkway5q@tumblr.com','766-127-5255'),(208,'Abbey','Rivel','arivel5r@theatlantic.com','265-328-5309'),(209,'Caria','Asaaf','casaaf5s@cnn.com','494-491-3934'),(210,'Alexa','Attwooll','aattwooll5t@webmd.com','333-908-2464'),(211,'Eugenie','Wicken','ewicken5u@blogs.com','867-804-5715'),(212,'Ana','Loughney','aloughney5v@mysql.com','579-169-3891'),(213,'Colver','Gwalter','cgwalter5w@moonfruit.com','114-547-1452'),(214,'Adi','Densey','adensey5x@google.com','656-305-3081'),(215,'Mariel','Burel','mburel5y@mozilla.com','911-304-2553'),(216,'Rosa','Slym','rslym5z@geocities.com','156-483-2385'),(217,'Ludovika','Daice','ldaice60@about.com','362-544-2588'),(218,'Decca','McQuorkel','dmcquorkel61@paginegialle.it','323-675-6500'),(219,'Tonia','Halversen','thalversen62@upenn.edu','569-904-3065'),(220,'Yorgos','Tempest','ytempest63@answers.com','845-628-6817'),(221,'Raimundo','Larkins','rlarkins64@devhub.com','982-318-3743'),(222,'Elsey','Dimond','edimond65@geocities.jp','397-232-6587'),(223,'Filippa','Segot','fsegot66@gravatar.com','619-617-2436'),(224,'Genevra','Hargraves','ghargraves67@cnn.com','581-581-6335'),(225,'Talyah','Prise','tprise68@gizmodo.com','572-255-8482'),(226,'Keefe','Wellington','kwellington69@yale.edu','124-952-7532'),(227,'Kristos','Shoulders','kshoulders6a@cornell.edu','205-528-8879'),(228,'Anastasie','Purkis','apurkis6b@google.nl','164-852-8265'),(229,'Land','Avramchik','lavramchik6c@ucoz.com','618-981-5530'),(230,'Hal','Evershed','hevershed6d@bbb.org','683-925-6278'),(231,'Arther','Meddings','ameddings6e@sbwire.com','348-520-0742'),(232,'Marcelle','Chawner','mchawner6f@chron.com','113-751-8072'),(233,'Carleton','Gravett','cgravett6g@alexa.com','903-898-3521'),(234,'Ring','Mattevi','rmattevi6h@cisco.com','595-995-2997'),(235,'Haydon','Morsey','hmorsey6i@godaddy.com','863-942-7054'),(236,'Kristy','McQuie','kmcquie6j@webnode.com','133-717-0959'),(237,'Curcio','Toplis','ctoplis6k@yolasite.com','797-585-8563'),(238,'Sanson','Yallowley','syallowley6l@blogs.com','581-742-5458'),(239,'Dore','Witheford','dwitheford6m@howstuffworks.com','402-951-8684'),(240,'Legra','East','least6n@shareasale.com','464-113-3019'),(241,'Prentiss','Priddis','ppriddis6o@nifty.com','453-360-2251'),(242,'Sapphire','Tardiff','stardiff6p@weather.com','223-154-1551'),(243,'Otho','Leijs','oleijs6q@whitehouse.gov','255-540-6324'),(244,'Moshe','Reinbeck','mreinbeck6r@github.io','663-764-4421'),(245,'Elva','Mendoza','emendoza6s@facebook.com','195-983-1325'),(246,'Diana','Askham','daskham6t@go.com','479-440-1023'),(247,'Reynard','Woolnough','rwoolnough6u@wikipedia.org','726-334-5926'),(248,'Erwin','Hartgill','ehartgill6v@istockphoto.com','521-450-3769'),(249,'Carrie','Duffil','cduffil6w@ocn.ne.jp','497-459-4859'),(250,'Adela','O\' Liddy','aoliddy6x@vkontakte.ru','796-259-5407'),(251,'Fredek','Redan','fredan6y@people.com.cn','663-262-0883'),(252,'Mikel','Saltmarsh','msaltmarsh6z@soup.io','375-122-8115'),(253,'Kylie','Bahia','kbahia70@elegantthemes.com','769-621-7749'),(254,'Hubert','Kleisel','hkleisel71@constantcontact.com','595-263-6076'),(255,'Lonni','le Keux','llekeux72@mapquest.com','639-347-3587'),(256,'Paddy','Lorenzo','plorenzo73@blogger.com','619-362-6786'),(257,'Norina','Symms','nsymms74@theguardian.com','419-927-7620'),(258,'Val','Goshawke','vgoshawke75@tiny.cc','952-619-5721'),(259,'Eartha','Creser','ecreser76@bbc.co.uk','561-365-4154'),(260,'Loree','Tuxwell','ltuxwell77@flavors.me','609-238-9430'),(261,'Binky','Shillom','bshillom78@patch.com','470-469-7390'),(262,'Samuel','Waleworke','swaleworke79@ucla.edu','893-480-0611'),(263,'Kira','Couch','kcouch7a@typepad.com','566-618-5360'),(264,'Darwin','Drane','ddrane7b@ft.com','819-255-4485'),(265,'Carlos','Sterzaker','csterzaker7c@va.gov','658-377-7922'),(266,'Griffie','Roback','groback7d@nature.com','262-452-9509'),(267,'Eliza','Finnick','efinnick7e@diigo.com','464-617-5132'),(268,'Melisse','Roll','mroll7f@hostgator.com','283-593-2247'),(269,'Grata','Thewless','gthewless7g@timesonline.co.uk','686-796-9868'),(270,'Nigel','Khosa','nkhosa7h@techcrunch.com','941-935-3219'),(271,'Janka','Sutherley','jsutherley7i@csmonitor.com','341-962-8677'),(272,'Jesse','Olijve','jolijve7j@edublogs.org','945-819-0038'),(273,'Dean','Holleran','dholleran7k@yellowbook.com','517-640-7681'),(274,'Erda','Mattersley','emattersley7l@hugedomains.com','667-923-3575'),(275,'Shae','Capel','scapel7m@craigslist.org','752-620-1706'),(276,'Keefe','Tillard','ktillard7n@slashdot.org','874-421-2754'),(277,'Jimmie','Ackery','jackery7o@abc.net.au','805-758-5993'),(278,'Dario','Ryton','dryton7p@tinyurl.com','535-778-0059'),(279,'Cyndy','Sandiland','csandiland7q@drupal.org','356-257-6413'),(280,'Carlyle','Gorling','cgorling7r@t-online.de','855-963-5933'),(281,'Kriste','Verni','kverni7s@behance.net','816-639-1465'),(282,'Vickie','Herculeson','vherculeson7t@pagesperso-orange.fr','796-176-2810'),(283,'Brandi','Gregoriou','bgregoriou7u@feedburner.com','840-458-8055'),(284,'Brenna','Behnke','bbehnke7v@oracle.com','596-263-2544'),(285,'Dermot','Louiset','dlouiset7w@last.fm','701-989-8985'),(286,'Krissy','Ridwood','kridwood7x@amazon.de','273-325-2371'),(287,'Hollis','O\' Brian','hobrian7y@hugedomains.com','599-508-9205'),(288,'Blisse','Ruskin','bruskin7z@hud.gov','757-332-5605'),(289,'Collin','Behnecke','cbehnecke80@salon.com','242-756-1505'),(290,'Anastasia','Orford','aorford81@china.com.cn','901-157-2518'),(291,'Dian','Line','dline82@umich.edu','359-494-3302'),(292,'Alejandra','Blare','ablare83@marketwatch.com','195-977-8302'),(293,'Olympe','Purselowe','opurselowe84@unicef.org','248-687-8902'),(294,'Imelda','Tennison','itennison85@ucoz.ru','590-658-0714'),(295,'Shadow','Almack','salmack86@state.gov','762-295-5072'),(296,'Randy','McIlvenna','rmcilvenna87@redcross.org','943-591-3854'),(297,'Kaia','Brinded','kbrinded88@moonfruit.com','195-674-8768'),(298,'Barbara-anne','Nason','bnason89@feedburner.com','673-509-5317'),(299,'Ingar','Redgate','iredgate8a@sfgate.com','474-393-6562'),(300,'Frazer','Flanagan','fflanagan8b@howstuffworks.com','799-806-5248'),(301,'Anet','Brands','abrands8c@vk.com','894-962-2081'),(302,'Lizette','Harnwell','lharnwell8d@independent.co.uk','699-346-3161'),(303,'Lucina','Kaufman','lkaufman8e@liveinternet.ru','641-664-2239'),(304,'Walt','Boulding','wboulding8f@google.co.uk','558-390-3427'),(305,'Bourke','Jendricke','bjendricke8g@nyu.edu','230-868-1631'),(306,'Coleman','Fassmann','cfassmann8h@amazon.co.uk','369-818-5186'),(307,'Tracey','Pitcock','tpitcock8i@fc2.com','532-200-5229'),(308,'Kristen','D\'Oyly','kdoyly8j@meetup.com','263-474-6770'),(309,'Trudie','Vergo','tvergo8k@marriott.com','300-419-3980'),(310,'Haven','Ainger','hainger8l@webeden.co.uk','938-730-6362'),(311,'Terrie','Penhaligon','tpenhaligon8m@hp.com','166-547-7973'),(312,'Emmalyn','Bedding','ebedding8n@upenn.edu','613-311-1588'),(313,'Jeniece','Franck','jfranck8o@va.gov','223-777-7651'),(314,'Elisa','Downer','edowner8p@wsj.com','331-987-8017'),(315,'Saba','Badwick','sbadwick8q@sitemeter.com','901-283-7766'),(316,'Zacherie','Pinnere','zpinnere8r@domainmarket.com','895-407-2394'),(317,'Katti','Kerner','kkerner8s@state.gov','158-964-2351'),(318,'Kendal','Dugald','kdugald8t@theatlantic.com','695-366-7400'),(319,'May','Benedidick','mbenedidick8u@yahoo.co.jp','138-336-4603'),(320,'Kermie','Caught','kcaught8v@redcross.org','543-611-6855'),(321,'Grover','Pattisson','gpattisson8w@baidu.com','750-440-1591'),(322,'Alameda','Tuckley','atuckley8x@discovery.com','817-668-5610'),(323,'Rab','Burnhard','rburnhard8y@wp.com','731-511-2200'),(324,'Jacki','Lakenden','jlakenden8z@disqus.com','460-625-3231'),(325,'Barri','Smaleman','bsmaleman90@google.com.br','695-588-7553'),(326,'Marabel','Lamonby','mlamonby91@europa.eu','708-719-9328'),(327,'Dame','Gribble','dgribble92@acquirethisname.com','510-248-8487'),(328,'Rozelle','Laurentino','rlaurentino93@techcrunch.com','242-482-8093'),(329,'Maren','Yukhnov','myukhnov94@bing.com','395-994-8538'),(330,'Camile','Lukash','clukash95@quantcast.com','889-829-9334'),(331,'Cybill','Goodin','cgoodin96@mashable.com','661-181-2229'),(332,'Victoria','Lahrs','vlahrs97@blogspot.com','726-606-2478'),(333,'Thomasa','Stiell','tstiell98@discovery.com','274-601-3133'),(334,'Ardeen','Jagielski','ajagielski99@sourceforge.net','271-440-2425'),(335,'Sergei','Allonby','sallonby9a@biblegateway.com','292-435-7483'),(336,'Lucretia','Avramovic','lavramovic9b@qq.com','890-221-1977'),(337,'Drake','Ciric','dciric9c@opera.com','737-975-4141'),(338,'Anallise','Hindge','ahindge9d@booking.com','375-332-1068'),(339,'Serge','Heatherington','sheatherington9e@mayoclinic.com','191-221-2637'),(340,'Dannie','Sline','dsline9f@pagesperso-orange.fr','253-918-6404'),(341,'Everett','Shoulders','eshoulders9g@businessweek.com','599-854-2372'),(342,'Byrle','Dunley','bdunley9h@gov.uk','610-466-5439'),(343,'Lowell','Tailby','ltailby9i@miibeian.gov.cn','451-277-9783'),(344,'Karly','Jaume','kjaume9j@networksolutions.com','234-519-6648'),(345,'Jereme','Hagard','jhagard9k@taobao.com','737-318-5225'),(346,'Gerri','Braunds','gbraunds9l@friendfeed.com','820-327-9423'),(347,'Pen','Bawme','pbawme9m@smh.com.au','453-362-6506'),(348,'Wileen','Stollery','wstollery9n@admin.ch','803-844-8064'),(349,'Georgena','Josskowitz','gjosskowitz9o@blogger.com','510-167-7545'),(350,'Viv','Hourihan','vhourihan9p@eventbrite.com','946-668-2039'),(351,'Brewster','Barhams','bbarhams9q@w3.org','588-670-6719'),(352,'Marget','Zecchinii','mzecchinii9r@wordpress.org','291-355-2115'),(353,'Alic','Mate','amate9s@livejournal.com','947-361-9232'),(354,'Tiff','Nathan','tnathan9t@4shared.com','302-603-5794'),(355,'Fionna','Kowal','fkowal9u@people.com.cn','932-896-3940'),(356,'Mariejeanne','Dowbekin','mdowbekin9v@arstechnica.com','733-251-5596'),(357,'Xenos','Broadist','xbroadist9w@chronoengine.com','179-329-7599'),(358,'Whittaker','Stickley','wstickley9x@macromedia.com','283-519-2057'),(359,'Gillian','Skett','gskett9y@mlb.com','560-659-0984'),(360,'Renault','Beamond','rbeamond9z@telegraph.co.uk','468-580-0086'),(361,'Berthe','Paulson','bpaulsona0@dagondesign.com','297-268-3891'),(362,'Candace','Tillard','ctillarda1@dmoz.org','339-391-0590'),(363,'Reiko','De Bruin','rdebruina2@yelp.com','801-686-3878'),(364,'Melantha','Suero','msueroa3@amazon.co.uk','912-810-0361'),(365,'Jenine','Hulburd','jhulburda4@cnn.com','614-406-6422'),(366,'Chancey','Rohlf','crohlfa5@studiopress.com','918-190-7553'),(367,'Gard','Szymanzyk','gszymanzyka6@marketwatch.com','692-280-0507'),(368,'Tedra','Charman','tcharmana7@marketwatch.com','225-792-8982'),(369,'Katina','Rivett','krivetta8@businessweek.com','236-917-3698'),(370,'Rebbecca','Ruske','rruskea9@phpbb.com','231-235-1568'),(371,'Stephani','Clemon','sclemonaa@wired.com','263-602-0609'),(372,'Katlin','Joynt','kjoyntab@technorati.com','120-594-7339'),(373,'Townsend','Goodger','tgoodgerac@t.co','654-556-3679'),(374,'Jorey','Shaylor','jshaylorad@washingtonpost.com','186-857-4452'),(375,'Modesta','Stanborough','mstanboroughae@canalblog.com','918-629-0559'),(376,'Leopold','Gowanson','lgowansonaf@walmart.com','438-383-1312'),(377,'Meredith','Chewter','mchewterag@discuz.net','491-748-1365'),(378,'Wainwright','Raveau','wraveauah@sohu.com','703-956-6942'),(379,'Norrie','Mattocks','nmattocksai@google.ca','631-205-4863'),(380,'Austina','Womack','awomackaj@buzzfeed.com','551-862-8822'),(381,'Rosabelle','Buttner','rbuttnerak@netscape.com','134-887-1144'),(382,'Carmencita','Minchinton','cminchintonal@ucoz.com','525-208-3582'),(383,'Margo','Jurczik','mjurczikam@fema.gov','320-617-1658'),(384,'Morna','Monnelly','mmonnellyan@slideshare.net','267-256-2876'),(385,'Marie-jeanne','Fagence','mfagenceao@microsoft.com','157-870-5423'),(386,'Adlai','De Filippo','adefilippoap@businessweek.com','679-978-9488'),(387,'Steward','McIlwrath','smcilwrathaq@rambler.ru','954-770-8603'),(388,'Jarrett','Dugan','jduganar@seesaa.net','292-624-7005'),(389,'Erwin','Josephov','ejosephovas@harvard.edu','178-945-3303'),(390,'Rubetta','Burt','rburtat@gizmodo.com','472-253-7966'),(391,'Rubin','Stollhofer','rstollhoferau@ow.ly','749-677-9381'),(392,'Chrissy','Dorrins','cdorrinsav@ed.gov','110-891-6078'),(393,'Fremont','Balsdone','fbalsdoneaw@tinyurl.com','202-907-6162'),(394,'Lloyd','Preece','lpreeceax@narod.ru','553-785-2583'),(395,'Demetre','Espie','despieay@telegraph.co.uk','373-405-8214'),(396,'Avrom','Bassam','abassamaz@deviantart.com','962-194-9838'),(397,'Chrissie','Kinton','ckintonb0@blogspot.com','542-143-7178'),(398,'Chickie','Howes','chowesb1@jimdo.com','900-504-8152'),(399,'Maurise','Egginton','meggintonb2@elpais.com','488-778-4492'),(400,'Derrek','Sousa','dsousab3@reuters.com','236-627-1813'),(401,'Marlowe','Bastiman','mbastimanb4@ameblo.jp','988-690-8522'),(402,'Lyndsie','Shower','lshowerb5@unicef.org','278-166-9384'),(403,'Brocky','Tineman','btinemanb6@intel.com','891-185-5939'),(404,'Nadya','Skokoe','nskokoeb7@census.gov','350-575-1916'),(405,'Agneta','Stealy','astealyb8@nsw.gov.au','199-645-4960'),(406,'Job','Lethebridge','jlethebridgeb9@intel.com','320-405-7411'),(407,'Abe','Rignold','arignoldba@ezinearticles.com','933-195-7542'),(408,'Tiena','Ribeiro','tribeirobb@nationalgeographic.com','115-608-5557'),(409,'Willa','Corradengo','wcorradengobc@ow.ly','211-677-3111'),(410,'Mareah','Maffioni','mmaffionibd@boston.com','848-745-5344'),(411,'Kiah','Worland','kworlandbe@un.org','201-737-5970'),(412,'Edita','Bland','eblandbf@about.com','250-890-6519'),(413,'Morton','Corstan','mcorstanbg@simplemachines.org','112-896-3015'),(414,'Germaine','Rycroft','grycroftbh@t-online.de','409-468-3146'),(415,'Clim','MacIver','cmaciverbi@china.com.cn','172-307-9743'),(416,'Lanette','Symson','lsymsonbj@bluehost.com','604-157-8920'),(417,'Heath','Borres','hborresbk@plala.or.jp','715-498-8495'),(418,'Axe','Tripe','atripebl@wordpress.com','381-811-2592'),(419,'Willey','Robottham','wrobotthambm@abc.net.au','431-818-7637'),(420,'Elayne','Snazel','esnazelbn@comcast.net','687-619-7483'),(421,'Grace','Orys','gorysbo@nymag.com','890-386-3642'),(422,'Frederick','Pilling','fpillingbp@wordpress.org','731-597-2183'),(423,'Maximilianus','McCallister','mmccallisterbq@domainmarket.com','316-631-1689'),(424,'Jordan','Antwis','jantwisbr@youku.com','114-238-8026'),(425,'Locke','Goodwyn','lgoodwynbs@yelp.com','104-790-2425'),(426,'Filip','Elton','feltonbt@wikia.com','785-903-3486'),(427,'Em','Ballintyne','eballintynebu@theguardian.com','392-767-1207'),(428,'Meaghan','Butts','mbuttsbv@mapquest.com','109-470-0337'),(429,'Vikky','Antonescu','vantonescubw@photobucket.com','441-610-4394'),(430,'Denise','Rainsden','drainsdenbx@boston.com','568-973-7417'),(431,'Twila','Probin','tprobinby@nifty.com','369-443-6124'),(432,'Ariel','Demschke','ademschkebz@geocities.jp','356-584-9269'),(433,'Niven','Skittle','nskittlec0@wordpress.com','750-335-6563'),(434,'Natka','Cleyburn','ncleyburnc1@pcworld.com','843-650-2918'),(435,'Christy','Docwra','cdocwrac2@auda.org.au','438-513-6027'),(436,'Ebony','Traice','etraicec3@amazonaws.com','786-452-2517'),(437,'Monro','Vlasin','mvlasinc4@icio.us','336-888-3886'),(438,'Mattias','Dracksford','mdracksfordc5@columbia.edu','906-746-7636'),(439,'Orella','Pygott','opygottc6@cornell.edu','802-249-6315'),(440,'Auberta','Askew','aaskewc7@imdb.com','425-550-0405'),(441,'Chrysler','Benadette','cbenadettec8@hubpages.com','765-491-8547'),(442,'Krissie','Dashkovich','kdashkovichc9@opensource.org','624-198-2093'),(443,'Charisse','Catenot','ccatenotca@newsvine.com','434-368-3542'),(444,'Kipp','Kitchenman','kkitchenmancb@plala.or.jp','236-157-7935'),(445,'Gordy','Lucas','glucascc@mtv.com','139-213-4472'),(446,'Mozes','Bris','mbriscd@admin.ch','790-764-1104'),(447,'Jorry','Delamaine','jdelamainece@npr.org','547-156-2720'),(448,'Lindsay','Raithbie','lraithbiecf@ucsd.edu','385-191-7211'),(449,'Janos','Klaiser','jklaisercg@meetup.com','506-794-2737'),(450,'Jean','Glander','jglanderch@hp.com','214-614-2322'),(451,'Auberon','Shavel','ashavelci@sitemeter.com','400-939-1884'),(452,'Cos','Theuff','ctheuffcj@deliciousdays.com','380-577-3183'),(453,'Shepherd','Beamiss','sbeamissck@shop-pro.jp','637-540-7201'),(454,'Armand','Pionter','apiontercl@ucoz.ru','379-697-8402'),(455,'Randolph','Burgh','rburghcm@i2i.jp','861-441-9184'),(456,'Abagail','Crudgington','acrudgingtoncn@vinaora.com','769-163-7652'),(457,'Finn','Illem','fillemco@facebook.com','611-956-1567'),(458,'Coretta','Hairsnape','chairsnapecp@surveymonkey.com','307-228-1128'),(459,'Augie','Alleburton','aalleburtoncq@baidu.com','622-342-6160'),(460,'Berni','Hackly','bhacklycr@intel.com','757-458-6731'),(461,'Bernardo','Murty','bmurtycs@wix.com','263-841-3156'),(462,'Dode','Elmhirst','delmhirstct@123-reg.co.uk','539-400-6711'),(463,'Harris','Weeks','hweekscu@zdnet.com','125-116-5899'),(464,'Audry','Lefever','alefevercv@skyrock.com','772-679-1895'),(465,'Morty','Garvan','mgarvancw@themeforest.net','216-769-2758'),(466,'Maura','Durker','mdurkercx@w3.org','908-834-6001'),(467,'Dulce','Shreve','dshrevecy@oaic.gov.au','955-786-0661'),(468,'Celesta','Iacopini','ciacopinicz@histats.com','228-113-2838'),(469,'Ellene','Chantree','echantreed0@creativecommons.org','510-307-5915'),(470,'Catha','Macy','cmacyd1@so-net.ne.jp','334-722-9856'),(471,'Maxie','Burberow','mburberowd2@ycombinator.com','984-942-3996'),(472,'Manya','Iwanczyk','miwanczykd3@g.co','191-764-1218'),(473,'Eilis','Massimi','emassimid4@seesaa.net','820-407-1406'),(474,'Consolata','Gildersleaves','cgildersleavesd5@youtube.com','770-483-4707'),(475,'Francis','Pauncefoot','fpauncefootd6@miitbeian.gov.cn','731-130-9538'),(476,'Bondie','Boays','bboaysd7@cargocollective.com','806-298-9657'),(477,'Jo','Blainey','jblaineyd8@digg.com','702-145-4941'),(478,'Killy','Skedgell','kskedgelld9@clickbank.net','618-473-8759'),(479,'Bernardo','Mollnar','bmollnarda@usnews.com','714-422-9267'),(480,'Yard','Martusewicz','ymartusewiczdb@vistaprint.com','732-990-0814'),(481,'Shadow','Waddilow','swaddilowdc@naver.com','330-312-2464'),(482,'Sherye','Sporle','ssporledd@biglobe.ne.jp','436-819-9978'),(483,'Allyn','Breitler','abreitlerde@globo.com','898-655-0759'),(484,'Matthias','Pickhaver','mpickhaverdf@blogs.com','179-835-5101'),(485,'Alvina','Poole','apooledg@nhs.uk','534-629-4989'),(486,'Aldon','Rowan','arowandh@rediff.com','816-558-1655'),(487,'Amye','Brunner','abrunnerdi@privacy.gov.au','551-522-2328'),(488,'Felicia','Garrettson','fgarrettsondj@ucla.edu','821-674-5166'),(489,'Chariot','Luckcock','cluckcockdk@so-net.ne.jp','504-271-3022'),(490,'Bobbee','Capelen','bcapelendl@ucsd.edu','304-146-2084'),(491,'Stephie','Lemery','slemerydm@sbwire.com','809-310-2567'),(492,'Halli','Greedier','hgreedierdn@pcworld.com','664-518-3536'),(493,'Amitie','Rackstraw','arackstrawdo@bbc.co.uk','544-507-2152'),(494,'Kalie','Marin','kmarindp@craigslist.org','576-294-7478'),(495,'Wiatt','Booker','wbookerdq@timesonline.co.uk','890-176-9796'),(496,'Donny','Pachmann','dpachmanndr@cocolog-nifty.com','517-124-2109'),(497,'Wilt','McCaw','wmccawds@arstechnica.com','887-610-8796'),(498,'Ilyssa','Gwinnell','igwinnelldt@chron.com','106-499-9215'),(499,'Mag','Talby','mtalbydu@fc2.com','706-169-6760'),(500,'Shurwood','Beatey','sbeateydv@booking.com','791-168-5240');
/*!40000 ALTER TABLE `Customer` ENABLE KEYS */;
UNLOCK TABLES;

--
-- Table structure for table `CustomerHasRating`
--

DROP TABLE IF EXISTS `CustomerHasRating`;
/*!40101 SET @saved_cs_client     = @@character_set_client */;
/*!50503 SET character_set_client = utf8mb4 */;
CREATE TABLE `CustomerHasRating` (
  `idCustomer` int NOT NULL,
  `idRating` varchar(4) CHARACTER SET utf8 COLLATE utf8_general_ci NOT NULL,
  `dateObtained` datetime DEFAULT NULL,
  PRIMARY KEY (`idCustomer`,`idRating`),
  KEY `fk_CustomerHasRating_Ratings1_idx` (`idRating`),
  CONSTRAINT `fk_CustomerHasRating_Customer1` FOREIGN KEY (`idCustomer`) REFERENCES `Customer` (`idCustomer`),
  CONSTRAINT `fk_CustomerHasRating_Ratings1` FOREIGN KEY (`idRating`) REFERENCES `Ratings` (`idRatings`)
) ENGINE=InnoDB DEFAULT CHARSET=utf8mb4 COLLATE=utf8mb4_0900_ai_ci;
/*!40101 SET character_set_client = @saved_cs_client */;

--
-- Dumping data for table `CustomerHasRating`
--

LOCK TABLES `CustomerHasRating` WRITE;
/*!40000 ALTER TABLE `CustomerHasRating` DISABLE KEYS */;
INSERT INTO `CustomerHasRating` VALUES (1,'ASEL','2021-06-18 17:08:15'),(1,'PPL','2019-03-05 10:39:44'),(3,'PPL','2021-02-14 21:11:25'),(4,'AMEL','2021-07-06 23:25:00'),(4,'ASEL','2021-05-02 15:19:49'),(4,'PPL','2020-01-22 20:19:11'),(5,'ASEL','2021-02-28 02:15:33'),(5,'PPL','2020-05-27 17:45:02'),(6,'ASEL','2021-10-11 04:11:05'),(6,'PPL','2019-04-19 09:17:51'),(7,'ASEL','2021-07-23 11:20:49'),(7,'PPL','2019-10-04 16:43:45'),(8,'AMES','2021-04-08 15:39:28'),(8,'ASEL','2021-05-07 21:01:32'),(8,'PPL','2021-01-18 23:21:00'),(9,'PPL','2019-03-09 20:30:41'),(10,'ASEL','2021-03-13 16:24:23'),(10,'IFR','2021-05-24 18:02:55'),(10,'PPL','2019-07-09 11:09:16'),(11,'AMEL','2021-06-01 08:10:33'),(11,'ASEL','2021-09-04 16:11:59'),(11,'ASES','2021-08-27 06:57:59'),(11,'PPL','2020-07-28 09:24:36'),(12,'ASEL','2021-01-07 19:05:53'),(12,'IFR','2021-09-07 19:30:21'),(12,'PPL','2020-08-26 01:52:40'),(13,'ASEL','2021-09-09 11:02:35'),(13,'PPL','2020-11-18 01:55:40'),(15,'ASEL','2021-07-01 02:09:16'),(15,'ASES','2021-03-24 18:02:10'),(15,'IFR','2021-09-02 05:41:06'),(15,'PPL','2019-03-08 19:58:51'),(16,'ASEL','2020-12-30 03:22:58'),(17,'PPL','2019-07-09 09:44:10'),(18,'ASEL','2021-05-01 07:53:56'),(19,'ASEL','2021-09-29 20:02:37'),(20,'ASEL','2021-05-13 06:16:16'),(20,'PPL','2019-04-17 01:05:17'),(21,'PPL','2020-01-11 22:03:52'),(22,'PPL','2019-06-08 03:09:28'),(23,'ASEL','2021-06-23 01:46:53'),(24,'ASEL','2021-06-11 11:37:11'),(25,'PPL','2019-11-30 04:59:02'),(26,'PPL','2019-01-25 23:09:48'),(27,'PPL','2020-12-25 22:28:35'),(28,'ASEL','2021-10-30 20:11:28'),(28,'PPL','2020-03-03 08:10:46'),(29,'ASEL','2021-02-07 22:30:33'),(29,'PPL','2020-05-02 06:48:13'),(30,'ASEL','2021-04-28 10:05:13'),(30,'HP','2021-09-17 20:55:51'),(31,'AMES','2021-06-21 19:42:02'),(31,'ASEL','2020-12-31 07:36:00'),(32,'ASEL','2021-07-15 19:46:09'),(32,'PPL','2020-07-20 12:51:02'),(33,'ASEL','2021-09-08 22:39:09'),(33,'PPL','2020-02-25 23:53:05'),(34,'ASEL','2020-12-08 14:07:00'),(34,'PPL','2020-04-27 02:23:03'),(35,'ASEL','2021-04-20 19:05:38'),(35,'ASES','2021-10-20 14:18:11'),(35,'PPL','2020-04-29 16:27:00'),(36,'ASEL','2021-01-25 07:46:27'),(36,'PPL','2020-10-07 08:21:24'),(37,'ASEL','2021-06-02 16:07:49'),(38,'ASEL','2021-08-21 03:01:15'),(38,'ASES','2021-11-03 23:47:39'),(39,'ASEL','2021-08-08 12:31:25'),(39,'IFR','2021-09-29 21:26:45'),(39,'PPL','2020-09-17 16:30:04'),(40,'ASEL','2021-10-01 23:48:07'),(41,'ASEL','2020-11-12 15:21:59'),(42,'ASEL','2021-10-12 08:19:41'),(42,'PPL','2021-02-28 16:55:49'),(43,'ASEL','2021-06-08 03:09:10'),(44,'ASEL','2021-09-04 01:41:47'),(46,'ASEL','2021-04-19 02:57:55'),(46,'HP','2021-08-29 05:48:08'),(47,'ASEL','2021-07-22 14:53:04'),(48,'PPL','2020-12-01 16:57:53'),(49,'PPL','2019-03-22 03:41:25'),(51,'PPL','2019-10-30 16:55:24'),(52,'PPL','2020-05-13 01:56:12'),(53,'ASEL','2021-03-17 18:03:51'),(53,'PPL','2019-02-15 04:10:15'),(54,'PPL','2019-09-05 17:52:58'),(55,'PPL','2021-01-26 14:58:44'),(56,'AMEL','2021-03-08 01:49:48'),(56,'ASEL','2021-03-31 10:13:09'),(56,'ASES','2021-08-16 09:50:13'),(56,'IFR','2021-04-17 06:42:57'),(57,'ASEL','2021-10-03 21:45:06'),(57,'HP','2021-10-18 01:03:22'),(59,'ASEL','2021-07-01 12:46:08'),(59,'HP','2021-05-26 06:55:15'),(60,'ASEL','2021-10-27 23:57:13'),(60,'HP','2021-03-04 23:21:39'),(60,'PPL','2021-02-15 13:28:32'),(61,'ASEL','2021-10-14 09:23:47'),(61,'PPL','2019-02-01 12:19:45'),(63,'PPL','2020-03-23 06:54:07'),(64,'PPL','2021-02-13 11:47:19'),(65,'PPL','2020-07-29 12:28:27'),(66,'ASEL','2021-10-11 15:38:42'),(66,'PPL','2020-07-17 02:43:48'),(68,'ASEL','2021-10-17 09:02:14'),(68,'PPL','2020-10-03 02:17:16'),(69,'PPL','2020-10-13 10:04:38'),(70,'PPL','2020-01-04 21:10:27'),(71,'ASEL','2021-05-11 11:50:30'),(72,'ASEL','2021-07-23 11:34:43'),(72,'ASES','2021-10-04 15:23:34'),(73,'PPL','2020-07-14 07:41:47'),(74,'ASEL','2020-12-26 12:30:14'),(74,'HP','2021-09-15 05:23:26'),(74,'PPL','2020-03-23 07:18:26'),(75,'PPL','2019-07-06 17:00:27'),(76,'ASEL','2021-01-25 20:58:03'),(77,'AMEL','2021-07-22 21:26:55'),(77,'ASEL','2020-12-14 06:45:17'),(77,'ASES','2021-10-20 22:26:01'),(77,'PPL','2019-09-30 19:53:42'),(78,'ASEL','2021-09-06 02:46:19'),(78,'PPL','2019-02-14 03:28:35'),(79,'ASEL','2021-06-01 15:45:01'),(80,'ASEL','2021-03-04 05:12:35'),(80,'IFR','2021-08-21 07:17:31'),(81,'ASEL','2021-11-07 12:39:35'),(81,'ASES','2021-09-15 00:10:18'),(81,'HP','2021-03-04 06:00:01'),(81,'PPL','2020-12-28 13:27:12'),(83,'PPL','2021-01-26 21:11:56'),(84,'ASEL','2021-08-22 10:14:45'),(84,'IFR','2021-09-14 04:12:41'),(85,'ASEL','2020-11-12 10:18:40'),(85,'IFR','2021-04-09 05:03:10'),(86,'ASEL','2021-01-01 11:50:08'),(86,'IFR','2021-10-25 19:15:48'),(86,'PPL','2019-04-16 20:43:58'),(88,'ASEL','2021-01-24 02:06:41'),(88,'IFR','2021-04-19 15:44:39'),(88,'PPL','2020-11-12 09:54:05'),(89,'PPL','2020-10-01 02:05:08'),(90,'AMES','2021-07-24 09:20:48'),(90,'ASEL','2021-08-15 21:53:15'),(90,'PPL','2020-05-10 07:02:55'),(91,'ASEL','2021-06-26 09:29:46'),(91,'PPL','2020-02-25 16:20:42'),(92,'ASEL','2021-07-21 20:48:15'),(92,'ASES','2021-03-15 04:01:13'),(92,'PPL','2021-02-15 10:41:06'),(93,'PPL','2020-02-29 12:54:47'),(95,'AMEL','2021-06-11 14:22:43'),(95,'AMES','2021-04-29 10:50:21'),(95,'ASEL','2021-09-02 18:01:48'),(96,'ASEL','2020-12-27 07:06:03'),(96,'PPL','2021-01-13 00:07:41'),(97,'PPL','2019-11-14 09:08:57'),(98,'ASEL','2021-05-06 16:21:12'),(99,'AMEL','2021-10-18 13:20:20'),(99,'ASEL','2021-09-12 22:53:01'),(99,'HP','2021-03-06 20:25:12'),(99,'PPL','2019-07-02 16:25:51'),(101,'ASEL','2021-03-20 21:58:24'),(101,'ASES','2021-03-11 14:33:20'),(101,'PPL','2020-07-28 09:07:44'),(102,'ASEL','2021-07-31 21:34:47'),(102,'PPL','2019-02-05 17:38:38'),(103,'PPL','2020-07-23 14:27:30'),(104,'PPL','2020-07-05 07:24:37'),(105,'PPL','2020-10-13 13:11:35'),(106,'ASEL','2021-08-18 12:26:35'),(106,'PPL','2019-09-17 08:43:55'),(107,'ASEL','2021-04-20 11:32:55'),(107,'HP','2021-09-28 13:09:49'),(109,'AMEL','2021-07-14 15:53:19'),(109,'AMES','2021-07-01 22:10:50'),(109,'ASEL','2021-01-15 02:17:44'),(110,'AMEL','2021-07-12 23:38:22'),(110,'ASEL','2021-02-16 16:10:17'),(111,'ASEL','2020-12-14 17:19:29'),(111,'PPL','2020-03-19 15:58:19'),(112,'PPL','2019-12-31 06:03:41'),(113,'ASEL','2021-06-05 03:04:46'),(113,'PPL','2021-02-27 00:27:53'),(114,'PPL','2019-06-18 01:29:13'),(115,'ASEL','2021-06-12 02:44:24'),(115,'PPL','2021-01-27 07:02:24'),(117,'ASEL','2021-05-23 11:17:00'),(117,'ASES','2021-07-05 06:50:52'),(117,'HP','2021-04-14 23:56:41'),(117,'IFR','2021-09-20 03:42:04'),(117,'PPL','2019-10-30 20:32:07'),(118,'PPL','2020-02-19 05:42:32'),(119,'ASEL','2021-02-19 07:28:15'),(119,'PPL','2020-03-03 04:57:08'),(120,'AMES','2021-07-02 13:26:11'),(120,'ASEL','2021-07-02 21:46:03'),(120,'PPL','2019-03-24 22:26:40'),(121,'PPL','2019-12-13 13:36:14'),(122,'PPL','2019-08-14 15:01:47'),(124,'ASEL','2020-12-28 14:37:43'),(124,'IFR','2021-04-08 00:18:32'),(124,'PPL','2019-09-29 19:00:45'),(125,'PPL','2019-06-12 14:47:57'),(126,'AMES','2021-10-01 08:09:59'),(126,'ASEL','2021-09-22 14:30:20'),(126,'HP','2021-09-23 20:54:39'),(127,'PPL','2019-10-11 14:24:31'),(128,'AMES','2021-04-14 02:17:37'),(128,'ASEL','2021-06-26 17:00:36'),(128,'HP','2021-06-09 15:03:17'),(128,'IFR','2021-11-03 20:52:30'),(129,'ASEL','2021-09-30 04:27:43'),(129,'PPL','2019-03-01 04:46:32'),(130,'AMEL','2021-09-03 12:02:12'),(130,'ASEL','2021-04-22 08:29:24'),(130,'PPL','2020-07-06 07:13:53'),(131,'PPL','2019-09-14 04:19:04'),(132,'PPL','2019-01-08 10:07:39'),(133,'ASEL','2021-02-27 08:48:40'),(134,'ASEL','2021-04-25 11:29:32'),(134,'ASES','2021-04-14 05:55:16'),(134,'PPL','2019-01-12 06:32:40'),(135,'PPL','2019-07-12 20:34:58'),(136,'ASEL','2021-10-25 02:00:16'),(136,'ASES','2021-05-28 11:50:56'),(136,'HP','2021-07-30 22:49:27'),(136,'PPL','2020-11-03 04:48:49'),(137,'AMEL','2021-05-31 07:22:46'),(137,'ASEL','2021-03-12 11:45:14'),(137,'IFR','2021-03-11 11:57:42'),(137,'PPL','2019-03-10 05:42:57'),(138,'PPL','2021-02-27 01:03:19'),(139,'AMEL','2021-10-07 00:34:25'),(139,'ASEL','2021-06-10 08:03:32'),(139,'PPL','2019-08-30 07:31:50'),(140,'ASEL','2021-04-03 12:27:14'),(140,'ASES','2021-09-08 23:36:58'),(140,'PPL','2019-06-08 20:30:30'),(141,'ASEL','2021-02-19 20:41:36'),(141,'HP','2021-07-24 20:30:29'),(141,'PPL','2019-04-09 10:17:52'),(142,'ASEL','2021-02-13 06:20:48'),(143,'AMEL','2021-05-24 19:43:31'),(143,'ASEL','2021-11-01 05:10:51'),(143,'PPL','2020-04-22 13:40:20'),(145,'ASEL','2021-06-07 12:51:53'),(145,'HP','2021-07-16 09:13:34'),(145,'IFR','2021-03-08 20:28:09'),(146,'ASEL','2021-07-09 00:50:06'),(146,'PPL','2019-05-15 23:28:57'),(147,'PPL','2019-04-19 13:58:22'),(148,'AMES','2021-11-01 03:33:54'),(148,'ASEL','2020-11-10 14:32:35'),(149,'AMEL','2021-06-05 15:00:04'),(149,'ASEL','2021-01-18 00:11:15'),(150,'ASEL','2021-10-14 18:04:08'),(150,'IFR','2021-09-11 19:44:36'),(150,'PPL','2021-01-04 19:30:20'),(151,'PPL','2019-01-24 19:19:22'),(152,'AMES','2021-04-16 13:48:59'),(152,'ASEL','2021-09-02 04:38:23'),(152,'PPL','2019-07-08 07:51:25'),(154,'ASEL','2021-03-20 06:24:02'),(154,'ASES','2021-05-12 05:26:43'),(155,'PPL','2019-06-30 16:40:26'),(156,'PPL','2019-05-09 07:05:18'),(157,'AMEL','2021-09-23 15:16:00'),(157,'ASEL','2021-10-05 07:58:04'),(157,'PPL','2019-03-02 04:04:43'),(159,'AMES','2021-08-24 16:48:48'),(159,'ASEL','2020-12-19 05:08:47'),(160,'ASEL','2021-08-19 21:23:53'),(162,'AMEL','2021-07-23 02:42:11'),(162,'ASEL','2021-04-22 00:35:05'),(163,'PPL','2020-12-15 09:16:25'),(166,'PPL','2021-01-22 14:42:40'),(167,'ASEL','2021-06-08 16:23:21'),(167,'PPL','2019-05-25 18:09:31'),(168,'ASEL','2021-09-20 19:12:50'),(169,'PPL','2019-03-07 01:21:08'),(170,'ASEL','2021-07-29 16:08:04'),(170,'ASES','2021-06-02 15:28:40'),(170,'PPL','2019-04-25 08:22:14'),(171,'ASEL','2021-03-28 22:24:27'),(171,'ASES','2021-09-17 13:47:18'),(171,'HP','2021-04-01 15:29:11'),(171,'PPL','2020-08-21 08:44:06'),(172,'ASEL','2020-12-12 08:04:31'),(172,'ASES','2021-04-30 13:36:10'),(172,'PPL','2021-02-19 21:56:46'),(173,'ASEL','2021-03-24 08:12:28'),(174,'PPL','2019-02-17 21:39:22'),(175,'ASEL','2021-03-26 05:02:37'),(175,'PPL','2019-01-27 03:11:36'),(176,'PPL','2019-09-01 12:42:38'),(177,'ASEL','2020-11-29 03:02:06'),(177,'HP','2021-09-16 15:17:37'),(177,'IFR','2021-09-09 12:18:10'),(178,'PPL','2019-05-10 06:51:41'),(179,'ASEL','2021-04-11 13:17:23'),(179,'HP','2021-11-01 01:07:33'),(179,'IFR','2021-08-27 14:43:47'),(180,'AMES','2021-09-28 15:20:29'),(180,'ASEL','2021-10-28 19:14:31'),(180,'PPL','2020-07-23 21:47:09'),(181,'ASEL','2021-09-06 11:18:55'),(181,'ASES','2021-05-01 14:16:47'),(182,'AMEL','2021-09-14 15:16:01'),(182,'ASEL','2020-12-10 16:29:11'),(182,'PPL','2020-04-19 02:40:25'),(183,'AMES','2021-10-17 04:15:27'),(183,'ASEL','2021-10-08 06:03:17'),(184,'AMEL','2021-03-29 16:54:32'),(184,'ASEL','2021-06-20 01:03:51'),(184,'HP','2021-09-23 12:36:11'),(184,'PPL','2020-03-14 19:56:13'),(185,'ASEL','2021-04-17 07:45:50'),(186,'ASEL','2021-03-24 06:19:09'),(186,'PPL','2019-01-27 23:37:08'),(187,'PPL','2019-06-09 21:52:53'),(188,'AMEL','2021-08-18 02:59:34'),(188,'ASEL','2021-09-26 14:49:28'),(188,'ASES','2021-08-09 11:13:00'),(189,'ASEL','2021-10-10 08:14:11'),(190,'PPL','2019-06-18 19:42:34'),(191,'PPL','2019-11-14 19:43:30'),(192,'ASEL','2021-04-13 08:39:32'),(192,'PPL','2020-03-16 09:54:40'),(193,'ASEL','2020-12-28 20:46:19'),(193,'PPL','2020-04-29 07:43:45'),(195,'ASEL','2021-05-15 13:23:59'),(196,'AMES','2021-04-26 12:38:38'),(196,'ASEL','2020-12-22 14:42:42'),(196,'HP','2021-04-02 17:10:35'),(196,'IFR','2021-10-24 02:14:20'),(196,'PPL','2020-08-26 10:03:19'),(198,'PPL','2020-05-12 06:12:35'),(199,'ASEL','2021-07-22 04:35:35'),(199,'PPL','2020-10-22 16:24:38'),(200,'AMEL','2021-05-08 10:01:39'),(200,'ASEL','2021-05-14 03:02:58'),(200,'PPL','2020-12-13 02:34:22'),(201,'ASEL','2021-02-24 11:23:10'),(201,'PPL','2020-03-21 12:33:27'),(202,'ASEL','2021-10-14 05:03:15'),(202,'HP','2021-04-12 05:07:00'),(203,'AMEL','2021-09-18 21:26:37'),(203,'ASEL','2020-12-19 05:44:57'),(203,'ASES','2021-03-22 23:45:15'),(203,'HP','2021-05-31 05:35:42'),(203,'PPL','2019-11-22 17:22:16'),(204,'PPL','2019-05-31 05:12:44'),(205,'ASEL','2021-02-16 06:28:04'),(205,'PPL','2019-08-16 09:32:46'),(206,'PPL','2019-02-24 21:29:45'),(207,'AMES','2021-04-30 22:47:31'),(207,'ASEL','2021-08-08 14:39:15'),(207,'PPL','2020-03-02 17:31:42'),(208,'ASEL','2021-03-23 03:12:41'),(208,'PPL','2020-03-23 09:17:23'),(209,'AMEL','2021-05-22 13:32:52'),(209,'ASEL','2021-08-24 01:49:15'),(209,'ASES','2021-07-27 14:52:26'),(209,'PPL','2019-06-26 08:10:22'),(210,'PPL','2020-12-05 01:15:00'),(211,'ASEL','2021-09-02 00:06:42'),(211,'IFR','2021-04-02 18:43:30'),(211,'PPL','2021-01-18 02:01:02'),(213,'ASEL','2021-07-15 16:23:22'),(213,'PPL','2019-12-23 22:43:15'),(214,'ASEL','2021-02-11 12:53:16'),(215,'ASEL','2021-07-12 11:50:46'),(216,'ASEL','2021-09-05 18:24:12'),(216,'IFR','2021-06-02 23:12:09'),(216,'PPL','2019-03-23 17:59:25'),(217,'PPL','2021-02-25 07:13:42'),(220,'PPL','2020-02-13 00:27:58'),(221,'ASEL','2021-06-16 03:46:17'),(221,'PPL','2019-06-30 03:04:13'),(222,'AMEL','2021-05-10 09:50:15'),(222,'ASEL','2021-07-15 22:57:18'),(222,'PPL','2021-01-27 07:22:02'),(223,'ASEL','2021-08-30 03:14:45'),(224,'ASEL','2021-06-17 13:57:02'),(224,'PPL','2020-04-24 19:08:08'),(225,'ASEL','2021-02-20 22:40:15'),(225,'PPL','2020-09-29 14:37:29'),(227,'PPL','2019-08-22 21:10:23'),(229,'PPL','2019-11-14 22:58:40'),(230,'ASEL','2021-11-04 00:05:59'),(230,'HP','2021-04-12 12:53:11'),(231,'ASEL','2021-07-13 22:33:57'),(232,'ASEL','2021-06-23 06:17:32'),(232,'PPL','2020-09-01 03:56:54'),(233,'ASEL','2020-12-14 04:21:33'),(234,'ASEL','2021-03-16 04:33:23'),(234,'PPL','2019-03-18 05:27:12'),(235,'ASEL','2021-04-27 18:06:54'),(235,'PPL','2019-09-19 16:40:39'),(237,'ASEL','2021-11-05 03:41:14'),(238,'ASEL','2021-04-20 22:42:30'),(239,'PPL','2019-03-22 07:45:24'),(240,'ASEL','2021-03-25 11:19:08'),(241,'PPL','2019-11-01 11:42:57'),(242,'ASEL','2020-12-25 12:31:03'),(243,'AMES','2021-03-05 14:28:47'),(243,'ASEL','2021-06-20 22:49:07'),(243,'ASES','2021-03-20 23:35:57'),(243,'IFR','2021-03-23 17:24:42'),(244,'ASEL','2021-03-27 02:28:31'),(244,'HP','2021-03-13 17:27:37'),(244,'PPL','2019-03-06 03:47:49'),(245,'PPL','2020-08-21 01:38:41'),(246,'ASEL','2020-11-16 02:56:10'),(246,'HP','2021-06-09 09:23:53'),(246,'PPL','2021-02-01 12:02:36'),(247,'ASEL','2021-06-16 00:44:56'),(247,'PPL','2019-11-15 13:43:42'),(248,'AMEL','2021-09-07 09:27:09'),(248,'ASEL','2021-02-10 02:00:03'),(248,'PPL','2020-02-08 04:10:54'),(249,'AMES','2021-10-04 23:32:23'),(249,'ASEL','2021-10-15 08:29:33'),(249,'PPL','2020-02-13 18:37:09'),(250,'PPL','2020-02-01 04:22:13'),(251,'ASEL','2020-11-16 23:39:58'),(251,'ASES','2021-09-02 19:19:29'),(251,'HP','2021-07-18 20:28:11'),(251,'PPL','2019-04-09 20:15:02'),(252,'AMEL','2021-05-13 00:32:19'),(252,'ASEL','2021-05-09 01:50:19'),(252,'ASES','2021-11-04 09:04:55'),(253,'AMEL','2021-05-27 16:53:44'),(253,'ASEL','2021-01-16 00:50:41'),(254,'ASEL','2021-02-20 04:55:00'),(254,'PPL','2019-07-06 11:07:29'),(255,'AMEL','2021-05-06 15:46:25'),(255,'ASEL','2021-02-18 21:47:42'),(256,'ASEL','2021-02-01 05:46:02'),(256,'ASES','2021-04-04 20:43:52'),(256,'PPL','2019-03-12 01:25:32'),(257,'ASEL','2021-10-16 22:40:03'),(257,'ASES','2021-09-20 13:18:10'),(257,'PPL','2020-07-31 16:41:10'),(258,'PPL','2020-07-19 06:19:57'),(259,'ASEL','2020-12-29 01:33:01'),(259,'ASES','2021-10-15 12:42:59'),(259,'PPL','2020-02-03 07:32:35'),(260,'ASEL','2021-09-16 23:51:24'),(261,'ASEL','2021-05-29 16:26:27'),(262,'PPL','2019-05-23 11:07:01'),(263,'AMEL','2021-05-14 08:28:49'),(263,'ASEL','2021-09-08 15:49:07'),(263,'ASES','2021-10-27 22:28:34'),(263,'PPL','2019-02-21 18:22:22'),(264,'PPL','2019-01-27 04:47:20'),(265,'ASEL','2020-12-05 05:18:21'),(265,'PPL','2020-08-03 09:22:11'),(266,'ASEL','2021-06-02 12:32:46'),(267,'PPL','2020-07-16 17:33:44'),(270,'PPL','2019-09-24 20:34:25'),(271,'AMEL','2021-09-23 19:49:09'),(271,'ASEL','2021-10-30 18:57:50'),(271,'PPL','2021-02-12 22:48:08'),(272,'ASEL','2021-06-20 10:53:25'),(272,'ASES','2021-08-24 02:38:18'),(272,'PPL','2020-01-17 10:03:06'),(273,'PPL','2020-08-24 03:46:57'),(275,'PPL','2019-12-03 19:39:17'),(276,'PPL','2020-03-06 00:24:14'),(277,'PPL','2020-04-22 20:30:44'),(278,'AMES','2021-09-08 15:41:40'),(278,'ASEL','2021-09-17 16:00:26'),(279,'ASEL','2021-01-08 05:54:27'),(279,'PPL','2019-11-12 16:15:48'),(280,'PPL','2019-09-26 12:59:43'),(281,'ASEL','2021-01-08 16:12:57'),(281,'HP','2021-06-17 23:14:17'),(281,'PPL','2019-02-14 02:42:22'),(282,'AMES','2021-08-26 03:12:23'),(282,'ASEL','2021-05-30 18:10:17'),(282,'PPL','2020-06-02 17:22:37'),(283,'AMES','2021-05-19 09:43:28'),(283,'ASEL','2021-09-17 21:39:41'),(284,'ASEL','2021-03-28 09:58:28'),(284,'PPL','2021-01-17 08:27:25'),(285,'ASEL','2021-02-20 13:47:52'),(285,'ASES','2021-10-22 09:01:43'),(285,'PPL','2020-01-16 19:12:27'),(286,'PPL','2019-09-14 22:38:20'),(287,'ASEL','2021-03-24 09:17:18'),(287,'IFR','2021-10-26 17:56:29'),(287,'PPL','2019-11-14 22:41:23'),(288,'AMEL','2021-07-15 16:38:07'),(288,'ASEL','2021-06-06 20:38:23'),(288,'ASES','2021-10-09 06:38:55'),(288,'HP','2021-05-06 16:13:54'),(288,'PPL','2021-01-28 22:30:45'),(289,'ASEL','2021-06-10 17:00:52'),(290,'ASEL','2021-09-05 15:49:30'),(292,'AMES','2021-09-14 22:50:19'),(292,'ASEL','2021-07-17 07:36:47'),(292,'PPL','2020-03-30 15:04:29'),(293,'ASEL','2021-09-10 09:43:55'),(293,'IFR','2021-04-04 19:00:10'),(293,'PPL','2020-11-27 08:18:47'),(295,'AMEL','2021-10-06 13:30:28'),(295,'ASEL','2021-05-12 22:24:50'),(295,'PPL','2019-10-26 13:39:11'),(296,'ASEL','2021-01-07 21:24:49'),(296,'IFR','2021-08-30 21:57:22'),(296,'PPL','2019-07-29 11:22:02'),(297,'AMES','2021-10-21 14:55:38'),(297,'ASEL','2021-08-25 23:39:39'),(297,'ASES','2021-10-31 01:09:16'),(297,'PPL','2021-01-21 14:53:21'),(298,'ASEL','2021-06-23 01:55:21'),(298,'PPL','2020-04-22 02:03:56'),(299,'ASEL','2020-11-13 00:44:49'),(300,'ASEL','2021-06-01 04:42:32'),(300,'PPL','2020-02-18 22:16:23'),(301,'ASEL','2021-10-15 03:45:36'),(302,'ASEL','2021-08-12 22:27:01'),(302,'IFR','2021-04-10 13:27:08'),(303,'PPL','2019-07-02 10:30:25'),(304,'ASEL','2021-07-27 20:06:09'),(304,'ASES','2021-08-18 12:35:21'),(304,'IFR','2021-04-07 05:21:09'),(304,'PPL','2019-07-22 12:12:32'),(305,'PPL','2020-10-30 06:36:35'),(306,'ASEL','2021-07-25 10:36:20'),(306,'PPL','2020-10-30 07:52:18'),(307,'AMES','2021-03-07 13:18:30'),(307,'ASEL','2021-05-24 20:54:16'),(307,'HP','2021-08-18 02:35:16'),(307,'PPL','2020-05-26 17:24:07'),(308,'PPL','2019-08-27 10:14:05'),(309,'ASEL','2021-07-10 02:58:09'),(309,'PPL','2019-12-13 00:33:01'),(312,'PPL','2019-12-30 21:51:46'),(313,'ASEL','2021-04-03 07:55:39'),(313,'PPL','2021-01-16 07:31:55'),(315,'PPL','2020-04-22 13:29:06'),(316,'PPL','2020-08-28 06:25:51'),(318,'AMES','2021-08-31 18:47:58'),(318,'ASEL','2021-03-01 16:53:12'),(318,'PPL','2019-03-27 05:26:54'),(319,'ASEL','2021-10-13 08:57:17'),(319,'HP','2021-08-28 08:03:45'),(320,'ASEL','2021-06-17 08:57:44'),(320,'IFR','2021-03-11 16:46:07'),(320,'PPL','2020-10-06 02:55:36'),(321,'ASEL','2021-06-30 22:06:48'),(321,'PPL','2020-05-22 21:00:40'),(322,'PPL','2019-06-25 06:00:35'),(323,'ASEL','2021-04-14 00:44:00'),(323,'HP','2021-06-07 06:05:31'),(323,'PPL','2020-06-06 03:43:49'),(324,'ASEL','2021-07-31 21:38:18'),(326,'AMES','2021-08-11 01:59:39'),(326,'ASEL','2021-06-20 19:01:01'),(327,'ASEL','2021-04-13 19:32:39'),(327,'ASES','2021-06-12 11:01:34'),(327,'HP','2021-10-01 09:19:34'),(327,'IFR','2021-06-16 14:08:57'),(330,'PPL','2019-12-14 14:03:49'),(331,'AMEL','2021-03-10 08:22:11'),(331,'ASEL','2021-04-03 09:32:17'),(332,'ASEL','2021-08-31 14:37:20'),(332,'PPL','2020-04-27 17:56:44'),(333,'PPL','2020-09-26 07:45:33'),(334,'AMES','2021-08-02 00:36:48'),(334,'ASEL','2021-06-26 16:13:43'),(334,'IFR','2021-08-21 04:27:54'),(335,'PPL','2020-01-29 16:00:42'),(337,'ASEL','2020-11-27 11:16:37'),(337,'PPL','2019-04-17 14:58:15'),(338,'PPL','2020-07-01 12:03:59'),(339,'ASEL','2021-04-12 07:51:37'),(339,'PPL','2020-05-11 17:23:40'),(340,'ASEL','2021-06-04 03:10:11'),(340,'PPL','2020-07-02 21:24:49'),(341,'PPL','2020-05-06 06:38:57'),(342,'PPL','2019-06-08 00:17:53'),(344,'ASEL','2020-12-01 05:31:41'),(344,'HP','2021-07-23 11:53:10'),(344,'PPL','2020-02-11 08:41:38'),(345,'PPL','2019-08-07 06:39:54'),(346,'ASEL','2021-04-08 06:33:49'),(346,'PPL','2019-08-12 06:45:16'),(348,'ASEL','2021-01-09 10:31:23'),(349,'ASEL','2021-01-08 20:31:04'),(350,'PPL','2020-12-06 05:29:47'),(351,'ASEL','2021-07-12 17:25:16'),(351,'PPL','2020-12-01 00:12:23'),(353,'ASEL','2021-05-26 20:42:59'),(354,'PPL','2019-05-25 23:02:33'),(355,'PPL','2019-12-11 00:25:17'),(357,'ASEL','2021-06-13 14:58:53'),(357,'PPL','2019-07-14 06:00:08'),(358,'AMES','2021-04-23 21:01:41'),(358,'ASEL','2021-06-23 01:53:52'),(358,'PPL','2021-02-21 06:52:20'),(359,'PPL','2020-12-13 14:45:54'),(360,'ASEL','2021-07-12 02:05:52'),(360,'IFR','2021-04-11 23:45:12'),(361,'AMEL','2021-09-28 23:37:49'),(361,'ASEL','2021-09-20 07:57:58'),(362,'ASEL','2021-10-03 05:59:52'),(362,'ASES','2021-07-18 15:25:54'),(362,'HP','2021-07-22 01:58:29'),(362,'PPL','2019-07-16 13:26:34'),(364,'ASEL','2021-04-14 04:01:29'),(365,'PPL','2019-05-28 05:56:39'),(366,'PPL','2019-04-22 19:06:41'),(367,'PPL','2019-12-05 03:40:33'),(368,'PPL','2020-07-15 00:26:38'),(369,'AMEL','2021-06-30 05:57:31'),(369,'ASEL','2021-10-19 01:32:47'),(369,'PPL','2019-03-19 09:24:52'),(370,'AMES','2021-08-11 01:34:38'),(370,'ASEL','2021-04-29 22:41:48'),(370,'IFR','2021-04-11 21:51:37'),(372,'AMEL','2021-05-28 18:59:52'),(372,'ASEL','2021-09-15 09:05:51'),(372,'HP','2021-09-01 05:20:56'),(372,'IFR','2021-10-15 12:04:46'),(373,'ASEL','2021-10-24 20:33:16'),(373,'PPL','2020-03-19 03:45:41'),(374,'ASEL','2021-06-08 22:38:11'),(374,'PPL','2019-08-30 12:03:02'),(375,'ASEL','2021-09-11 20:08:01'),(375,'PPL','2020-06-02 09:53:59'),(376,'ASEL','2021-07-18 20:03:03'),(376,'PPL','2020-07-03 14:20:01'),(377,'ASEL','2021-02-17 16:21:36'),(377,'ASES','2021-08-09 13:19:07'),(377,'PPL','2020-03-21 00:41:19'),(378,'ASEL','2021-06-29 10:44:49'),(378,'PPL','2020-07-21 08:47:01'),(379,'ASEL','2021-10-24 06:12:30'),(379,'PPL','2020-04-16 08:32:13'),(381,'ASEL','2021-10-09 08:09:59'),(381,'PPL','2019-06-08 23:11:49'),(382,'PPL','2020-06-04 06:38:46'),(383,'ASEL','2021-04-02 14:56:41'),(384,'ASEL','2020-12-28 08:28:55'),(384,'PPL','2019-01-24 13:40:28'),(385,'ASEL','2021-08-30 04:32:01'),(385,'HP','2021-10-18 17:47:33'),(385,'PPL','2020-05-05 02:40:39'),(386,'AMEL','2021-04-20 10:53:02'),(386,'ASEL','2020-11-16 01:23:03'),(386,'IFR','2021-08-08 19:22:59'),(387,'AMES','2021-10-28 20:49:18'),(387,'ASEL','2021-03-15 23:48:46'),(388,'PPL','2019-03-22 13:55:51'),(389,'ASEL','2021-06-11 09:38:07'),(390,'PPL','2019-09-20 23:41:50'),(392,'AMES','2021-07-19 09:32:43'),(392,'ASEL','2021-02-07 16:09:39'),(392,'PPL','2019-09-25 05:14:27'),(393,'ASEL','2021-05-02 16:13:24'),(393,'PPL','2020-09-21 19:51:22'),(394,'PPL','2019-02-23 11:31:36'),(395,'PPL','2020-02-22 08:47:44'),(396,'ASEL','2021-07-09 21:49:06'),(396,'PPL','2019-08-24 11:41:33'),(397,'ASEL','2021-01-10 14:13:35'),(397,'ASES','2021-05-20 04:42:35'),(397,'PPL','2020-02-22 06:43:31'),(399,'ASEL','2021-06-06 01:35:48'),(399,'HP','2021-06-26 05:47:19'),(400,'ASEL','2021-01-23 15:44:19'),(400,'ASES','2021-06-18 06:28:47'),(400,'PPL','2020-11-18 08:23:25'),(401,'ASEL','2021-10-18 01:11:28'),(401,'HP','2021-07-21 12:58:26'),(401,'PPL','2019-08-29 18:36:34'),(402,'AMEL','2021-07-12 01:43:05'),(402,'ASEL','2021-03-26 16:19:50'),(403,'PPL','2021-01-02 06:22:10'),(404,'AMEL','2021-09-29 12:42:25'),(404,'AMES','2021-10-29 03:08:42'),(404,'ASEL','2021-01-13 13:32:30'),(404,'ASES','2021-06-21 04:23:08'),(404,'PPL','2020-09-29 16:31:00'),(405,'ASEL','2021-03-28 17:36:46'),(405,'HP','2021-07-14 12:11:55'),(406,'AMES','2021-10-09 11:44:56'),(406,'ASEL','2021-09-19 21:42:02'),(408,'ASEL','2021-09-28 13:28:29'),(408,'PPL','2021-01-12 17:22:00'),(409,'ASEL','2021-08-28 17:28:36'),(410,'ASEL','2021-01-05 04:12:59'),(411,'PPL','2020-08-05 03:03:56'),(412,'ASEL','2021-06-21 19:20:46'),(412,'IFR','2021-06-17 00:26:40'),(413,'PPL','2019-03-19 17:15:29'),(414,'PPL','2019-03-28 15:57:04'),(415,'ASEL','2021-03-24 07:31:23'),(415,'PPL','2020-08-14 21:05:49'),(416,'ASEL','2021-08-08 11:07:10'),(417,'ASEL','2021-09-23 13:35:41'),(417,'IFR','2021-09-11 01:07:38'),(418,'PPL','2020-02-03 12:53:59'),(419,'ASEL','2021-03-03 01:45:21'),(419,'PPL','2020-01-19 20:45:38'),(420,'PPL','2019-11-26 00:38:13'),(421,'ASEL','2021-11-05 05:47:54'),(421,'ASES','2021-03-19 07:49:48'),(421,'HP','2021-11-02 10:07:50'),(422,'AMEL','2021-08-10 02:39:36'),(422,'ASEL','2021-05-23 09:52:04'),(422,'ASES','2021-10-26 20:31:21'),(423,'PPL','2019-01-10 05:45:53'),(424,'PPL','2021-01-06 21:52:24'),(425,'PPL','2020-11-13 13:34:56'),(428,'ASEL','2021-08-29 06:23:35'),(428,'ASES','2021-05-31 07:39:25'),(428,'PPL','2020-09-27 15:34:03'),(429,'AMEL','2021-09-03 08:27:40'),(429,'ASEL','2021-03-16 18:18:25'),(429,'PPL','2020-09-11 01:08:34'),(430,'ASEL','2021-08-05 10:02:55'),(430,'PPL','2019-08-30 09:40:58'),(431,'PPL','2019-02-10 18:52:42'),(432,'PPL','2019-07-17 00:55:19'),(433,'PPL','2020-08-30 10:36:40'),(434,'ASEL','2021-01-02 20:16:18'),(435,'PPL','2020-01-12 00:28:58'),(436,'ASEL','2021-03-21 19:55:14'),(436,'ASES','2021-10-17 09:48:03'),(436,'PPL','2019-06-26 20:43:52'),(437,'ASEL','2021-02-21 07:11:08'),(437,'PPL','2020-11-23 22:12:39'),(438,'ASEL','2021-06-29 08:41:46'),(438,'PPL','2020-04-01 07:42:22'),(440,'ASEL','2021-06-28 16:38:18'),(441,'ASEL','2021-08-20 15:46:35'),(441,'PPL','2020-07-14 12:39:06'),(442,'ASEL','2021-10-03 18:01:59'),(442,'ASES','2021-07-26 04:28:17'),(442,'IFR','2021-06-24 10:45:00'),(443,'ASEL','2021-08-29 03:58:42'),(443,'PPL','2020-12-12 14:33:51'),(444,'ASEL','2021-06-12 02:27:40'),(445,'ASEL','2021-11-03 19:21:49'),(445,'IFR','2021-10-07 21:40:06'),(445,'PPL','2019-09-12 08:13:02'),(446,'PPL','2020-12-05 09:38:05'),(447,'ASEL','2021-06-08 14:45:11'),(447,'HP','2021-09-05 14:21:56'),(447,'IFR','2021-09-19 21:25:32'),(448,'AMEL','2021-05-21 12:25:58'),(448,'ASEL','2021-07-12 11:45:12'),(448,'IFR','2021-04-21 09:44:37'),(448,'PPL','2019-04-10 22:23:14'),(449,'ASEL','2021-11-01 08:09:12'),(449,'ASES','2021-10-02 06:16:45'),(451,'ASEL','2020-11-24 12:30:32'),(451,'ASES','2021-03-17 05:12:50'),(451,'PPL','2020-01-07 02:58:56'),(452,'PPL','2020-09-08 11:12:23'),(453,'PPL','2020-06-26 12:22:25'),(454,'ASEL','2020-11-24 13:06:32'),(456,'PPL','2020-05-04 13:28:08'),(457,'ASEL','2021-06-17 02:44:01'),(458,'AMEL','2021-04-29 03:20:33'),(458,'ASEL','2021-09-22 15:27:00'),(459,'ASEL','2021-02-02 08:21:12'),(459,'ASES','2021-03-12 01:59:07'),(460,'PPL','2021-01-22 03:03:21'),(461,'PPL','2019-08-09 14:54:39'),(462,'ASEL','2020-12-11 23:00:16'),(462,'ASES','2021-05-14 19:52:45'),(462,'PPL','2020-12-02 01:33:54'),(463,'AMEL','2021-05-31 05:52:44'),(463,'ASEL','2021-04-19 01:14:08'),(463,'PPL','2020-03-27 16:33:56'),(464,'ASEL','2021-07-08 15:32:07'),(464,'PPL','2021-01-11 16:37:00'),(466,'PPL','2019-05-06 21:11:18'),(467,'PPL','2020-03-24 09:07:59'),(468,'PPL','2019-03-20 07:47:11'),(469,'PPL','2021-02-06 20:42:54'),(471,'ASEL','2021-06-27 17:53:11'),(471,'ASES','2021-08-22 16:35:31'),(471,'PPL','2019-11-19 19:17:40'),(472,'AMES','2021-09-08 06:58:07'),(472,'ASEL','2021-04-22 16:00:41'),(472,'PPL','2019-11-15 01:08:54'),(473,'AMEL','2021-09-27 22:50:54'),(473,'AMES','2021-08-12 06:34:49'),(473,'ASEL','2021-06-30 14:56:53'),(473,'PPL','2019-10-28 12:16:15'),(474,'ASEL','2021-08-23 15:00:35'),(475,'ASEL','2021-08-11 12:34:38'),(477,'ASEL','2020-12-30 22:51:57'),(477,'PPL','2020-12-30 22:51:57'),(478,'AMES','2021-06-02 11:50:22'),(478,'ASEL','2021-06-29 07:41:08'),(478,'ASES','2021-10-16 17:16:45'),(478,'PPL','2021-02-03 05:45:07'),(479,'ASEL','2021-11-03 08:19:08'),(479,'PPL','2020-03-18 19:47:35'),(480,'ASEL','2021-08-03 12:50:44'),(480,'IFR','2021-05-24 20:32:58'),(480,'PPL','2019-05-20 23:23:24'),(482,'ASEL','2021-01-05 05:10:58'),(482,'HP','2021-07-04 19:31:26'),(482,'PPL','2020-04-10 14:19:46'),(483,'PPL','2020-06-30 23:56:43'),(484,'AMEL','2021-05-12 13:31:06'),(484,'ASEL','2021-01-16 16:41:19'),(484,'ASES','2021-06-20 02:50:46'),(484,'PPL','2019-11-23 07:14:40'),(485,'ASEL','2021-03-03 10:06:03'),(485,'PPL','2020-05-28 07:20:18'),(486,'ASEL','2021-01-23 20:22:37'),(487,'AMEL','2021-07-10 05:06:00'),(487,'ASEL','2021-10-04 11:12:21'),(487,'ASES','2021-10-02 17:52:03'),(487,'IFR','2021-04-07 16:56:41'),(487,'PPL','2019-10-07 05:32:45'),(488,'PPL','2021-01-17 09:19:11'),(489,'AMEL','2021-10-24 06:13:00'),(489,'ASEL','2021-05-23 11:08:25'),(489,'IFR','2021-08-16 11:53:08'),(489,'PPL','2020-03-14 13:32:21'),(490,'ASEL','2020-11-08 06:33:05'),(490,'IFR','2021-06-30 23:01:41'),(491,'ASEL','2021-08-17 17:19:58'),(494,'PPL','2019-10-09 15:40:24'),(495,'PPL','2019-04-29 22:18:57'),(496,'PPL','2019-12-15 19:55:37'),(497,'ASEL','2021-04-22 01:57:17'),(498,'ASEL','2021-03-31 10:03:45'),(498,'PPL','2019-04-07 05:31:46'),(499,'AMEL','2021-03-08 05:47:17'),(499,'ASEL','2021-09-11 21:49:42'),(499,'ASES','2021-06-13 12:33:18'),(499,'PPL','2020-10-19 05:44:37'),(500,'ASEL','2021-09-28 10:48:55'),(500,'HP','2021-04-10 00:16:52');
/*!40000 ALTER TABLE `CustomerHasRating` ENABLE KEYS */;
UNLOCK TABLES;

--
-- Table structure for table `FlightPlan`
--

DROP TABLE IF EXISTS `FlightPlan`;
/*!40101 SET @saved_cs_client     = @@character_set_client */;
/*!50503 SET character_set_client = utf8mb4 */;
CREATE TABLE `FlightPlan` (
  `idFlightPlan` int NOT NULL,
  `departureAirport` varchar(45) DEFAULT NULL,
  `route` varchar(45) DEFAULT NULL,
  `arrivalAirport` varchar(45) DEFAULT NULL,
  PRIMARY KEY (`idFlightPlan`)
) ENGINE=InnoDB DEFAULT CHARSET=utf8mb4 COLLATE=utf8mb4_0900_ai_ci;
/*!40101 SET character_set_client = @saved_cs_client */;

--
-- Dumping data for table `FlightPlan`
--

LOCK TABLES `FlightPlan` WRITE;
/*!40000 ALTER TABLE `FlightPlan` DISABLE KEYS */;
INSERT INTO `FlightPlan` VALUES (1,'KPAE','KAWO','KPAE'),(2,'KPAE','KBLI','KPAE'),(3,'KPAE','KCLM','KPAE'),(4,'KPAE','KOLM','KPAE'),(5,'KPAE','KCLM KBLI','KPAE'),(6,'KPAE','KBLI KCLM','KPAE'),(7,'KPAE','','KPAE');
/*!40000 ALTER TABLE `FlightPlan` ENABLE KEYS */;
UNLOCK TABLES;

--
-- Table structure for table `Instructor`
--

DROP TABLE IF EXISTS `Instructor`;
/*!40101 SET @saved_cs_client     = @@character_set_client */;
/*!50503 SET character_set_client = utf8mb4 */;
CREATE TABLE `Instructor` (
  `idInstructor` int NOT NULL,
  `nameFirst` varchar(45) DEFAULT NULL,
  `nameLast` varchar(45) DEFAULT NULL,
  `rate` int DEFAULT NULL,
  `hoursFlownPrev24Hr` int DEFAULT NULL,
  `email` varchar(45) DEFAULT NULL,
  `phone` varchar(45) DEFAULT NULL,
  PRIMARY KEY (`idInstructor`),
  UNIQUE KEY `idInstructor_UNIQUE` (`idInstructor`)
) ENGINE=InnoDB DEFAULT CHARSET=utf8mb4 COLLATE=utf8mb4_0900_ai_ci;
/*!40101 SET character_set_client = @saved_cs_client */;

--
-- Dumping data for table `Instructor`
--

LOCK TABLES `Instructor` WRITE;
/*!40000 ALTER TABLE `Instructor` DISABLE KEYS */;
INSERT INTO `Instructor` VALUES (1,'Washington','Tirone',75,7,'wtirone0@nhs.uk','727-863-8832'),(2,'Marthena','Philott',60,8,'mphilott1@ovh.net','678-677-8480'),(3,'Philomena','Robshaw',67,6,'probshaw2@webeden.co.uk','326-570-7916'),(4,'Frieda','Chalfont',85,1,'fchalfont3@taobao.com','109-382-7660'),(5,'Derrek','Elderbrant',61,3,'delderbrant4@cafepress.com','297-917-9888'),(6,'Feliks','Verbruggen',92,1,'fverbruggen5@hc360.com','455-831-3236'),(7,'Misha','Camlin',65,4,'mcamlin6@bigcartel.com','133-291-4260'),(8,'Gris','Pawellek',99,2,'gpawellek7@mapquest.com',''),(9,'Faustina','Gianasi',90,4,'fgianasi8@ocn.ne.jp','985-803-7030'),(10,'Stormy','Bugbee',103,2,'sbugbee9@tamu.edu','708-641-3769'),(11,'Merrile','Kondratenya',99,2,'mkondratenyaa@wikispaces.com',''),(12,'Jasmin','Chin',74,2,'jchinb@github.com','482-852-1218'),(13,'Bondon','Scarborough',106,6,'bscarboroughc@clickbank.net','741-581-2376'),(14,'Ryann','Skeath',70,7,'rskeathd@pen.io','806-846-9769'),(15,'Bernadette','Surby',102,6,'bsurbye@lulu.com','594-385-4198'),(16,'Lowell','Shickle',95,6,'lshicklef@yellowbook.com','831-339-7791'),(17,'Reeva','Hewertson',65,3,'rhewertsong@admin.ch','353-676-6483'),(18,'Redford','Ogger',62,2,'roggerh@creativecommons.org','432-674-0907'),(19,'Mindy','Demicoli',85,7,'mdemicolii@yahoo.co.jp','268-299-4676'),(20,'Ferris','Holdin',68,2,'fholdinj@posterous.com','108-373-7976'),(21,'Willamina','Besemer',103,4,'wbesemerk@state.tx.us','730-643-1175'),(22,'Heidie','Yegorshin',95,1,'hyegorshinl@blogspot.com','811-267-7489'),(23,'Margery','O\'Dwyer',98,6,'modwyerm@nyu.edu','545-194-2041'),(24,'Keith','Wateridge',74,8,'kwateridgen@hud.gov','526-586-6264'),(25,'Jessalyn','Yegorov',83,8,'jyegorovo@simplemachines.org','808-158-8023'),(26,'Edward','Alldread',97,3,'ealldreadp@gmpg.org','773-331-3445'),(27,'Derron','Berzon',100,5,'dberzonq@google.es','842-927-9090'),(28,'Cly','Buzin',66,2,'cbuzinr@technorati.com','838-780-5964'),(29,'Jill','Mabbs',84,2,'jmabbss@marriott.com','306-853-1689'),(30,'Graig','Olenikov',103,8,'golenikovt@mysql.com','160-815-1143');
/*!40000 ALTER TABLE `Instructor` ENABLE KEYS */;
UNLOCK TABLES;

--
-- Table structure for table `InstructorHasRating`
--

DROP TABLE IF EXISTS `InstructorHasRating`;
/*!40101 SET @saved_cs_client     = @@character_set_client */;
/*!50503 SET character_set_client = utf8mb4 */;
CREATE TABLE `InstructorHasRating` (
  `idInstructor` int NOT NULL,
  `idRating` varchar(4) CHARACTER SET utf8 COLLATE utf8_general_ci NOT NULL,
  `dateObtained` varchar(45) DEFAULT NULL,
  PRIMARY KEY (`idInstructor`,`idRating`),
  KEY `fk_InstructorHasRating_Ratings1_idx` (`idRating`),
  CONSTRAINT `fk_InstructorHasRating_Instructor1` FOREIGN KEY (`idInstructor`) REFERENCES `Instructor` (`idInstructor`),
  CONSTRAINT `fk_InstructorHasRating_Ratings1` FOREIGN KEY (`idRating`) REFERENCES `Ratings` (`idRatings`)
) ENGINE=InnoDB DEFAULT CHARSET=utf8mb4 COLLATE=utf8mb4_0900_ai_ci;
/*!40101 SET character_set_client = @saved_cs_client */;

--
-- Dumping data for table `InstructorHasRating`
--

LOCK TABLES `InstructorHasRating` WRITE;
/*!40000 ALTER TABLE `InstructorHasRating` DISABLE KEYS */;
INSERT INTO `InstructorHasRating` VALUES (1,'ASEL','2020-11-12 16:21:05'),(1,'CFI','2020-11-12 16:21:05'),(1,'CPL','2020-08-24 19:21:33'),(1,'MEI','2021-06-05 00:49:48'),(1,'TW','2021-08-25 14:06:23'),(2,'ASEL','2020-11-12 19:23:52'),(2,'CFI','2020-11-12 19:23:52'),(2,'CPL','2020-10-16 07:18:56'),(2,'MEI','2021-08-14 12:18:00'),(2,'TW','2021-06-19 04:00:20'),(3,'ASEL','2020-12-09 05:16:44'),(3,'CFI','2020-12-09 05:16:44'),(3,'CFII','2021-09-04 05:38:44'),(3,'CPL','2020-08-08 04:29:05'),(3,'TW','2021-06-26 19:33:48'),(4,'ASEL','2020-12-02 00:15:08'),(4,'CFI','2020-12-02 00:15:08'),(4,'CPL','2020-09-12 07:21:19'),(4,'MEI','2021-06-15 20:48:28'),(4,'TW','2021-11-07 09:08:59'),(5,'ASEL','2021-02-02 08:15:51'),(5,'CFI','2021-02-02 08:15:51'),(5,'CPL','2020-09-27 04:37:16'),(5,'HP','2021-11-07 09:47:38'),(5,'TW','2021-09-29 12:10:33'),(6,'ASEL','2021-05-02 14:41:05'),(6,'CFI','2021-05-02 14:41:05'),(6,'CPL','2020-09-17 02:32:35'),(6,'HP','2021-09-27 00:33:05'),(6,'MEI','2021-10-18 08:05:32'),(7,'ASEL','2021-02-24 15:44:02'),(7,'CFI','2021-02-24 15:44:02'),(7,'CPL','2020-06-20 19:44:02'),(7,'HP','2021-09-27 18:05:18'),(7,'MEI','2021-06-12 10:50:48'),(8,'ASEL','2020-11-20 13:22:00'),(8,'CFI','2020-11-20 13:22:00'),(8,'CFII','2021-09-10 05:40:56'),(8,'CPL','2020-06-04 15:06:45'),(9,'ASEL','2021-04-04 22:26:14'),(9,'CFI','2021-04-04 22:26:14'),(9,'CPL','2020-06-19 14:24:59'),(9,'MEI','2021-07-22 21:40:12'),(9,'TW','2021-08-03 06:35:43'),(10,'ASEL','2021-05-29 17:40:30'),(10,'CFI','2021-05-29 17:40:30'),(10,'CPL','2020-09-27 14:15:41'),(10,'MEI','2021-08-13 08:33:57'),(10,'TW','2021-06-22 13:24:41'),(11,'ASEL','2020-12-09 02:58:42'),(11,'CFI','2020-12-09 02:58:42'),(11,'CPL','2020-07-02 23:44:08'),(11,'HP','2021-09-07 21:46:02'),(11,'TW','2021-07-23 02:48:42'),(12,'ASEL','2020-12-11 17:30:36'),(12,'CFI','2020-12-11 17:30:36'),(12,'CFII','2021-07-06 19:37:02'),(12,'CPL','2020-09-10 03:23:39'),(12,'TW','2021-06-23 11:20:28'),(13,'ASEL','2020-12-02 15:16:56'),(13,'CFI','2020-12-02 15:16:56'),(13,'CPL','2020-08-03 03:25:33'),(13,'HP','2021-09-13 05:50:34'),(13,'TW','2021-11-01 12:50:32'),(14,'ASEL','2021-02-06 13:41:26'),(14,'CFI','2021-02-06 13:41:26'),(14,'CFII','2021-06-19 13:10:48'),(14,'CPL','2020-09-06 10:28:17'),(14,'HP','2021-07-16 02:26:24'),(15,'ASEL','2021-03-12 18:08:23'),(15,'CFI','2021-03-12 18:08:23'),(15,'CPL','2020-08-19 09:38:38'),(15,'HP','2021-09-29 09:29:38'),(15,'TW','2021-07-14 21:27:13'),(16,'ASEL','2021-05-26 15:49:08'),(16,'CFI','2021-05-26 15:49:08'),(16,'CFII','2021-08-02 21:59:46'),(16,'CPL','2020-06-26 05:32:03'),(16,'MEI','2021-11-03 18:20:30'),(17,'ASEL','2020-12-07 14:32:21'),(17,'CFI','2020-12-07 14:32:21'),(17,'CFII','2021-07-22 16:44:15'),(17,'CPL','2020-08-29 20:25:55'),(17,'TW','2021-09-15 12:26:11'),(18,'ASEL','2021-01-05 19:22:40'),(18,'CFI','2021-01-05 19:22:40'),(18,'CPL','2020-08-10 16:23:53'),(18,'HP','2021-06-29 10:24:22'),(18,'TW','2021-07-05 04:34:11'),(19,'ASEL','2021-01-14 08:14:44'),(19,'CFI','2021-01-14 08:14:44'),(19,'CPL','2020-10-25 16:32:44'),(19,'MEI','2021-07-04 05:13:17'),(19,'TW','2021-09-26 18:54:29'),(20,'ASEL','2021-02-06 00:43:39'),(20,'CFI','2021-02-06 00:43:39'),(20,'CFII','2021-08-23 19:25:21'),(20,'CPL','2020-07-16 00:54:39'),(20,'HP','2021-07-08 12:10:40'),(21,'ASEL','2020-12-27 11:26:19'),(21,'CFI','2020-12-27 11:26:19'),(21,'CPL','2020-06-06 23:14:00'),(21,'HP','2021-10-20 23:28:31'),(22,'ASEL','2021-04-25 15:12:16'),(22,'CFI','2021-04-25 15:12:16'),(22,'CPL','2020-07-23 12:45:12'),(22,'HP','2021-09-27 04:17:32'),(23,'ASEL','2021-04-07 17:28:57'),(23,'CFI','2021-04-07 17:28:57'),(23,'CPL','2020-10-20 12:04:04'),(23,'TW','2021-10-02 04:47:11'),(24,'ASEL','2021-01-07 01:43:57'),(24,'CFI','2021-01-07 01:43:57'),(24,'CPL','2020-08-31 11:20:50'),(24,'TW','2021-06-07 17:15:59'),(25,'ASEL','2021-05-02 18:12:19'),(25,'CFI','2021-05-02 18:12:19'),(25,'CFII','2021-10-25 22:16:16'),(25,'CPL','2020-09-15 16:54:26'),(26,'ASEL','2020-11-23 12:00:49'),(26,'CFI','2020-11-23 12:00:49'),(26,'CPL','2020-06-18 00:59:52'),(26,'HP','2021-08-02 14:59:06'),(27,'ASEL','2020-11-14 07:24:41'),(27,'CFI','2020-11-14 07:24:41'),(27,'CPL','2020-07-23 01:49:16'),(27,'MEI','2021-07-06 11:13:19'),(28,'ASEL','2020-12-29 18:13:47'),(28,'CFI','2020-12-29 18:13:47'),(28,'CFII','2021-10-20 14:03:27'),(28,'CPL','2020-08-01 13:31:32'),(29,'ASEL','2021-01-21 15:12:16'),(29,'CFI','2021-01-21 15:12:16'),(29,'CFII','2021-07-08 16:19:13'),(29,'CPL','2020-10-21 10:06:01'),(30,'ASEL','2021-04-15 01:31:27'),(30,'CFI','2021-04-15 01:31:27'),(30,'CPL','2020-06-27 19:20:29'),(30,'HP','2021-09-23 22:16:03');
/*!40000 ALTER TABLE `InstructorHasRating` ENABLE KEYS */;
UNLOCK TABLES;

--
-- Table structure for table `Invoice`
--

DROP TABLE IF EXISTS `Invoice`;
/*!40101 SET @saved_cs_client     = @@character_set_client */;
/*!50503 SET character_set_client = utf8mb4 */;
CREATE TABLE `Invoice` (
  `idInvoice` int NOT NULL,
  `hoursBilledAircraft` int DEFAULT NULL,
  `hoursBilledInstructor` int DEFAULT NULL,
  `isPaid` tinyint DEFAULT NULL,
  `idPaymentMethod` int DEFAULT NULL,
  PRIMARY KEY (`idInvoice`),
  KEY `fk_Invoice_PaymentMethod1_idx` (`idPaymentMethod`),
  CONSTRAINT `fk_Invoice_PaymentMethod1` FOREIGN KEY (`idPaymentMethod`) REFERENCES `PaymentMethod` (`idPaymentMethod`)
) ENGINE=InnoDB DEFAULT CHARSET=utf8mb4 COLLATE=utf8mb4_0900_ai_ci;
/*!40101 SET character_set_client = @saved_cs_client */;

--
-- Dumping data for table `Invoice`
--

LOCK TABLES `Invoice` WRITE;
/*!40000 ALTER TABLE `Invoice` DISABLE KEYS */;
INSERT INTO `Invoice` VALUES (1,3,4,0,369),(2,2,2,1,882),(3,2,3,1,774),(4,2,4,0,55),(5,2,3,1,551),(6,3,1,0,7),(7,2,3,0,220),(8,3,4,1,215),(9,1,0,1,934),(10,3,3,1,559),(11,2,3,1,832),(12,2,1,0,943),(13,2,3,0,958),(14,3,4,0,276),(15,2,3,0,552),(16,2,1,1,575),(17,2,3,1,72),(18,3,2,0,917),(19,1,2,0,75),(20,1,0,0,743),(21,1,1,1,376),(22,2,3,0,802),(23,2,1,0,192),(24,3,0,0,601),(25,2,2,0,450),(26,2,3,1,811),(27,1,0,0,692),(28,1,1,0,426),(29,1,2,1,264),(30,1,3,0,483),(31,2,4,1,234),(32,2,0,0,488),(33,1,2,0,677),(34,3,2,0,836),(35,2,1,1,720),(36,1,1,0,108),(37,3,1,1,928),(38,2,0,0,827),(39,3,2,1,583),(40,3,1,1,293),(41,2,1,0,603),(42,3,1,0,470),(43,3,2,0,1000),(44,2,4,1,819),(45,2,1,1,977),(46,2,2,1,61),(47,2,1,0,916),(48,2,4,1,838),(49,1,2,1,336),(50,3,3,0,20),(51,2,4,0,58),(52,2,4,0,378),(53,3,1,1,302),(54,2,1,0,84),(55,2,3,0,546),(56,1,0,0,523),(57,3,4,1,389),(58,2,1,1,64),(59,2,2,0,450),(60,3,3,0,111),(61,2,1,1,360),(62,2,3,0,602),(63,2,3,0,763),(64,3,4,1,532),(65,3,2,1,835),(66,3,1,1,555),(67,3,2,0,678),(68,3,1,1,275),(69,3,1,0,234),(70,3,3,1,920),(71,3,4,0,970),(72,2,2,1,400),(73,3,3,0,115),(74,2,2,0,569),(75,2,0,1,324),(76,3,2,0,368),(77,3,3,0,752),(78,1,4,1,547),(79,1,2,1,836),(80,2,2,0,649),(81,1,2,1,916),(82,2,3,0,640),(83,3,4,1,6),(84,2,3,0,474),(85,2,1,0,796),(86,2,2,1,968),(87,1,3,0,457),(88,2,2,0,983),(89,3,3,1,570),(90,1,2,1,447),(91,3,2,0,618),(92,2,3,1,425),(93,3,1,0,956),(94,2,3,0,83),(95,1,2,1,501),(96,1,0,1,305),(97,2,4,0,543),(98,2,4,0,766),(99,1,1,1,803),(100,2,2,0,243),(101,1,3,0,298),(102,2,4,0,876),(103,3,4,1,805),(104,2,2,0,783),(105,2,4,1,230),(106,2,1,1,867),(107,1,0,0,97),(108,2,4,1,571),(109,2,0,1,361),(110,2,1,0,813),(111,2,2,0,697),(112,3,2,0,296),(113,2,2,0,55),(114,3,0,1,809),(115,2,2,1,30),(116,2,3,0,985),(117,2,3,0,91),(118,2,3,1,389),(119,2,3,0,177),(120,1,3,0,754),(121,1,4,1,162),(122,1,1,0,197),(123,2,4,1,8),(124,2,1,0,818),(125,1,2,1,424),(126,3,2,0,173),(127,2,2,0,785),(128,2,3,1,204),(129,1,1,0,415),(130,3,0,1,65),(131,2,3,1,452),(132,2,1,1,838),(133,1,3,1,694),(134,3,3,1,348),(135,2,3,1,641),(136,1,1,1,326),(137,2,3,0,70),(138,2,3,1,486),(139,1,2,1,355),(140,2,1,1,241),(141,3,4,1,950),(142,2,3,0,706),(143,3,0,1,659),(144,2,2,1,550),(145,2,3,0,142),(146,2,1,0,135),(147,2,2,1,38),(148,2,3,1,22),(149,3,1,1,50),(150,2,2,0,538),(151,3,1,1,929),(152,2,4,0,867),(153,1,0,0,106),(154,1,3,1,845),(155,3,2,1,272),(156,3,0,1,115),(157,3,3,1,342),(158,2,2,1,116),(159,2,2,1,883),(160,2,2,0,274),(161,1,3,0,587),(162,1,2,0,895),(163,1,1,0,959),(164,2,3,0,390),(165,2,3,0,728),(166,2,3,0,301),(167,3,4,0,957),(168,3,1,0,185),(169,1,2,1,253),(170,2,4,0,499),(171,2,1,0,391),(172,3,4,0,382),(173,1,1,0,288),(174,1,1,0,953),(175,3,0,1,384),(176,1,1,1,471),(177,2,1,1,470),(178,1,0,1,366),(179,3,1,1,319),(180,3,2,1,92),(181,1,2,0,725),(182,1,3,0,951),(183,1,2,0,301),(184,2,1,0,749),(185,2,1,0,396),(186,3,1,1,926),(187,2,0,0,559),(188,1,1,1,357),(189,1,3,0,5),(190,1,2,1,559),(191,2,0,0,81),(192,2,1,0,378),(193,2,1,0,793),(194,3,3,0,758),(195,3,2,0,91),(196,2,2,0,472),(197,2,1,1,588),(198,3,4,1,334),(199,2,3,1,142),(200,2,1,0,237),(201,3,0,1,673),(202,3,1,1,233),(203,2,1,0,753),(204,3,3,1,254),(205,2,0,0,345),(206,2,4,0,887),(207,3,0,1,456),(208,3,0,0,188),(209,2,3,1,964),(210,1,4,0,477),(211,3,3,0,412),(212,3,1,0,427),(213,1,1,1,761),(214,2,2,0,22),(215,2,2,1,767),(216,3,2,1,211),(217,3,2,1,572),(218,2,3,1,504),(219,3,1,1,968),(220,2,0,0,464),(221,3,3,1,437),(222,2,2,1,423),(223,2,1,0,153),(224,3,4,1,222),(225,2,1,0,777),(226,1,0,1,442),(227,3,0,1,398),(228,3,2,1,799),(229,2,2,0,921),(230,3,2,1,215),(231,2,4,0,566),(232,3,2,0,721),(233,2,2,0,51),(234,3,2,0,468),(235,2,3,1,982),(236,2,1,0,492),(237,3,4,0,301),(238,1,4,1,666),(239,3,1,1,167),(240,3,2,0,858),(241,3,3,1,269),(242,2,3,1,592),(243,2,1,1,94),(244,1,3,0,945),(245,2,2,1,967),(246,2,3,1,726),(247,2,0,1,257),(248,2,1,1,833),(249,2,3,0,786),(250,2,4,0,663),(251,3,3,0,378),(252,1,4,1,853),(253,2,1,1,912),(254,2,3,0,133),(255,2,1,0,90),(256,2,1,0,103),(257,1,3,1,187),(258,3,4,0,466),(259,2,2,1,720),(260,3,2,0,538),(261,1,1,1,692),(262,3,2,1,881),(263,2,2,1,711),(264,3,2,0,105),(265,2,1,0,541),(266,2,1,0,306),(267,1,1,0,584),(268,1,1,0,889),(269,3,3,0,447),(270,3,2,1,791),(271,3,3,0,353),(272,2,1,0,264),(273,2,1,0,549),(274,2,3,1,892),(275,2,2,1,836),(276,3,1,1,551),(277,3,3,0,203),(278,2,1,0,351),(279,1,3,0,777),(280,2,3,1,790),(281,2,0,1,832),(282,2,1,1,921),(283,2,3,0,707),(284,1,0,1,521),(285,1,3,0,840),(286,2,2,0,130),(287,1,4,0,557),(288,2,2,0,446),(289,1,0,0,271),(290,2,3,0,656),(291,3,3,0,41),(292,1,0,1,540),(293,2,0,1,894),(294,2,1,1,877),(295,2,0,1,399),(296,2,0,0,927),(297,2,3,0,316),(298,2,2,0,590),(299,1,3,0,745),(300,3,3,1,845),(301,3,1,1,388),(302,1,2,0,671),(303,1,0,1,171),(304,3,2,0,787),(305,3,3,0,771),(306,2,1,0,840),(307,1,2,1,507),(308,1,4,0,234),(309,2,2,0,553),(310,3,4,0,799),(311,3,0,0,426),(312,3,3,1,410),(313,2,3,1,564),(314,2,3,0,470),(315,1,4,1,22),(316,1,0,1,10),(317,2,0,1,838),(318,2,4,1,707),(319,2,1,0,530),(320,3,3,1,853),(321,3,2,0,62),(322,2,2,0,414),(323,2,0,0,806),(324,2,2,0,516),(325,2,1,0,750),(326,2,2,0,858),(327,2,2,1,6),(328,3,1,1,104),(329,2,1,0,856),(330,2,1,0,961),(331,2,1,0,103),(332,2,3,0,426),(333,1,2,0,811),(334,2,1,0,894),(335,1,4,0,673),(336,1,3,0,169),(337,1,2,0,108),(338,2,4,0,381),(339,1,4,0,874),(340,2,2,0,356),(341,3,2,1,457),(342,3,3,1,230),(343,2,2,1,224),(344,3,1,0,496),(345,2,2,0,987),(346,2,3,1,236),(347,2,4,1,825),(348,2,4,1,111),(349,1,0,0,993),(350,2,2,1,507),(351,1,2,1,233),(352,2,1,0,478),(353,2,1,1,826),(354,1,1,0,712),(355,2,1,0,899),(356,3,0,1,970),(357,1,3,0,506),(358,2,1,0,33),(359,2,3,0,523),(360,3,1,0,400),(361,1,3,1,369),(362,2,1,1,692),(363,2,2,1,106),(364,3,3,1,277),(365,1,4,0,12),(366,1,2,0,980),(367,2,4,1,842),(368,2,1,0,463),(369,2,2,0,495),(370,1,3,0,728),(371,2,1,1,99),(372,2,3,1,715),(373,1,3,1,884),(374,2,3,0,678),(375,2,0,1,73),(376,2,1,1,48),(377,3,0,0,624),(378,3,2,0,119),(379,1,1,1,481),(380,3,3,0,33),(381,2,0,0,381),(382,1,2,0,185),(383,2,4,1,528),(384,2,3,0,4),(385,2,1,1,353),(386,2,3,1,376),(387,2,2,1,367),(388,1,0,0,134),(389,1,3,1,549),(390,2,3,1,931),(391,3,4,1,130),(392,3,4,1,459),(393,3,3,1,566),(394,3,1,1,531),(395,2,3,1,454),(396,2,2,0,819),(397,3,3,1,676),(398,3,4,1,652),(399,2,2,0,147),(400,1,2,1,408),(401,3,2,0,850),(402,2,4,1,126),(403,1,0,1,1),(404,3,0,0,767),(405,2,3,0,675),(406,2,2,1,123),(407,2,2,0,214),(408,2,3,1,740),(409,3,3,0,830),(410,3,1,1,766),(411,2,2,1,702),(412,2,0,1,797),(413,2,3,0,964),(414,2,2,0,772),(415,2,2,1,512),(416,2,1,0,510),(417,2,4,0,644),(418,2,2,1,112),(419,3,2,0,880),(420,2,1,0,436),(421,1,1,0,665),(422,2,1,0,215),(423,2,3,0,513),(424,2,0,0,16),(425,2,0,0,36),(426,3,2,0,568),(427,1,1,0,295),(428,3,4,1,531),(429,2,1,0,58),(430,2,3,0,769),(431,2,1,1,652),(432,3,3,0,977),(433,1,4,1,930),(434,2,2,0,411),(435,2,1,0,385),(436,2,3,1,73),(437,1,2,0,780),(438,2,1,1,92),(439,2,1,1,280),(440,2,3,0,687),(441,2,2,1,234),(442,1,3,0,943),(443,2,4,0,422),(444,3,1,0,290),(445,3,3,0,407),(446,2,3,1,261),(447,1,3,1,212),(448,1,2,1,601),(449,3,3,0,291),(450,2,3,1,203),(451,2,3,0,427),(452,2,0,0,635),(453,2,0,1,190),(454,2,1,0,587),(455,1,2,0,49),(456,1,1,1,231),(457,1,1,0,630),(458,2,2,0,268),(459,1,1,1,765),(460,2,3,0,632),(461,2,1,0,526),(462,2,1,0,694),(463,1,1,0,621),(464,3,3,0,147),(465,3,3,0,706),(466,1,1,0,931),(467,3,1,1,491),(468,1,1,0,889),(469,2,3,1,252),(470,1,0,0,541),(471,2,3,1,458),(472,2,2,0,507),(473,1,3,0,748),(474,2,1,0,322),(475,2,3,0,868),(476,2,0,1,62),(477,2,0,1,441),(478,2,4,0,986),(479,1,2,1,264),(480,1,3,1,747),(481,3,4,1,445),(482,2,3,0,335),(483,3,4,1,647),(484,2,1,1,105),(485,2,4,0,223),(486,3,3,1,846),(487,3,1,1,119),(488,1,1,1,410),(489,2,2,1,169),(490,1,0,1,646),(491,1,3,1,187),(492,2,2,1,639),(493,1,1,0,955),(494,2,0,1,958),(495,1,3,1,618),(496,2,0,1,178),(497,1,3,1,884),(498,1,2,0,650),(499,1,1,1,12),(500,3,1,1,340),(501,1,4,1,303),(502,2,3,1,53),(503,2,2,0,836),(504,2,3,0,961),(505,2,2,0,575),(506,2,3,0,85),(507,2,4,1,835),(508,2,2,1,203),(509,2,2,1,879),(510,2,3,1,585),(511,2,2,1,199),(512,1,2,0,714),(513,2,2,0,75),(514,1,2,0,2),(515,2,4,0,782),(516,2,0,1,868),(517,2,1,1,133),(518,2,1,0,443),(519,2,0,1,474),(520,2,1,0,350),(521,3,2,1,72),(522,3,1,0,734),(523,3,2,1,625),(524,2,1,0,652),(525,2,3,1,581),(526,1,0,1,136),(527,2,0,1,803),(528,3,2,0,208),(529,2,4,0,939),(530,2,3,1,55),(531,3,3,0,968),(532,1,3,1,609),(533,3,2,0,612),(534,3,1,1,290),(535,3,3,1,772),(536,1,3,0,78),(537,1,3,1,985),(538,2,2,0,789),(539,1,1,1,234),(540,3,3,0,919),(541,3,2,1,465),(542,3,3,0,316),(543,2,4,0,745),(544,2,3,0,516),(545,1,4,1,405),(546,2,1,1,366),(547,1,2,1,651),(548,1,2,1,353),(549,2,0,1,501),(550,2,1,0,142),(551,1,2,0,499),(552,1,1,0,748),(553,1,3,1,655),(554,2,1,0,433),(555,2,2,1,942),(556,2,1,1,461),(557,2,2,1,80),(558,2,3,1,743),(559,2,1,0,835),(560,1,4,0,659),(561,2,1,0,961),(562,3,3,0,282),(563,2,1,0,709),(564,1,2,0,955),(565,3,4,1,526),(566,1,1,1,37),(567,2,2,0,955),(568,2,3,0,398),(569,3,2,0,684),(570,2,1,1,532),(571,1,1,0,53),(572,3,4,1,339),(573,2,4,0,638),(574,2,4,1,846),(575,2,1,1,605),(576,1,3,0,837),(577,1,2,1,413),(578,2,2,0,874),(579,3,4,0,791),(580,1,4,0,529),(581,3,0,1,79),(582,2,4,0,179),(583,3,3,0,633),(584,2,2,0,775),(585,3,3,1,597),(586,2,2,1,839),(587,3,2,1,853),(588,1,3,0,540),(589,3,3,1,443),(590,3,3,1,157),(591,1,3,0,541),(592,1,1,1,456),(593,3,1,1,35),(594,2,3,1,18),(595,1,1,0,242),(596,2,3,0,712),(597,3,3,0,797),(598,2,3,0,122),(599,2,3,1,348),(600,2,3,1,723),(601,2,1,1,86),(602,2,2,1,640),(603,1,1,0,303),(604,2,1,0,525),(605,2,0,0,821),(606,2,2,0,563),(607,2,1,1,275),(608,1,2,1,938),(609,3,3,0,183),(610,3,0,0,124),(611,1,1,0,748),(612,1,1,0,589),(613,3,1,0,31),(614,2,3,1,738),(615,3,0,0,159),(616,2,4,1,674),(617,2,4,0,386),(618,3,3,0,284),(619,2,2,1,121),(620,2,3,0,172),(621,3,3,1,962),(622,2,4,0,153),(623,2,2,0,892),(624,1,1,0,159),(625,2,2,1,517),(626,3,4,0,17),(627,1,3,1,385),(628,2,3,0,399),(629,1,1,1,216),(630,2,4,1,395),(631,2,3,0,662),(632,3,4,1,63),(633,2,3,0,382),(634,2,2,0,54),(635,2,0,1,179),(636,2,3,1,686),(637,2,2,0,616),(638,3,2,1,752),(639,2,3,0,918),(640,2,4,1,289),(641,1,2,1,563),(642,2,4,1,421),(643,2,1,1,191),(644,3,2,1,314),(645,2,1,0,544),(646,1,1,1,543),(647,2,2,0,270),(648,2,3,1,377),(649,2,0,1,877),(650,2,3,1,216),(651,2,1,0,154),(652,1,3,1,396),(653,2,3,1,464),(654,2,1,0,473),(655,2,2,1,226),(656,2,4,1,847),(657,2,4,1,623),(658,2,3,0,393),(659,2,2,1,572),(660,3,2,1,398),(661,3,2,1,271),(662,1,2,0,255),(663,3,1,0,532),(664,3,3,0,427),(665,2,2,0,969),(666,1,3,1,643),(667,2,2,0,342),(668,2,2,0,946),(669,2,0,0,507),(670,1,2,0,667),(671,2,0,1,769),(672,2,3,0,752),(673,2,3,1,252),(674,2,1,0,557),(675,3,2,0,924),(676,3,4,1,579),(677,3,4,1,746),(678,3,2,1,758),(679,2,1,0,538),(680,1,0,0,639),(681,2,0,0,749),(682,2,2,1,890),(683,2,0,1,760),(684,2,2,1,292),(685,2,3,1,932),(686,3,1,1,536),(687,3,0,0,83),(688,3,3,1,357),(689,3,4,1,274),(690,2,1,1,859),(691,2,1,0,703),(692,1,3,0,602),(693,2,3,0,465),(694,3,3,1,108),(695,2,1,1,104),(696,1,0,1,692),(697,2,1,1,600),(698,1,0,0,814),(699,3,1,0,195),(700,2,2,0,507),(701,1,4,1,263),(702,2,4,1,983),(703,2,2,1,820),(704,2,3,1,306),(705,2,3,0,854),(706,3,0,0,208),(707,2,3,0,612),(708,3,1,1,774),(709,3,4,1,125),(710,2,4,0,495),(711,2,2,0,511),(712,2,2,1,516),(713,2,2,0,666),(714,1,2,0,661),(715,1,1,0,463),(716,3,2,0,846),(717,3,1,0,333),(718,1,3,1,584),(719,2,2,0,256),(720,1,1,0,262),(721,3,1,1,932),(722,2,3,1,397),(723,2,0,1,817),(724,1,1,1,615),(725,2,3,1,18),(726,3,4,1,603),(727,1,3,0,461),(728,3,4,1,111),(729,2,4,0,977),(730,3,2,1,310),(731,1,1,0,340),(732,1,0,0,377),(733,3,1,1,925),(734,3,3,1,116),(735,2,4,0,993),(736,2,3,1,316),(737,2,2,1,661),(738,2,4,0,230),(739,2,3,0,139),(740,2,1,0,143),(741,1,1,0,462),(742,2,3,0,861),(743,1,1,0,668),(744,3,4,1,240),(745,2,1,0,481),(746,1,1,1,571),(747,1,0,1,634),(748,3,3,0,817),(749,3,0,1,371),(750,2,3,0,196),(751,2,2,1,579),(752,3,2,1,895),(753,1,3,0,662),(754,1,1,1,474),(755,1,1,1,989),(756,3,4,0,280),(757,2,4,0,304),(758,1,2,0,903),(759,2,3,0,591),(760,2,1,0,576),(761,2,3,1,55),(762,3,4,0,36),(763,1,3,0,176),(764,2,3,0,171),(765,3,4,0,478),(766,3,0,1,193),(767,2,4,1,623),(768,3,3,1,352),(769,3,2,1,520),(770,1,3,1,866),(771,1,1,1,116),(772,1,2,0,867),(773,3,1,1,833),(774,3,2,1,382),(775,2,1,0,376),(776,2,2,0,308),(777,3,1,0,911),(778,3,3,1,544),(779,2,4,0,918),(780,1,0,1,114),(781,2,4,1,216),(782,2,2,1,386),(783,2,1,1,667),(784,1,3,1,175),(785,1,0,0,329),(786,2,1,0,9),(787,2,1,0,64),(788,3,3,1,52),(789,2,3,1,898),(790,3,1,0,808),(791,2,2,1,343),(792,3,3,0,560),(793,1,2,0,110),(794,2,2,0,263),(795,1,3,1,574),(796,2,3,1,785),(797,2,2,1,291),(798,3,4,0,251),(799,2,3,0,387),(800,3,4,0,971),(801,1,0,1,510),(802,3,4,1,341),(803,2,2,1,474),(804,3,0,1,708),(805,2,3,1,648),(806,1,1,0,704),(807,2,3,0,103),(808,3,4,1,624),(809,3,2,1,872),(810,3,0,1,626),(811,2,3,1,59),(812,1,4,1,594),(813,2,0,1,853),(814,1,0,0,618),(815,2,2,1,269),(816,2,2,1,332),(817,1,2,0,270),(818,2,1,0,909),(819,3,0,0,780),(820,2,2,0,474),(821,1,3,0,760),(822,3,4,1,830),(823,2,3,1,96),(824,3,1,1,507),(825,2,2,0,281),(826,2,3,1,250),(827,1,0,1,961),(828,2,1,1,603),(829,1,3,0,347),(830,2,4,0,49),(831,3,2,1,640),(832,1,1,1,853),(833,1,3,1,724),(834,1,1,0,418),(835,3,1,1,728),(836,2,1,0,726),(837,3,3,1,834),(838,1,4,1,959),(839,2,4,0,397),(840,1,1,1,793),(841,2,1,0,548),(842,2,2,1,881),(843,3,4,0,608),(844,3,4,1,843),(845,1,4,0,348),(846,1,2,1,461),(847,2,2,1,416),(848,3,3,0,573),(849,2,3,1,275),(850,1,1,0,123),(851,3,4,1,184),(852,3,3,1,460),(853,3,0,1,438),(854,2,4,1,269),(855,1,0,1,558),(856,1,3,0,15),(857,1,3,1,785),(858,2,1,0,94),(859,3,2,0,29),(860,3,2,0,391),(861,2,3,1,873),(862,2,2,1,196),(863,2,0,0,117),(864,2,1,1,183),(865,1,2,0,568),(866,2,3,1,1),(867,2,4,1,310),(868,2,3,0,855),(869,2,3,1,258),(870,2,1,0,661),(871,2,4,1,187),(872,1,4,0,981),(873,1,3,0,350),(874,3,4,0,485),(875,2,0,0,654),(876,1,4,1,930),(877,2,3,1,548),(878,2,4,1,705),(879,3,4,1,976),(880,2,3,1,31),(881,2,1,0,630),(882,3,4,1,983),(883,2,3,0,133),(884,3,2,1,647),(885,1,3,1,495),(886,2,3,1,553),(887,1,3,1,785),(888,2,2,1,716),(889,3,2,0,517),(890,2,3,0,716),(891,1,4,0,134),(892,1,2,0,446),(893,2,4,0,38),(894,2,1,0,235),(895,2,0,0,598),(896,2,3,0,213),(897,2,2,0,512),(898,2,0,0,252),(899,2,3,1,524),(900,2,1,0,608),(901,3,3,0,38),(902,1,1,1,411),(903,1,1,0,433),(904,1,2,0,434),(905,2,1,1,337),(906,1,3,1,428),(907,3,3,1,857),(908,2,3,1,935),(909,2,1,0,141),(910,1,3,0,702),(911,3,0,0,281),(912,3,2,1,306),(913,3,4,0,652),(914,2,3,1,147),(915,2,2,1,228),(916,1,4,1,183),(917,3,1,1,334),(918,2,2,1,823),(919,1,1,1,825),(920,2,3,1,949),(921,1,2,1,68),(922,3,1,1,459),(923,3,3,0,362),(924,3,3,0,760),(925,2,3,0,870),(926,2,4,1,507),(927,3,4,1,764),(928,1,3,1,161),(929,3,3,1,92),(930,2,4,0,3),(931,2,2,0,463),(932,3,2,0,966),(933,1,1,0,640),(934,2,1,1,459),(935,3,2,1,190),(936,2,0,1,648),(937,1,3,1,472),(938,3,2,0,507),(939,3,2,0,623),(940,2,1,0,195),(941,1,4,1,212),(942,3,0,0,794),(943,2,2,0,867),(944,2,4,1,35),(945,2,1,0,245),(946,2,3,1,992),(947,1,1,1,956),(948,2,4,1,933),(949,2,2,1,820),(950,3,2,1,25),(951,3,3,1,565),(952,1,3,1,925),(953,1,2,1,816),(954,3,4,1,920),(955,2,2,1,706),(956,2,1,0,567),(957,3,1,1,385),(958,2,2,1,755),(959,3,3,1,580),(960,2,1,0,683),(961,2,1,0,599),(962,2,4,1,302),(963,1,2,0,420),(964,2,3,1,667),(965,3,0,1,910),(966,3,1,0,753),(967,3,3,1,847),(968,2,4,1,278),(969,2,3,0,702),(970,2,3,1,468),(971,3,3,0,600),(972,3,1,1,888),(973,3,4,1,978),(974,1,3,0,398),(975,3,3,1,81),(976,2,3,0,305),(977,2,1,1,510),(978,2,2,1,211),(979,3,3,1,38),(980,2,4,0,281),(981,2,3,1,504),(982,3,3,1,471),(983,3,2,1,364),(984,2,1,0,864),(985,3,2,0,185),(986,3,2,1,388),(987,1,1,1,38),(988,1,1,1,388),(989,2,2,1,379),(990,1,4,0,39),(991,1,2,1,117),(992,1,4,0,376),(993,3,0,0,942),(994,2,1,1,430),(995,3,3,1,122),(996,1,0,1,690),(997,2,4,0,583),(998,2,3,0,919),(999,1,4,0,39),(1000,2,2,1,163);
/*!40000 ALTER TABLE `Invoice` ENABLE KEYS */;
UNLOCK TABLES;

--
-- Table structure for table `Maintenance`
--

DROP TABLE IF EXISTS `Maintenance`;
/*!40101 SET @saved_cs_client     = @@character_set_client */;
/*!50503 SET character_set_client = utf8mb4 */;
CREATE TABLE `Maintenance` (
  `idMaintenance` int NOT NULL,
  `maintType` varchar(45) DEFAULT NULL,
  `idMechanic` int DEFAULT NULL,
  `idAircraft` varchar(6) CHARACTER SET utf8 COLLATE utf8_general_ci NOT NULL,
  `datePerformed` datetime DEFAULT NULL,
  PRIMARY KEY (`idMaintenance`,`idAircraft`),
  KEY `fk_Maintenance_Mechanic1_idx` (`idMechanic`),
  KEY `fk_Maintenance_Aircraft1_idx` (`idAircraft`),
  CONSTRAINT `fk_Maintenance_Aircraft1` FOREIGN KEY (`idAircraft`) REFERENCES `Aircraft` (`idAircraft`),
  CONSTRAINT `fk_Maintenance_Mechanic1` FOREIGN KEY (`idMechanic`) REFERENCES `Mechanic` (`idMechanic`)
) ENGINE=InnoDB DEFAULT CHARSET=utf8mb4 COLLATE=utf8mb4_0900_ai_ci;
/*!40101 SET character_set_client = @saved_cs_client */;

--
-- Dumping data for table `Maintenance`
--

LOCK TABLES `Maintenance` WRITE;
/*!40000 ALTER TABLE `Maintenance` DISABLE KEYS */;
INSERT INTO `Maintenance` VALUES (1,'seatbelt',1,'N8RPDP','2020-12-01 14:16:21'),(2,'radio 2',4,'NSD5K5','2021-05-05 09:25:53'),(3,'transponder',2,'NM0QTB','2021-09-16 03:41:32'),(4,'vor',2,'NM0QTB','2021-02-21 20:06:47'),(5,'transponder',5,'NRR7JR','2021-08-20 18:38:04'),(6,'altimeter',3,'NRR7JR','2021-08-30 16:47:39'),(7,'door',1,'N20DEH','2021-03-25 23:38:26'),(8,'door',2,'NU6AWN','2021-03-14 13:38:59'),(9,'door',1,'NENN6G','2021-06-18 01:02:25'),(10,'seatbelt',5,'N1N5KJ','2021-05-13 21:32:48'),(11,'landing gear',2,'NENN6G','2021-05-14 18:14:53'),(12,'radio 1',5,'N4OWLG','2021-06-04 13:00:25'),(13,'door',5,'N8RPDP','2020-11-27 19:37:58'),(14,'transponder',3,'N4OWLG','2021-07-14 21:26:42'),(15,'airspeed indicator',2,'NBTMP2','2021-04-07 01:14:25'),(16,'airspeed indicator',1,'NLDICM','2020-12-23 18:07:59'),(17,'radio 1',3,'NOS2I6','2021-07-30 18:19:39'),(18,'door',1,'N40CXE','2021-05-07 08:54:32'),(19,'transponder',2,'NEOI6B','2021-06-22 06:50:24'),(20,'altimeter',1,'N20DEH','2021-10-11 17:45:35'),(21,'radio 2',5,'N37ST1','2021-04-09 00:37:25'),(22,'door',2,'NEOI6B','2021-11-03 05:18:43'),(23,'radio 2',5,'NEOI6B','2021-08-17 17:42:21'),(24,'altimeter',1,'NNJY01','2021-04-27 22:44:23'),(25,'radio 1',5,'N1HZUV','2021-03-01 07:09:36'),(26,'landing gear',4,'NBTMP2','2021-10-29 06:11:58'),(27,'door',4,'NU6AWN','2021-03-02 03:02:24'),(28,'door',1,'NINIAP','2021-01-19 09:02:33'),(29,'vor',1,'N7766L','2020-11-22 04:51:01'),(30,'radio 2',5,'NVXK2F','2021-07-28 07:31:42'),(31,'door',3,'NGWZII','2021-02-17 05:57:51'),(32,'radio 1',2,'N6YA99','2021-05-23 02:04:36'),(33,'radio 1',1,'NJNFO1','2021-05-14 21:18:42'),(34,'radio 2',3,'N1HZUV','2020-12-27 07:27:10'),(35,'radio 1',4,'NINIAP','2020-11-12 07:16:52'),(36,'radio 1',4,'NM0QTB','2021-08-14 22:11:23'),(37,'radio 1',4,'NINIAP','2021-02-24 16:51:31'),(38,'altimeter',4,'NLDICM','2021-08-24 15:16:05'),(39,'transponder',2,'N37ST1','2021-09-16 07:30:06'),(40,'landing gear',1,'N8RPDP','2021-08-22 23:53:44'),(41,'transponder',2,'N1T9OI','2021-07-11 20:56:48'),(42,'radio 2',5,'N1HZUV','2021-07-28 19:38:50'),(43,'radio 1',3,'NFEP2M','2021-06-06 09:35:36'),(44,'radio 1',3,'NY1ZW6','2021-08-04 01:42:11'),(45,'transponder',5,'NVXK2F','2021-08-05 07:19:14'),(46,'radio 2',4,'NNJY01','2020-11-10 10:30:04'),(47,'vor',4,'N8RPDP','2021-06-06 06:35:25'),(48,'altimeter',5,'N23MNY','2021-02-13 18:27:38'),(49,'seatbelt',3,'NDHIAY','2021-03-09 09:08:38'),(50,'altimeter',3,'N4OWLG','2021-05-07 06:30:45'),(51,'landing gear',5,'NM2I79','2021-08-17 01:54:57'),(52,'vor',4,'N1HZUV','2021-11-07 13:41:51'),(53,'transponder',2,'N31P1F','2021-11-07 11:50:45'),(54,'transponder',3,'NFGLM2','2021-07-30 14:49:19'),(55,'radio 1',5,'NJPZW4','2021-06-11 17:59:49'),(56,'radio 2',5,'NM0QTB','2021-05-26 02:29:57'),(57,'radio 2',2,'NEZYPP','2020-11-08 00:23:54'),(58,'door',3,'NIAUT1','2020-11-20 15:46:17'),(59,'airspeed indicator',1,'NM2I79','2021-06-15 16:22:00'),(60,'door',3,'NSD5K5','2021-01-27 04:30:47'),(61,'transponder',4,'NENN6G','2021-02-19 06:04:43'),(62,'vor',5,'NFZ0BF','2021-02-17 01:19:26'),(63,'seatbelt',1,'NOS2I6','2020-11-29 12:22:00'),(64,'transponder',1,'N8FQT9','2021-05-26 20:17:45'),(65,'radio 2',2,'NFZ0BF','2020-11-22 18:44:06'),(66,'landing gear',5,'N20DEH','2021-10-01 04:07:21'),(67,'airspeed indicator',5,'N1N5KJ','2021-01-06 02:39:14'),(68,'airspeed indicator',1,'N1N5KJ','2021-02-15 10:31:14'),(69,'seatbelt',5,'NOBPOJ','2021-09-16 10:44:50'),(70,'radio 2',1,'N8RPDP','2020-11-23 11:38:26'),(71,'vor',5,'N551D1','2021-03-21 21:41:11'),(72,'radio 1',4,'N7766L','2020-12-18 04:27:30'),(73,'landing gear',5,'NOBPOJ','2021-08-26 14:33:32'),(74,'transponder',2,'NPWUYR','2021-07-22 09:36:57'),(75,'radio 2',3,'NWDT21','2021-05-17 02:40:44'),(76,'airspeed indicator',2,'NDHIAY','2021-08-27 20:49:16'),(77,'airspeed indicator',2,'N40CXE','2021-02-25 14:39:11'),(78,'vor',1,'NG6WNT','2021-03-15 01:09:53'),(79,'seatbelt',4,'NDHIAY','2021-07-23 06:10:57'),(80,'radio 1',2,'N4PX4U','2021-09-06 11:51:28'),(81,'door',5,'N0U2D4','2021-09-23 04:10:06'),(82,'airspeed indicator',5,'NEZYPP','2021-01-20 19:46:31'),(83,'airspeed indicator',5,'NEOI6B','2021-03-11 16:21:59'),(84,'airspeed indicator',5,'NY1ZW6','2021-01-23 18:16:34'),(85,'altimeter',2,'NPWUYR','2021-03-27 07:57:23'),(86,'seatbelt',3,'NM2I79','2021-09-08 03:40:58'),(87,'transponder',4,'NLDPPJ','2021-04-10 03:47:00'),(88,'airspeed indicator',1,'NOS2I6','2021-02-22 08:27:50'),(89,'airspeed indicator',2,'NJNFO1','2021-08-07 02:34:19'),(90,'vor',4,'N7766L','2021-02-02 02:46:54'),(91,'landing gear',4,'NVXK2F','2021-05-16 23:07:02'),(92,'vor',1,'NJNFO1','2021-05-06 23:12:32'),(93,'vor',1,'NSD5K5','2021-02-28 11:33:21'),(94,'airspeed indicator',4,'N6YA99','2020-12-19 00:12:59'),(95,'landing gear',4,'NFZ0BF','2021-05-17 16:32:01'),(96,'vor',1,'NEOI6B','2020-11-23 11:17:23'),(97,'vor',3,'N37KWD','2020-12-05 18:55:51'),(98,'landing gear',4,'NFGLM2','2021-04-02 02:50:28'),(99,'radio 2',5,'N4OWLG','2021-07-19 21:01:09'),(100,'radio 2',1,'N6YA99','2021-09-15 12:38:16'),(101,'landing gear',2,'NMHP07','2021-08-03 16:49:54'),(102,'seatbelt',2,'NM0QTB','2021-10-19 14:08:48'),(103,'transponder',4,'NRR7JR','2021-01-15 09:17:21'),(104,'door',2,'NEOI6B','2021-06-12 07:10:21'),(105,'landing gear',4,'NU6AWN','2021-02-02 02:30:51'),(106,'radio 2',2,'NRR7JR','2020-12-07 03:22:32'),(107,'radio 1',1,'N1N5KJ','2021-05-05 00:33:00'),(108,'vor',1,'N6YA99','2021-06-27 22:33:50'),(109,'seatbelt',4,'NEZYPP','2020-11-18 02:04:06'),(110,'radio 2',1,'NEZYPP','2021-09-04 04:22:05'),(111,'door',5,'NY1ZW6','2021-02-04 05:04:04'),(112,'radio 2',2,'N37KWD','2021-09-07 17:04:04'),(113,'landing gear',3,'NFZ0BF','2020-12-27 12:19:29'),(114,'landing gear',1,'NFEP2M','2021-10-13 08:21:08'),(115,'door',5,'N0U2D4','2020-11-15 20:49:03'),(116,'airspeed indicator',1,'NMHP07','2021-07-31 12:52:28'),(117,'radio 1',1,'N37ST1','2021-01-18 03:04:07'),(118,'landing gear',2,'NPWUYR','2021-07-13 17:30:20'),(119,'radio 2',3,'N4PX4U','2021-07-31 04:55:41'),(120,'radio 1',5,'NFZ0BF','2021-02-15 21:06:03'),(121,'radio 2',4,'NFZ0BF','2020-12-27 04:26:52'),(122,'landing gear',2,'NJNFO1','2021-01-18 11:09:53'),(123,'radio 2',2,'NENN6G','2021-05-03 15:18:30'),(124,'seatbelt',1,'N37ST1','2020-12-05 13:39:57'),(125,'radio 1',5,'N4PX4U','2021-05-24 05:17:04'),(126,'altimeter',1,'NFZ0BF','2021-09-21 08:57:45'),(127,'radio 2',4,'N0U2D4','2021-02-16 07:06:40'),(128,'landing gear',1,'N40CXE','2021-01-18 03:29:18'),(129,'radio 2',4,'NRR7JR','2021-03-12 02:43:32'),(130,'radio 1',5,'N7OPLR','2021-01-13 09:35:11'),(131,'door',1,'NWDT21','2021-08-02 11:59:42'),(132,'radio 1',1,'NINIAP','2021-10-16 04:06:04'),(133,'airspeed indicator',1,'NENN6G','2021-10-18 14:18:28'),(134,'vor',4,'N40CXE','2021-01-25 16:52:50'),(135,'radio 2',3,'N1T9OI','2021-05-17 13:59:41'),(136,'vor',4,'NQL9U3','2021-06-29 17:17:55'),(137,'airspeed indicator',1,'NOS2I6','2021-06-14 09:22:44'),(138,'landing gear',3,'NLDPPJ','2021-09-26 10:48:52'),(139,'seatbelt',4,'NU6AWN','2020-11-27 07:58:11'),(140,'transponder',1,'NPWUYR','2021-08-07 08:38:38'),(141,'airspeed indicator',2,'NJNFO1','2021-10-28 19:55:48'),(142,'transponder',3,'NM0QTB','2021-01-23 00:12:40'),(143,'radio 2',1,'N6YA99','2020-11-20 05:32:54'),(144,'seatbelt',2,'NNJY01','2021-06-13 01:00:43'),(145,'vor',5,'N23MNY','2021-06-08 19:44:08'),(146,'door',4,'NQL9U3','2021-07-06 00:37:58'),(147,'airspeed indicator',3,'NFZ0BF','2021-04-23 00:19:54'),(148,'altimeter',3,'NENN6G','2020-11-08 07:48:21'),(149,'vor',1,'NWDT21','2021-07-10 14:57:33'),(150,'altimeter',4,'N1T9OI','2021-10-28 07:58:35'),(151,'vor',2,'NFEP2M','2021-04-21 14:13:52'),(152,'airspeed indicator',5,'N1N5KJ','2021-07-21 16:56:27'),(153,'landing gear',1,'NJNFO1','2021-08-30 22:44:52'),(154,'vor',2,'NM2I79','2021-09-16 17:09:43'),(155,'seatbelt',5,'NPWUYR','2021-02-11 10:15:24'),(156,'seatbelt',3,'NFGLM2','2021-03-04 15:11:42'),(157,'altimeter',5,'NDHIAY','2021-05-07 11:49:32'),(158,'door',4,'N4OWLG','2021-01-14 10:54:15'),(159,'transponder',2,'NJNFO1','2021-05-07 14:15:01'),(160,'transponder',3,'NMHP07','2020-12-24 04:55:48'),(161,'landing gear',4,'NEZYPP','2021-01-26 21:24:29'),(162,'transponder',3,'NEOI6B','2021-10-27 08:32:45'),(163,'airspeed indicator',1,'N8RPDP','2021-01-02 08:47:02'),(164,'radio 1',3,'N37KWD','2020-11-20 09:23:36'),(165,'seatbelt',1,'NEOI6B','2021-10-24 06:18:58'),(166,'transponder',4,'NY1ZW6','2020-12-21 21:23:57'),(167,'radio 2',2,'N8FQT9','2020-11-13 07:46:49'),(168,'altimeter',5,'N551D1','2020-12-27 14:24:10'),(169,'radio 2',1,'N37KWD','2021-06-24 08:32:59'),(170,'landing gear',3,'N37KWD','2021-05-15 22:45:10'),(171,'door',2,'NFEP2M','2021-04-12 17:45:46'),(172,'transponder',2,'N40CXE','2021-04-23 21:03:15'),(173,'radio 2',2,'NM2I79','2021-10-29 16:27:07'),(174,'seatbelt',1,'NM0QTB','2021-06-19 02:02:11'),(175,'transponder',5,'NSD5K5','2021-09-19 01:27:18'),(176,'door',1,'NINIAP','2021-04-28 05:13:00'),(177,'seatbelt',2,'N7766L','2020-11-25 06:27:43'),(178,'vor',3,'NFEP2M','2021-10-19 20:34:24'),(179,'seatbelt',3,'N7766L','2020-12-16 15:58:51'),(180,'altimeter',1,'NIAUT1','2021-02-24 19:33:36'),(181,'transponder',2,'N5B5TX','2021-10-01 02:59:14'),(182,'airspeed indicator',4,'NJPZW4','2021-08-27 15:06:24'),(183,'transponder',5,'NJPZW4','2021-06-16 02:47:56'),(184,'radio 1',3,'NM0QTB','2021-03-24 21:42:03'),(185,'door',1,'NRR7JR','2021-04-18 07:40:15'),(186,'airspeed indicator',3,'N20DEH','2021-07-24 17:43:59'),(187,'airspeed indicator',3,'NVXK2F','2020-11-28 14:18:03'),(188,'radio 2',5,'NJPZW4','2021-05-31 16:58:19'),(189,'seatbelt',5,'NG6WNT','2021-08-11 23:16:07'),(190,'radio 2',2,'N4OWLG','2021-05-26 09:57:56'),(191,'radio 2',3,'NSD5K5','2021-08-11 15:04:46'),(192,'transponder',3,'NPWUYR','2021-04-21 01:13:54'),(193,'door',2,'NSD5K5','2021-04-02 06:46:26'),(194,'seatbelt',1,'N7OPLR','2021-10-17 10:19:26'),(195,'door',1,'NLDPPJ','2020-11-11 01:10:03'),(196,'radio 2',2,'NPWUYR','2021-09-07 20:15:26'),(197,'door',1,'NU6AWN','2021-07-14 04:27:22'),(198,'door',5,'N4PX4U','2021-09-26 02:26:25'),(199,'vor',4,'N40CXE','2021-08-09 10:35:29'),(200,'door',3,'NEOI6B','2021-05-06 05:55:06'),(201,'vor',1,'N1HZUV','2021-02-17 23:14:37'),(202,'door',4,'NM0QTB','2021-11-07 15:41:10'),(203,'vor',1,'NFEP2M','2021-05-07 10:30:33'),(204,'radio 2',2,'NRR7JR','2021-10-03 20:16:02'),(205,'radio 2',5,'N8FQT9','2021-10-01 04:32:37'),(206,'radio 2',3,'N20DEH','2021-07-19 22:03:55'),(207,'radio 2',3,'NPWUYR','2021-09-09 12:44:13'),(208,'altimeter',3,'N1N5KJ','2021-02-15 18:35:20'),(209,'landing gear',1,'NEOI6B','2021-06-01 16:50:19'),(210,'door',5,'NU6AWN','2021-04-07 18:24:59'),(211,'altimeter',3,'NU6AWN','2021-04-27 03:11:04'),(212,'seatbelt',2,'NGWZII','2021-09-05 11:43:06'),(213,'radio 2',3,'NGWZII','2021-04-19 10:29:22'),(214,'vor',5,'NM2I79','2021-10-31 15:08:18'),(215,'altimeter',4,'NSD5K5','2021-08-19 07:58:27'),(216,'transponder',5,'NM2I79','2021-09-07 01:15:10'),(217,'radio 1',1,'N1T9OI','2021-09-25 12:18:27'),(218,'airspeed indicator',2,'N37ST1','2021-05-15 11:42:47'),(219,'radio 2',2,'N40CXE','2021-04-12 11:58:40'),(220,'airspeed indicator',3,'NBTMP2','2021-09-07 14:06:55'),(221,'transponder',3,'NPWUYR','2021-05-01 21:43:24'),(222,'radio 1',3,'N7766L','2021-02-11 02:39:09'),(223,'door',4,'N8RPDP','2021-07-22 07:56:47'),(224,'altimeter',3,'NQL9U3','2021-02-05 10:04:31'),(225,'altimeter',4,'NIAUT1','2020-12-15 14:11:15'),(226,'altimeter',3,'NDHIAY','2021-08-30 11:02:55'),(227,'seatbelt',4,'N551D1','2021-01-13 01:28:59'),(228,'door',4,'NJNFO1','2021-01-18 09:47:24'),(229,'transponder',1,'N551D1','2021-08-25 21:29:31'),(230,'radio 1',2,'NX5QFY','2021-01-11 16:55:18'),(231,'airspeed indicator',1,'N551D1','2020-11-20 11:51:39'),(232,'airspeed indicator',5,'N551D1','2020-11-16 13:38:21'),(233,'door',3,'NPWUYR','2021-07-13 07:27:22'),(234,'radio 1',2,'NFGLM2','2021-06-19 08:20:56'),(235,'door',5,'NOBPOJ','2021-07-29 03:38:30'),(236,'airspeed indicator',3,'N1N5KJ','2021-10-27 13:44:13'),(237,'door',3,'N8FQT9','2021-09-14 03:14:26'),(238,'door',4,'NLDPPJ','2021-06-03 22:36:20'),(239,'altimeter',2,'NGWZII','2021-05-12 14:10:17'),(240,'seatbelt',3,'NFEP2M','2021-07-21 13:46:30'),(241,'vor',5,'NIAUT1','2021-02-25 08:12:11'),(242,'door',3,'NBTMP2','2021-02-26 17:03:00'),(243,'airspeed indicator',4,'NWDT21','2021-01-16 21:20:36'),(244,'airspeed indicator',5,'N1T9OI','2021-04-13 07:18:18'),(245,'transponder',3,'NGWZII','2020-12-25 00:04:45'),(246,'vor',1,'N4OWLG','2021-02-19 20:07:36'),(247,'seatbelt',2,'NX5QFY','2021-07-22 16:36:36'),(248,'altimeter',4,'NEOI6B','2021-04-04 22:23:04'),(249,'radio 2',2,'N8RPDP','2021-07-27 04:22:14'),(250,'altimeter',4,'N7766L','2021-01-13 01:55:45'),(251,'door',1,'NPWUYR','2021-10-21 08:13:56'),(252,'seatbelt',4,'N6YA99','2021-05-03 19:10:54'),(253,'landing gear',5,'NFEP2M','2021-04-23 02:39:36'),(254,'radio 2',1,'NJPZW4','2021-05-11 17:18:47'),(255,'vor',5,'NENN6G','2021-09-18 06:58:29'),(256,'seatbelt',5,'NOBPOJ','2021-07-19 04:40:24'),(257,'radio 1',3,'N4OWLG','2020-12-04 22:04:20'),(258,'altimeter',4,'N4PX4U','2021-05-12 15:16:10'),(259,'altimeter',3,'NSD5K5','2021-09-11 16:14:56'),(260,'door',1,'NQL9U3','2021-07-29 16:05:51'),(261,'vor',2,'NM2I79','2021-02-25 18:54:31'),(262,'vor',5,'NENN6G','2021-09-01 00:18:37'),(263,'vor',1,'N40CXE','2021-10-10 05:01:59'),(264,'vor',2,'NLDPPJ','2021-02-17 17:44:50'),(265,'vor',4,'N37ST1','2021-07-15 10:29:26'),(266,'vor',4,'NWDT21','2021-10-30 03:51:08'),(267,'altimeter',4,'NVXK2F','2021-07-29 22:48:56'),(268,'altimeter',5,'N1T9OI','2021-07-18 09:32:16'),(269,'seatbelt',5,'NJPZW4','2021-10-27 11:52:16'),(270,'airspeed indicator',3,'NFZ0BF','2021-06-21 17:37:30'),(271,'landing gear',5,'NPWUYR','2021-03-21 06:03:02'),(272,'door',2,'NFZ0BF','2021-07-04 18:18:05'),(273,'seatbelt',4,'NY1ZW6','2021-10-01 20:22:58'),(274,'airspeed indicator',4,'NLDICM','2021-01-31 09:35:55'),(275,'landing gear',4,'NRR7JR','2020-11-09 16:40:33'),(276,'seatbelt',1,'NSD5K5','2021-10-09 21:35:20'),(277,'altimeter',1,'NEOI6B','2021-01-30 15:30:14'),(278,'seatbelt',4,'NM0QTB','2021-03-25 16:00:26'),(279,'transponder',5,'N8FQT9','2021-06-09 07:45:18'),(280,'radio 1',3,'N40CXE','2021-07-29 07:08:05'),(281,'door',3,'NEOI6B','2021-09-30 14:56:59'),(282,'transponder',3,'NVXK2F','2021-05-07 06:47:43'),(283,'radio 1',3,'NBTMP2','2021-07-28 01:03:07'),(284,'airspeed indicator',2,'NDHIAY','2020-12-19 04:09:17'),(285,'radio 1',3,'N1HZUV','2021-07-12 06:51:08'),(286,'radio 2',2,'N20DEH','2021-06-20 11:26:49'),(287,'altimeter',3,'NGWZII','2021-05-09 15:24:37'),(288,'transponder',1,'NPWUYR','2021-10-02 02:21:49'),(289,'airspeed indicator',1,'N7766L','2021-01-13 17:29:36'),(290,'radio 2',3,'N1T9OI','2020-11-15 04:33:15'),(291,'radio 1',2,'NX5QFY','2020-12-06 21:10:41'),(292,'radio 1',5,'NPWUYR','2021-03-17 07:02:04'),(293,'vor',2,'NENN6G','2021-04-15 09:49:55'),(294,'radio 2',2,'N1N5KJ','2020-12-18 06:35:38'),(295,'transponder',1,'N20DEH','2021-06-12 10:58:53'),(296,'altimeter',2,'NFEP2M','2021-08-09 19:16:27'),(297,'transponder',2,'NFEP2M','2021-04-01 17:43:55'),(298,'transponder',5,'NOBPOJ','2021-08-02 16:05:07'),(299,'radio 2',4,'N5B5TX','2021-01-30 23:42:49'),(300,'door',3,'N8FQT9','2020-11-20 16:08:11'),(301,'door',3,'NSD5K5','2021-06-11 01:43:31'),(302,'vor',5,'NWDT21','2020-11-12 05:05:53'),(303,'seatbelt',2,'N37ST1','2021-01-04 01:06:08'),(304,'radio 1',1,'NFZ0BF','2021-07-23 10:52:32'),(305,'transponder',2,'NFZ0BF','2021-07-30 22:15:49'),(306,'landing gear',4,'NOS2I6','2021-04-13 05:12:16'),(307,'radio 2',3,'NMHP07','2021-05-27 01:26:50'),(308,'seatbelt',3,'NFZ0BF','2021-10-15 02:48:53'),(309,'radio 2',2,'NFGLM2','2021-08-15 09:32:59'),(310,'airspeed indicator',3,'NLDICM','2021-09-24 00:01:19'),(311,'landing gear',3,'N31P1F','2021-01-07 15:15:36'),(312,'airspeed indicator',5,'NEZYPP','2021-01-13 00:08:23'),(313,'landing gear',3,'NLDPPJ','2021-02-14 13:55:12'),(314,'seatbelt',3,'N31P1F','2021-02-04 02:16:17'),(315,'seatbelt',4,'NOBPOJ','2021-11-02 14:11:49'),(316,'transponder',5,'NFEP2M','2021-05-16 21:10:25'),(317,'seatbelt',4,'NM2I79','2021-07-08 17:43:24'),(318,'airspeed indicator',3,'N1N5KJ','2021-09-12 00:31:05'),(319,'landing gear',2,'NX5QFY','2021-04-22 21:33:50'),(320,'radio 2',3,'NY1ZW6','2021-01-03 14:41:20'),(321,'seatbelt',1,'N1HZUV','2021-07-05 01:59:32'),(322,'transponder',3,'N5B5TX','2021-05-28 02:59:40'),(323,'radio 2',4,'NWDT21','2021-09-09 12:31:07'),(324,'door',1,'NQL9U3','2020-12-06 10:58:05'),(325,'radio 1',2,'N8RPDP','2021-08-27 22:11:13'),(326,'seatbelt',1,'NX5QFY','2021-10-23 08:23:50'),(327,'airspeed indicator',5,'NFEP2M','2021-07-22 10:37:34'),(328,'seatbelt',2,'NNJY01','2021-09-07 21:31:17'),(329,'airspeed indicator',4,'NJPZW4','2020-11-30 08:34:32'),(330,'altimeter',2,'NNJY01','2021-10-14 02:31:12'),(331,'radio 1',5,'NJPZW4','2021-05-15 09:07:35'),(332,'airspeed indicator',3,'NJPZW4','2021-07-30 07:57:38'),(333,'vor',1,'NLDPPJ','2021-04-11 13:52:54'),(334,'airspeed indicator',2,'N37ST1','2021-01-08 15:09:25'),(335,'vor',1,'N40CXE','2021-05-18 03:04:44'),(336,'vor',1,'NFGLM2','2021-04-19 11:32:22'),(337,'radio 2',5,'N0U2D4','2021-01-10 15:24:21'),(338,'radio 1',5,'N23MNY','2020-11-08 09:27:54'),(339,'seatbelt',3,'NFEP2M','2021-02-14 02:58:19'),(340,'airspeed indicator',3,'NM0QTB','2021-02-05 22:59:32'),(341,'radio 2',1,'NIAUT1','2021-06-21 03:36:53'),(342,'seatbelt',1,'N7OPLR','2021-04-29 00:34:22'),(343,'altimeter',1,'NMHP07','2021-07-02 15:29:19'),(344,'door',3,'N37ST1','2021-09-27 16:55:13'),(345,'radio 1',5,'NMHP07','2021-07-26 11:03:33'),(346,'radio 1',1,'N1HZUV','2021-03-11 11:05:20'),(347,'transponder',1,'N37KWD','2021-03-02 03:46:38'),(348,'landing gear',3,'N8RPDP','2021-11-03 18:49:55'),(349,'landing gear',2,'N0U2D4','2021-03-05 01:58:50'),(350,'seatbelt',1,'NM2I79','2021-01-23 16:16:15'),(351,'airspeed indicator',2,'NQL9U3','2021-05-07 00:01:10'),(352,'altimeter',5,'NVXK2F','2021-09-15 08:45:00'),(353,'radio 1',4,'N1N5KJ','2020-12-19 23:40:48'),(354,'radio 1',1,'NJPZW4','2020-12-28 00:23:24'),(355,'transponder',3,'N31P1F','2021-09-20 12:56:39'),(356,'seatbelt',2,'NEOI6B','2021-05-10 01:05:49'),(357,'vor',5,'N1T9OI','2021-06-20 17:19:24'),(358,'radio 1',1,'N37ST1','2021-05-02 21:19:18'),(359,'door',3,'NRR7JR','2021-06-28 01:59:12'),(360,'altimeter',1,'NX5QFY','2021-11-07 08:31:13'),(361,'seatbelt',4,'N0U2D4','2021-02-09 10:18:47'),(362,'radio 1',3,'N8RPDP','2021-04-11 17:18:30'),(363,'vor',4,'NQL9U3','2021-10-12 06:39:04'),(364,'airspeed indicator',1,'NJNFO1','2020-12-31 18:31:45'),(365,'seatbelt',1,'NFEP2M','2021-11-03 15:17:19'),(366,'radio 1',4,'NX5QFY','2021-01-31 19:55:26'),(367,'airspeed indicator',4,'NSD5K5','2020-12-01 05:47:19'),(368,'vor',2,'NRR7JR','2021-05-21 07:48:49'),(369,'vor',4,'NQL9U3','2020-12-04 03:24:32'),(370,'radio 2',2,'NIAUT1','2021-07-11 03:04:27'),(371,'transponder',3,'N4PX4U','2021-03-07 05:32:45'),(372,'airspeed indicator',5,'NM0QTB','2021-06-30 15:17:59'),(373,'vor',5,'NEOI6B','2020-11-29 13:26:48'),(374,'airspeed indicator',1,'NOBPOJ','2021-01-31 08:03:46'),(375,'airspeed indicator',4,'N31P1F','2021-09-20 03:57:45'),(376,'transponder',3,'NG6WNT','2021-01-28 14:37:50'),(377,'vor',5,'NBTMP2','2021-08-04 11:29:49'),(378,'vor',4,'N23MNY','2021-06-02 01:39:43'),(379,'transponder',5,'N31P1F','2021-02-15 08:36:47'),(380,'transponder',3,'NOS2I6','2021-03-09 16:07:12'),(381,'transponder',4,'NJPZW4','2021-05-07 18:31:10'),(382,'transponder',1,'N8RPDP','2021-06-14 04:21:23'),(383,'radio 2',3,'NINIAP','2021-02-10 10:17:32'),(384,'radio 1',2,'NEZYPP','2021-07-23 09:39:18'),(385,'vor',2,'N37ST1','2021-09-11 19:46:42'),(386,'landing gear',4,'N8FQT9','2021-09-16 05:25:06'),(387,'door',4,'NGWZII','2021-01-22 22:18:32'),(388,'altimeter',4,'NSD5K5','2021-03-01 05:15:52'),(389,'radio 1',2,'NJNFO1','2021-01-21 18:18:30'),(390,'transponder',2,'N1T9OI','2021-07-08 09:50:00'),(391,'vor',4,'N40CXE','2020-12-01 16:34:29'),(392,'altimeter',3,'NM2I79','2021-09-23 22:29:40'),(393,'seatbelt',4,'N37ST1','2021-05-10 05:08:59'),(394,'seatbelt',4,'NSD5K5','2021-05-09 23:58:32'),(395,'transponder',3,'N23MNY','2021-07-26 21:23:14'),(396,'airspeed indicator',2,'NNJY01','2021-04-11 05:13:17'),(397,'seatbelt',2,'NVXK2F','2021-05-05 09:23:03'),(398,'vor',5,'N7OPLR','2020-11-24 07:39:12'),(399,'seatbelt',3,'N1N5KJ','2021-03-30 06:29:56'),(400,'landing gear',3,'N4OWLG','2021-09-12 06:20:55'),(401,'door',3,'NFEP2M','2021-02-23 06:24:50'),(402,'transponder',1,'NM0QTB','2021-01-23 08:58:10'),(403,'radio 1',1,'NOBPOJ','2021-07-05 03:55:32'),(404,'radio 1',2,'NFZ0BF','2021-09-06 13:09:26'),(405,'vor',5,'NFZ0BF','2020-12-22 07:10:56'),(406,'altimeter',2,'N31P1F','2021-01-09 23:49:02'),(407,'radio 2',2,'NIAUT1','2021-10-02 02:57:59'),(408,'airspeed indicator',2,'NG6WNT','2021-06-02 00:50:00'),(409,'seatbelt',2,'N8RPDP','2021-04-25 12:28:04'),(410,'seatbelt',5,'NG6WNT','2020-11-11 09:23:41'),(411,'radio 2',1,'NSD5K5','2021-05-30 02:20:20'),(412,'radio 2',3,'NX5QFY','2021-02-23 03:11:09'),(413,'airspeed indicator',2,'N6YA99','2021-04-12 16:18:04'),(414,'vor',5,'NINIAP','2021-01-19 13:10:12'),(415,'vor',3,'NLDICM','2021-03-03 13:53:34'),(416,'transponder',5,'NQL9U3','2021-02-09 16:45:44'),(417,'radio 2',1,'NSD5K5','2020-11-28 01:22:32'),(418,'transponder',4,'NEZYPP','2020-11-25 16:27:57'),(419,'radio 1',3,'NWDT21','2021-01-25 19:56:06'),(420,'landing gear',3,'NEZYPP','2021-05-02 01:07:05'),(421,'transponder',2,'NBTMP2','2021-09-04 19:37:39'),(422,'door',2,'NRR7JR','2021-07-15 19:30:19'),(423,'transponder',5,'NOBPOJ','2021-08-29 09:23:47'),(424,'radio 2',2,'NVXK2F','2021-08-16 01:01:53'),(425,'radio 1',2,'NLDICM','2021-07-13 18:45:05'),(426,'seatbelt',2,'NMHP07','2021-01-18 05:33:49'),(427,'transponder',1,'NG6WNT','2021-09-18 15:36:02'),(428,'seatbelt',2,'NEZYPP','2021-06-28 03:19:06'),(429,'seatbelt',3,'N6YA99','2021-04-07 19:29:48'),(430,'radio 2',1,'NEOI6B','2021-07-13 05:47:13'),(431,'radio 1',2,'NY1ZW6','2021-05-23 15:41:13'),(432,'door',2,'NWDT21','2021-07-10 04:18:03'),(433,'seatbelt',2,'NJNFO1','2021-09-18 22:31:25'),(434,'landing gear',2,'NINIAP','2021-07-16 16:24:09'),(435,'vor',3,'NENN6G','2021-06-12 07:11:50'),(436,'landing gear',5,'NG6WNT','2021-09-04 08:42:32'),(437,'vor',4,'NJPZW4','2021-08-11 18:33:15'),(438,'altimeter',4,'NLDPPJ','2021-05-03 14:28:15'),(439,'vor',2,'NINIAP','2020-12-17 21:34:19'),(440,'landing gear',4,'NM2I79','2021-04-22 07:56:11'),(441,'landing gear',2,'N551D1','2020-12-28 22:21:17'),(442,'vor',4,'N37KWD','2020-11-26 06:07:45'),(443,'door',2,'N5B5TX','2020-11-19 15:03:36'),(444,'airspeed indicator',3,'NIAUT1','2021-08-02 18:49:49'),(445,'seatbelt',2,'NJNFO1','2021-04-07 05:35:43'),(446,'door',2,'N1HZUV','2021-02-24 05:30:00'),(447,'airspeed indicator',3,'N7766L','2021-02-03 11:39:54'),(448,'transponder',2,'NNJY01','2021-05-02 12:26:03'),(449,'vor',1,'NY1ZW6','2021-10-04 01:22:38'),(450,'altimeter',1,'N4OWLG','2021-03-25 07:08:55'),(451,'seatbelt',5,'N4OWLG','2021-10-04 02:07:11'),(452,'altimeter',5,'NEZYPP','2021-10-30 01:36:02'),(453,'airspeed indicator',4,'NENN6G','2021-02-11 16:06:21'),(454,'door',3,'NNJY01','2021-05-08 06:38:44'),(455,'door',3,'N0U2D4','2020-12-12 12:22:41'),(456,'radio 1',3,'NINIAP','2021-02-25 09:54:24'),(457,'door',1,'NJNFO1','2021-01-25 15:11:46'),(458,'radio 1',1,'N6YA99','2021-10-15 10:08:54'),(459,'door',3,'NFGLM2','2021-06-12 23:31:55'),(460,'seatbelt',2,'NOBPOJ','2021-01-12 07:23:23'),(461,'radio 1',1,'N0U2D4','2021-09-06 01:52:51'),(462,'altimeter',2,'NSD5K5','2021-01-20 09:53:19'),(463,'seatbelt',1,'NX5QFY','2020-11-26 04:24:20'),(464,'landing gear',3,'N37KWD','2020-12-18 12:13:14'),(465,'radio 2',3,'NJNFO1','2021-10-08 08:52:18'),(466,'door',3,'N23MNY','2021-10-01 02:07:43'),(467,'radio 2',2,'N551D1','2021-02-24 04:39:37'),(468,'altimeter',3,'NSD5K5','2021-07-27 18:02:24'),(469,'radio 1',2,'NFEP2M','2020-12-17 12:02:23'),(470,'radio 2',5,'N0U2D4','2021-03-21 12:25:54'),(471,'door',4,'N37KWD','2021-04-06 10:00:54'),(472,'landing gear',4,'NEOI6B','2021-09-29 08:08:09'),(473,'transponder',2,'NX5QFY','2021-02-21 04:21:44'),(474,'landing gear',5,'NEOI6B','2021-03-21 11:26:11'),(475,'airspeed indicator',4,'NSD5K5','2021-10-26 17:17:29'),(476,'airspeed indicator',5,'N1HZUV','2021-02-17 15:03:08'),(477,'altimeter',4,'NGWZII','2021-05-27 17:04:40'),(478,'seatbelt',1,'N37KWD','2021-07-13 20:18:02'),(479,'seatbelt',2,'NEZYPP','2021-01-29 17:32:49'),(480,'door',5,'NY1ZW6','2021-02-07 11:26:48'),(481,'seatbelt',1,'NRR7JR','2021-06-17 09:50:08'),(482,'altimeter',3,'N8RPDP','2021-06-05 18:14:01'),(483,'transponder',4,'NM0QTB','2020-11-15 06:05:04'),(484,'radio 1',5,'NY1ZW6','2021-08-20 08:19:24'),(485,'transponder',3,'N551D1','2021-10-31 00:37:43'),(486,'landing gear',4,'NRR7JR','2021-04-15 13:48:01'),(487,'door',1,'NWDT21','2021-01-18 19:02:46'),(488,'airspeed indicator',4,'NJNFO1','2021-03-17 17:09:02'),(489,'altimeter',1,'N20DEH','2021-03-02 16:23:01'),(490,'landing gear',3,'NVXK2F','2020-11-23 07:37:54'),(491,'door',4,'NDHIAY','2020-12-01 05:13:08'),(492,'door',4,'N40CXE','2021-10-29 07:35:58'),(493,'radio 2',3,'NPWUYR','2021-10-13 18:56:56'),(494,'seatbelt',3,'NFGLM2','2021-10-31 20:29:56'),(495,'altimeter',4,'NNJY01','2020-11-10 11:45:54'),(496,'transponder',4,'N1N5KJ','2021-03-17 05:57:51'),(497,'airspeed indicator',2,'NG6WNT','2020-12-20 02:36:28'),(498,'seatbelt',4,'NQL9U3','2021-11-03 09:31:13'),(499,'vor',3,'N7OPLR','2021-10-22 15:11:43'),(500,'seatbelt',1,'NPWUYR','2021-07-02 20:54:26'),(501,'door',3,'NRR7JR','2021-10-27 21:51:30'),(502,'transponder',5,'N1T9OI','2021-02-01 17:29:01'),(503,'transponder',3,'NGWZII','2021-04-22 16:14:15'),(504,'radio 1',2,'NJNFO1','2020-11-22 11:12:40'),(505,'seatbelt',1,'N23MNY','2021-09-16 00:01:56'),(506,'radio 1',2,'NGWZII','2021-08-01 21:48:12'),(507,'airspeed indicator',2,'N37KWD','2021-09-30 05:21:48'),(508,'radio 2',3,'N20DEH','2021-05-22 08:15:05'),(509,'seatbelt',1,'N4PX4U','2021-05-06 15:20:44'),(510,'door',1,'N37KWD','2021-09-12 06:31:04'),(511,'radio 2',4,'NEOI6B','2021-09-27 13:17:11'),(512,'seatbelt',1,'NJPZW4','2020-12-15 23:13:48'),(513,'radio 1',4,'NIAUT1','2021-07-10 09:42:02'),(514,'radio 1',2,'N7OPLR','2021-05-26 07:08:54'),(515,'door',2,'NINIAP','2021-01-11 12:09:17'),(516,'landing gear',4,'NBTMP2','2021-01-20 11:11:03'),(517,'landing gear',4,'NWDT21','2021-10-03 06:39:32'),(518,'seatbelt',1,'N4OWLG','2021-04-23 06:32:54'),(519,'radio 2',2,'N6YA99','2021-06-09 08:17:21'),(520,'radio 1',2,'N8FQT9','2020-12-23 15:29:20'),(521,'airspeed indicator',2,'NDHIAY','2021-08-28 15:29:46'),(522,'transponder',2,'NSD5K5','2021-10-22 16:16:45'),(523,'landing gear',1,'NFGLM2','2021-03-22 09:59:08'),(524,'airspeed indicator',4,'NGWZII','2021-02-12 09:59:33'),(525,'seatbelt',1,'NMHP07','2021-08-20 13:08:22'),(526,'transponder',3,'NWDT21','2021-09-16 13:19:51'),(527,'radio 2',5,'NLDPPJ','2020-12-25 10:50:19'),(528,'transponder',4,'NU6AWN','2021-06-13 21:27:27'),(529,'altimeter',2,'NGWZII','2021-11-05 13:19:22'),(530,'landing gear',4,'NWDT21','2021-02-10 16:33:09'),(531,'altimeter',2,'NSD5K5','2021-06-04 09:44:30'),(532,'radio 2',4,'N1N5KJ','2020-11-16 16:30:28'),(533,'landing gear',4,'NRR7JR','2021-09-20 01:41:04'),(534,'seatbelt',4,'N1N5KJ','2021-03-05 11:59:14'),(535,'vor',4,'NOS2I6','2021-02-01 03:45:31'),(536,'radio 2',4,'NEOI6B','2021-06-18 22:48:03'),(537,'airspeed indicator',2,'N5B5TX','2021-05-05 06:04:33'),(538,'transponder',4,'NJNFO1','2021-03-02 13:34:52'),(539,'altimeter',3,'NINIAP','2021-07-08 21:14:52'),(540,'landing gear',3,'NPWUYR','2021-07-02 09:40:09'),(541,'radio 2',4,'NFEP2M','2021-09-02 10:02:45'),(542,'radio 1',2,'NWDT21','2021-09-21 04:01:59'),(543,'seatbelt',2,'N8FQT9','2021-11-02 01:04:33'),(544,'vor',5,'NLDPPJ','2020-11-23 17:08:47'),(545,'altimeter',1,'NLDICM','2021-08-10 12:39:26'),(546,'seatbelt',2,'N1HZUV','2021-06-18 15:02:56'),(547,'vor',2,'NM0QTB','2021-02-11 15:23:49'),(548,'door',2,'NINIAP','2021-06-07 11:48:32'),(549,'seatbelt',3,'NM2I79','2021-05-07 02:57:53'),(550,'door',5,'NJPZW4','2021-05-15 16:34:58'),(551,'radio 2',3,'NEZYPP','2021-03-25 11:17:45'),(552,'vor',5,'NQL9U3','2021-10-18 13:03:26'),(553,'airspeed indicator',1,'NENN6G','2021-03-15 16:54:30'),(554,'vor',4,'N7OPLR','2021-08-17 10:57:44'),(555,'door',5,'NEOI6B','2020-11-15 21:54:57'),(556,'radio 2',5,'N0U2D4','2021-09-25 05:52:31'),(557,'landing gear',4,'N7766L','2020-12-10 09:33:34'),(558,'airspeed indicator',4,'NFGLM2','2021-04-26 20:49:24'),(559,'radio 2',3,'NX5QFY','2021-10-22 10:24:32'),(560,'seatbelt',3,'NMHP07','2020-11-23 07:52:35'),(561,'door',4,'NMHP07','2020-11-23 14:09:39'),(562,'door',3,'N23MNY','2020-12-28 17:37:46'),(563,'radio 2',4,'NBTMP2','2021-10-21 19:17:34'),(564,'altimeter',1,'N37ST1','2020-11-13 17:03:04'),(565,'radio 1',3,'N8RPDP','2020-11-09 20:26:45'),(566,'airspeed indicator',3,'NJNFO1','2021-05-02 21:36:48'),(567,'landing gear',4,'N4PX4U','2021-02-10 06:29:03'),(568,'door',5,'NQL9U3','2021-10-20 00:56:32'),(569,'radio 2',1,'NINIAP','2021-08-30 04:09:15'),(570,'door',5,'NPWUYR','2021-04-04 07:18:02'),(571,'airspeed indicator',2,'N6YA99','2021-09-05 15:31:42'),(572,'seatbelt',1,'NM0QTB','2021-03-09 07:05:55'),(573,'door',5,'NU6AWN','2021-02-04 19:52:43'),(574,'radio 2',5,'NLDPPJ','2021-09-26 21:22:31'),(575,'altimeter',5,'NMHP07','2021-02-05 05:47:13'),(576,'landing gear',5,'NJNFO1','2021-01-12 02:13:38'),(577,'transponder',4,'N7OPLR','2021-10-09 13:21:21'),(578,'vor',3,'NEZYPP','2021-01-04 01:02:44'),(579,'transponder',4,'NJPZW4','2021-04-12 14:42:52'),(580,'vor',5,'NVXK2F','2021-07-23 22:46:33'),(581,'airspeed indicator',4,'NLDPPJ','2021-08-02 08:40:18'),(582,'airspeed indicator',5,'NEZYPP','2021-09-07 09:45:14'),(583,'vor',5,'NGWZII','2020-12-30 12:22:26'),(584,'airspeed indicator',3,'N1HZUV','2021-01-05 16:30:11'),(585,'transponder',2,'N5B5TX','2021-05-24 03:05:10'),(586,'radio 2',1,'NJNFO1','2020-12-17 18:07:51'),(587,'landing gear',3,'NY1ZW6','2020-12-28 11:21:28'),(588,'radio 1',5,'N1HZUV','2021-10-12 23:35:21'),(589,'radio 2',2,'N37KWD','2021-10-22 08:23:34'),(590,'transponder',1,'NIAUT1','2021-08-21 16:41:40'),(591,'landing gear',3,'NPWUYR','2021-01-16 23:37:29'),(592,'seatbelt',1,'N551D1','2021-09-28 15:56:55'),(593,'radio 2',4,'NJNFO1','2021-05-11 09:02:57'),(594,'vor',4,'NM2I79','2021-02-24 17:34:59'),(595,'radio 1',2,'NFGLM2','2021-03-09 02:28:42'),(596,'seatbelt',1,'NENN6G','2021-04-06 12:19:13'),(597,'radio 2',4,'NQL9U3','2021-01-14 16:47:44'),(598,'airspeed indicator',3,'NDHIAY','2021-06-27 04:20:08'),(599,'radio 1',1,'NM2I79','2021-01-18 20:17:36'),(600,'transponder',3,'NJPZW4','2021-07-17 00:12:30'),(601,'transponder',3,'NINIAP','2021-08-25 17:33:11'),(602,'airspeed indicator',3,'NMHP07','2021-05-24 13:50:29'),(603,'transponder',5,'NSD5K5','2021-02-28 23:43:27'),(604,'transponder',5,'N8RPDP','2021-10-09 03:56:00'),(605,'door',3,'NM2I79','2021-06-15 09:06:07'),(606,'seatbelt',2,'N7OPLR','2021-05-22 02:11:25'),(607,'airspeed indicator',5,'NIAUT1','2021-04-17 17:50:13'),(608,'airspeed indicator',1,'NWDT21','2021-03-28 12:53:09'),(609,'airspeed indicator',5,'N6YA99','2021-05-03 02:55:10'),(610,'landing gear',1,'N4PX4U','2020-11-14 19:51:23'),(611,'radio 1',2,'NJNFO1','2021-07-30 09:45:48'),(612,'transponder',4,'N0U2D4','2021-08-16 16:51:04'),(613,'radio 2',2,'NFZ0BF','2021-01-15 04:05:35'),(614,'radio 1',4,'NFGLM2','2021-08-10 04:35:12'),(615,'door',3,'N551D1','2021-07-14 00:55:32'),(616,'transponder',3,'NNJY01','2021-02-13 16:40:29'),(617,'door',3,'NM0QTB','2021-05-24 17:56:35'),(618,'vor',4,'NG6WNT','2021-11-06 02:43:33'),(619,'altimeter',3,'N7766L','2020-12-04 02:29:05'),(620,'vor',1,'NDHIAY','2021-07-02 03:38:11'),(621,'radio 2',5,'NQL9U3','2020-11-17 16:08:24'),(622,'landing gear',5,'NVXK2F','2021-07-13 18:50:56'),(623,'door',4,'NRR7JR','2021-09-17 17:39:07'),(624,'seatbelt',1,'NX5QFY','2021-05-04 12:11:56'),(625,'vor',4,'NENN6G','2021-07-20 15:49:31'),(626,'vor',4,'NOS2I6','2021-04-09 12:33:13'),(627,'altimeter',4,'N37KWD','2021-04-12 15:44:56'),(628,'altimeter',2,'NU6AWN','2021-05-20 01:16:47'),(629,'door',5,'N4OWLG','2020-11-29 17:47:51'),(630,'seatbelt',3,'NNJY01','2020-11-22 07:43:04'),(631,'airspeed indicator',3,'NIAUT1','2021-04-04 18:24:26'),(632,'seatbelt',3,'NQL9U3','2021-06-06 11:02:50'),(633,'transponder',4,'NFZ0BF','2021-03-13 09:58:01'),(634,'altimeter',4,'N7OPLR','2021-05-09 16:39:28'),(635,'door',5,'NIAUT1','2021-05-19 21:02:38'),(636,'radio 1',2,'N8RPDP','2021-01-06 19:10:58'),(637,'vor',4,'N37ST1','2021-02-16 10:14:43'),(638,'vor',1,'NQL9U3','2021-01-04 04:14:14'),(639,'transponder',2,'NINIAP','2021-08-20 01:40:15'),(640,'airspeed indicator',1,'N40CXE','2021-10-28 09:45:37'),(641,'seatbelt',4,'NG6WNT','2021-06-03 13:50:20'),(642,'door',5,'N31P1F','2021-10-25 03:36:10'),(643,'airspeed indicator',4,'N7OPLR','2021-10-02 07:30:15'),(644,'transponder',4,'NEOI6B','2021-09-14 21:27:46'),(645,'landing gear',4,'NGWZII','2021-10-16 07:07:45'),(646,'landing gear',5,'N7766L','2021-01-04 22:53:51'),(647,'landing gear',4,'NBTMP2','2021-06-14 20:48:26'),(648,'radio 2',1,'N37ST1','2021-05-15 06:58:25'),(649,'radio 2',3,'N37KWD','2021-08-11 13:37:43'),(650,'airspeed indicator',5,'NY1ZW6','2021-01-24 16:15:43'),(651,'airspeed indicator',2,'N1T9OI','2020-11-08 15:44:13'),(652,'landing gear',4,'N23MNY','2021-10-09 02:34:12'),(653,'vor',3,'NWDT21','2020-12-03 00:55:02'),(654,'transponder',1,'N31P1F','2021-02-23 10:53:09'),(655,'vor',3,'N7766L','2021-10-12 08:59:59'),(656,'airspeed indicator',1,'N7766L','2021-05-29 05:23:27'),(657,'door',1,'NPWUYR','2021-10-07 13:28:13'),(658,'seatbelt',4,'NEZYPP','2021-01-07 10:47:41'),(659,'airspeed indicator',4,'NSD5K5','2021-02-13 17:27:14'),(660,'landing gear',4,'N8RPDP','2021-04-22 10:56:46'),(661,'altimeter',5,'NNJY01','2021-06-22 09:10:07'),(662,'transponder',3,'N23MNY','2021-10-02 02:16:24'),(663,'airspeed indicator',4,'NNJY01','2020-11-17 20:00:09'),(664,'landing gear',5,'NJNFO1','2020-12-10 18:09:00'),(665,'door',2,'N5B5TX','2020-12-31 19:41:33'),(666,'radio 2',5,'NU6AWN','2020-11-16 19:46:37'),(667,'radio 2',1,'NU6AWN','2021-04-24 18:31:57'),(668,'altimeter',5,'N6YA99','2021-03-11 19:15:16'),(669,'vor',1,'NLDICM','2021-05-16 20:33:30'),(670,'door',3,'N6YA99','2021-10-19 23:40:12'),(671,'radio 1',1,'NGWZII','2021-04-06 02:43:00'),(672,'altimeter',4,'NINIAP','2021-01-10 13:47:40'),(673,'transponder',5,'NEZYPP','2021-11-05 06:09:26'),(674,'vor',3,'N8FQT9','2021-06-29 06:46:35'),(675,'door',1,'NFEP2M','2021-04-08 13:00:23'),(676,'radio 2',4,'NVXK2F','2021-01-13 02:57:49'),(677,'radio 1',2,'NGWZII','2021-03-15 22:05:35'),(678,'altimeter',1,'NINIAP','2021-02-05 13:07:15'),(679,'radio 1',1,'NJPZW4','2021-04-01 03:07:02'),(680,'airspeed indicator',2,'NIAUT1','2021-08-13 18:15:24'),(681,'radio 1',3,'NX5QFY','2021-10-27 14:32:30'),(682,'landing gear',3,'NGWZII','2020-11-20 19:00:39'),(683,'radio 2',3,'NGWZII','2021-01-03 05:00:55'),(684,'altimeter',5,'NRR7JR','2021-06-25 07:54:58'),(685,'radio 1',1,'N5B5TX','2021-05-07 08:56:43'),(686,'seatbelt',2,'NEOI6B','2021-06-03 09:12:23'),(687,'door',3,'N23MNY','2021-02-06 05:28:35'),(688,'altimeter',5,'N20DEH','2021-05-25 07:21:44'),(689,'vor',2,'NQL9U3','2021-03-01 20:21:12'),(690,'radio 1',3,'NOBPOJ','2021-04-08 13:39:00'),(691,'landing gear',4,'NGWZII','2021-02-16 21:14:28'),(692,'radio 1',5,'NSD5K5','2021-02-12 10:16:49'),(693,'transponder',4,'N1N5KJ','2021-07-26 13:34:15'),(694,'airspeed indicator',2,'NY1ZW6','2021-03-06 19:22:49'),(695,'radio 1',5,'NU6AWN','2021-07-20 04:19:39'),(696,'altimeter',3,'NGWZII','2021-01-21 11:06:35'),(697,'door',5,'NEOI6B','2020-11-15 06:03:07'),(698,'seatbelt',1,'NY1ZW6','2021-09-23 08:06:19'),(699,'transponder',1,'N5B5TX','2021-02-24 14:57:51'),(700,'altimeter',1,'N31P1F','2021-10-12 16:29:47'),(701,'transponder',4,'NU6AWN','2021-06-19 03:59:30'),(702,'vor',3,'N37KWD','2021-01-02 18:49:05'),(703,'landing gear',1,'N5B5TX','2021-07-28 17:36:57'),(704,'radio 2',3,'N1T9OI','2021-01-29 02:37:13'),(705,'radio 1',4,'NDHIAY','2020-12-13 16:49:10'),(706,'airspeed indicator',3,'NFEP2M','2021-09-16 22:46:56'),(707,'landing gear',2,'NOBPOJ','2021-06-05 04:40:14'),(708,'transponder',1,'NOBPOJ','2021-03-16 20:00:08'),(709,'radio 2',4,'NOBPOJ','2021-02-20 13:10:28'),(710,'altimeter',5,'N4OWLG','2021-09-28 10:08:14'),(711,'radio 2',4,'NFEP2M','2021-03-25 16:47:33'),(712,'radio 2',3,'N0U2D4','2020-11-28 00:24:22'),(713,'radio 1',5,'N551D1','2021-05-14 03:07:46'),(714,'radio 1',5,'NVXK2F','2021-06-10 12:24:22'),(715,'altimeter',2,'NVXK2F','2021-02-19 01:52:27'),(716,'door',1,'NJNFO1','2021-10-12 01:06:15'),(717,'vor',4,'NJPZW4','2021-02-16 01:48:19'),(718,'landing gear',5,'N1N5KJ','2021-08-28 09:39:09'),(719,'altimeter',1,'NOBPOJ','2021-05-18 00:52:27'),(720,'seatbelt',4,'NFEP2M','2020-12-09 18:19:03'),(721,'altimeter',1,'NM0QTB','2021-04-22 13:43:38'),(722,'transponder',5,'N6YA99','2021-08-19 23:30:32'),(723,'vor',4,'N0U2D4','2021-02-07 21:10:54'),(724,'vor',2,'N5B5TX','2021-09-29 11:08:28'),(725,'seatbelt',1,'N31P1F','2021-08-10 18:08:31'),(726,'transponder',5,'NY1ZW6','2021-07-27 06:33:48'),(727,'vor',2,'N1N5KJ','2021-01-08 03:38:17'),(728,'radio 1',2,'NWDT21','2021-01-13 05:56:31'),(729,'vor',4,'NY1ZW6','2021-08-11 12:05:46'),(730,'landing gear',1,'N8RPDP','2021-04-08 16:03:06'),(731,'door',5,'NFEP2M','2021-10-27 14:15:14'),(732,'altimeter',2,'NSD5K5','2020-11-11 18:22:39'),(733,'transponder',1,'NDHIAY','2021-06-03 00:07:56'),(734,'vor',1,'N20DEH','2021-10-09 05:37:50'),(735,'altimeter',5,'N23MNY','2021-01-28 00:36:45'),(736,'altimeter',2,'N4OWLG','2021-10-01 01:55:11'),(737,'seatbelt',3,'NNJY01','2021-05-22 10:12:20'),(738,'transponder',3,'N40CXE','2021-03-07 22:40:17'),(739,'altimeter',1,'NVXK2F','2020-11-09 07:56:29'),(740,'airspeed indicator',5,'NVXK2F','2021-08-03 17:45:30'),(741,'transponder',5,'N6YA99','2020-11-25 04:07:04'),(742,'radio 2',4,'N23MNY','2021-07-12 23:53:29'),(743,'airspeed indicator',2,'NM2I79','2021-06-14 16:16:33'),(744,'transponder',4,'NU6AWN','2021-11-03 16:25:43'),(745,'seatbelt',3,'NSD5K5','2021-07-13 20:45:54'),(746,'transponder',5,'N4OWLG','2021-01-19 16:06:40'),(747,'landing gear',3,'NIAUT1','2021-05-09 13:48:26'),(748,'landing gear',5,'N4OWLG','2021-09-21 10:40:20'),(749,'radio 2',1,'N37ST1','2021-09-13 00:54:46'),(750,'radio 2',4,'N40CXE','2020-12-10 07:20:20'),(751,'radio 1',5,'N5B5TX','2021-04-14 05:16:46'),(752,'door',2,'NJNFO1','2021-02-04 03:31:38'),(753,'door',2,'NVXK2F','2021-08-26 10:30:29'),(754,'door',5,'N8FQT9','2021-10-04 19:16:17'),(755,'radio 1',5,'NM0QTB','2021-04-19 15:29:04'),(756,'seatbelt',4,'N7OPLR','2021-07-26 08:18:21'),(757,'transponder',3,'NLDPPJ','2020-12-10 19:17:56'),(758,'altimeter',4,'N1HZUV','2021-01-17 00:32:28'),(759,'airspeed indicator',5,'NOBPOJ','2020-11-17 08:49:36'),(760,'landing gear',3,'N1T9OI','2021-09-28 00:35:35'),(761,'airspeed indicator',5,'NVXK2F','2020-12-09 04:36:07'),(762,'vor',3,'N4OWLG','2021-01-08 13:38:01'),(763,'door',5,'NNJY01','2021-07-08 10:47:35'),(764,'transponder',1,'NINIAP','2021-09-19 13:55:48'),(765,'radio 2',1,'NBTMP2','2021-07-18 22:48:11'),(766,'radio 2',4,'NM0QTB','2021-04-22 14:38:23'),(767,'radio 1',3,'NJPZW4','2020-12-24 10:14:59'),(768,'transponder',1,'N551D1','2021-10-23 14:10:48'),(769,'radio 1',2,'NU6AWN','2021-06-05 08:14:00'),(770,'door',5,'NDHIAY','2021-08-28 04:05:21'),(771,'airspeed indicator',5,'NMHP07','2021-09-22 08:57:34'),(772,'radio 2',2,'NM0QTB','2021-06-22 06:47:48'),(773,'door',5,'N40CXE','2021-10-10 18:50:44'),(774,'altimeter',4,'NEOI6B','2021-08-17 07:17:36'),(775,'transponder',5,'N1HZUV','2021-09-08 13:28:19'),(776,'airspeed indicator',1,'N551D1','2021-08-15 06:03:10'),(777,'landing gear',4,'N551D1','2021-10-27 05:10:13'),(778,'landing gear',2,'NNJY01','2021-03-11 08:31:19'),(779,'transponder',2,'N0U2D4','2021-02-11 02:54:10'),(780,'altimeter',3,'NFEP2M','2021-06-30 22:17:11'),(781,'vor',2,'NOS2I6','2020-11-20 16:50:42'),(782,'seatbelt',1,'NPWUYR','2021-01-01 12:38:11'),(783,'seatbelt',5,'NOS2I6','2021-09-27 06:23:54'),(784,'seatbelt',1,'N7OPLR','2020-11-19 09:11:58'),(785,'airspeed indicator',2,'N23MNY','2021-06-10 13:29:40'),(786,'vor',1,'NJNFO1','2021-08-01 17:29:07'),(787,'landing gear',5,'NOS2I6','2021-11-06 10:00:12'),(788,'transponder',4,'NIAUT1','2021-06-25 07:40:44'),(789,'airspeed indicator',1,'NM2I79','2021-01-26 06:44:38'),(790,'landing gear',5,'NLDICM','2021-03-20 11:02:27'),(791,'landing gear',1,'NSD5K5','2021-07-09 19:26:59'),(792,'seatbelt',5,'NFEP2M','2021-03-02 23:20:36'),(793,'airspeed indicator',1,'NMHP07','2021-01-29 01:02:46'),(794,'seatbelt',4,'N7766L','2020-11-12 04:09:14'),(795,'landing gear',2,'NJPZW4','2021-02-03 01:00:37'),(796,'radio 1',3,'NENN6G','2021-05-06 22:39:36'),(797,'radio 1',2,'NJNFO1','2021-09-28 21:48:28'),(798,'radio 2',1,'NM2I79','2021-10-21 11:14:43'),(799,'landing gear',4,'NU6AWN','2021-03-17 06:07:14'),(800,'seatbelt',3,'N20DEH','2021-11-03 20:04:03'),(801,'radio 2',3,'NOBPOJ','2021-03-23 03:52:13'),(802,'altimeter',4,'NINIAP','2020-12-14 18:20:37'),(803,'transponder',2,'NINIAP','2021-03-19 05:45:11'),(804,'door',4,'N7766L','2020-12-14 06:12:36'),(805,'radio 1',3,'NFEP2M','2021-05-17 17:59:16'),(806,'radio 2',4,'N5B5TX','2021-03-15 07:12:55'),(807,'radio 1',4,'N8FQT9','2020-11-17 02:45:55'),(808,'landing gear',2,'N1N5KJ','2021-07-24 23:09:36'),(809,'landing gear',3,'NMHP07','2021-09-04 13:01:17'),(810,'vor',3,'NOS2I6','2021-01-13 15:34:51'),(811,'radio 1',5,'NWDT21','2020-11-12 07:51:09'),(812,'door',5,'N6YA99','2021-08-08 19:08:12'),(813,'radio 2',3,'NLDICM','2021-08-23 16:11:16'),(814,'transponder',3,'NIAUT1','2021-02-05 14:26:34'),(815,'radio 2',4,'NENN6G','2021-05-07 22:45:26'),(816,'altimeter',4,'NQL9U3','2020-12-13 08:23:04'),(817,'airspeed indicator',5,'N7OPLR','2021-04-14 07:27:41'),(818,'airspeed indicator',5,'NMHP07','2020-12-08 23:42:52'),(819,'radio 1',5,'NFZ0BF','2021-02-28 01:20:17'),(820,'radio 2',5,'NFEP2M','2021-03-01 01:34:38'),(821,'airspeed indicator',5,'NWDT21','2021-09-20 06:19:12'),(822,'airspeed indicator',2,'N8RPDP','2021-07-11 21:19:56'),(823,'seatbelt',3,'N6YA99','2021-11-03 10:35:04'),(824,'radio 1',2,'NRR7JR','2021-01-10 20:03:00'),(825,'airspeed indicator',4,'NGWZII','2021-05-23 00:05:15'),(826,'radio 1',2,'NRR7JR','2021-07-12 22:43:13'),(827,'landing gear',1,'N20DEH','2021-07-23 02:06:09'),(828,'vor',3,'NWDT21','2021-08-21 04:00:53'),(829,'radio 1',5,'NM0QTB','2021-04-27 17:35:28'),(830,'landing gear',5,'NG6WNT','2021-02-01 00:34:22'),(831,'door',4,'N1N5KJ','2021-05-26 07:34:21'),(832,'altimeter',3,'N4PX4U','2021-01-15 05:54:00'),(833,'airspeed indicator',3,'NFGLM2','2021-01-06 18:12:17'),(834,'radio 2',5,'NNJY01','2021-01-15 09:30:07'),(835,'door',1,'NDHIAY','2021-08-03 16:41:43'),(836,'radio 1',4,'N4PX4U','2021-06-02 23:43:39'),(837,'vor',4,'N8RPDP','2021-10-29 09:49:40'),(838,'landing gear',2,'NU6AWN','2021-08-10 02:50:49'),(839,'radio 1',4,'N1HZUV','2020-12-03 16:40:57'),(840,'airspeed indicator',1,'NM0QTB','2021-08-20 04:16:15'),(841,'altimeter',4,'NG6WNT','2021-08-17 05:15:56'),(842,'door',3,'NDHIAY','2021-07-27 02:13:43'),(843,'door',4,'NMHP07','2021-07-07 20:03:43'),(844,'landing gear',3,'NBTMP2','2021-11-07 05:41:54'),(845,'radio 1',2,'NU6AWN','2021-10-28 04:27:44'),(846,'seatbelt',4,'NGWZII','2021-09-13 08:24:14'),(847,'landing gear',3,'NDHIAY','2021-10-21 18:53:18'),(848,'door',3,'N31P1F','2020-12-08 10:06:02'),(849,'vor',4,'N23MNY','2020-11-18 17:49:08'),(850,'landing gear',4,'NY1ZW6','2021-03-14 04:18:18'),(851,'airspeed indicator',1,'NLDPPJ','2021-05-07 03:13:44'),(852,'radio 2',5,'NM2I79','2020-12-22 11:42:51'),(853,'door',2,'NVXK2F','2021-09-29 12:08:03'),(854,'radio 2',2,'NVXK2F','2021-07-29 07:34:12'),(855,'altimeter',3,'N4PX4U','2021-05-20 19:39:58'),(856,'seatbelt',5,'N4OWLG','2021-06-10 22:07:28'),(857,'landing gear',1,'NVXK2F','2021-01-15 00:11:11'),(858,'transponder',3,'N8FQT9','2021-03-21 00:17:28'),(859,'vor',2,'NDHIAY','2021-01-16 19:08:06'),(860,'landing gear',2,'NFZ0BF','2021-09-26 12:42:39'),(861,'transponder',4,'NM2I79','2021-09-03 01:28:13'),(862,'airspeed indicator',3,'N8RPDP','2020-12-17 05:10:04'),(863,'altimeter',2,'NFZ0BF','2021-09-15 23:11:53'),(864,'vor',4,'N37ST1','2021-05-31 17:47:47'),(865,'door',2,'NQL9U3','2020-12-09 21:22:42'),(866,'vor',2,'NJPZW4','2021-07-05 08:11:31'),(867,'landing gear',1,'NX5QFY','2021-03-05 05:42:06'),(868,'radio 1',5,'NOBPOJ','2021-01-14 18:08:18'),(869,'vor',2,'NX5QFY','2020-11-23 02:34:18'),(870,'radio 2',2,'NY1ZW6','2021-10-04 19:47:41'),(871,'vor',4,'NOBPOJ','2021-04-27 00:07:09'),(872,'transponder',3,'NJPZW4','2021-05-21 12:14:11'),(873,'seatbelt',4,'NG6WNT','2021-06-26 01:07:22'),(874,'landing gear',4,'N37KWD','2021-03-03 05:46:58'),(875,'airspeed indicator',4,'N8RPDP','2021-02-21 12:19:02'),(876,'seatbelt',1,'NQL9U3','2021-07-19 19:17:57'),(877,'landing gear',2,'NPWUYR','2020-12-17 04:01:35'),(878,'vor',1,'NEOI6B','2021-03-28 01:29:24'),(879,'seatbelt',4,'N7766L','2021-08-20 04:59:48'),(880,'radio 1',1,'NY1ZW6','2021-01-26 03:12:45'),(881,'landing gear',5,'N40CXE','2020-11-18 14:56:06'),(882,'vor',2,'NPWUYR','2021-08-21 07:08:30'),(883,'door',3,'NG6WNT','2021-07-13 14:49:51'),(884,'transponder',4,'N8RPDP','2021-01-06 05:10:41'),(885,'airspeed indicator',5,'NINIAP','2021-06-29 18:56:50'),(886,'altimeter',2,'N37KWD','2021-09-29 02:31:17'),(887,'seatbelt',5,'NEOI6B','2020-12-14 07:51:55'),(888,'landing gear',3,'NM0QTB','2021-03-07 21:28:19'),(889,'transponder',3,'NJPZW4','2021-06-29 07:55:40'),(890,'seatbelt',3,'N4PX4U','2021-07-13 10:41:17'),(891,'door',1,'N37ST1','2021-08-20 18:21:32'),(892,'airspeed indicator',5,'NM0QTB','2021-10-01 17:49:19'),(893,'radio 1',3,'N8RPDP','2021-09-23 16:15:19'),(894,'radio 2',5,'NG6WNT','2021-10-16 13:50:26'),(895,'airspeed indicator',1,'NM2I79','2021-04-30 22:46:39'),(896,'radio 2',2,'NEZYPP','2021-01-22 19:19:20'),(897,'airspeed indicator',5,'NJPZW4','2021-01-25 16:58:10'),(898,'door',2,'NEOI6B','2021-09-07 19:12:56'),(899,'radio 1',2,'NSD5K5','2021-08-25 12:41:39'),(900,'seatbelt',4,'N20DEH','2021-01-30 18:42:20'),(901,'landing gear',2,'N0U2D4','2021-01-24 03:09:33'),(902,'radio 2',2,'NJPZW4','2021-08-22 04:12:07'),(903,'landing gear',5,'N7OPLR','2021-10-30 06:43:53'),(904,'vor',2,'NMHP07','2021-10-23 01:55:04'),(905,'transponder',3,'NQL9U3','2021-03-18 21:31:13'),(906,'seatbelt',3,'N37ST1','2021-01-06 09:29:30'),(907,'altimeter',1,'N20DEH','2021-09-10 15:47:14'),(908,'vor',4,'NOS2I6','2021-04-14 04:44:52'),(909,'landing gear',4,'NFZ0BF','2020-12-12 22:27:19'),(910,'landing gear',4,'N5B5TX','2021-01-01 02:53:53'),(911,'airspeed indicator',1,'N40CXE','2021-07-28 19:45:08'),(912,'airspeed indicator',5,'N1N5KJ','2021-08-09 08:39:07'),(913,'transponder',3,'N8RPDP','2021-10-07 03:49:27'),(914,'airspeed indicator',3,'NFEP2M','2021-06-15 07:09:52'),(915,'transponder',3,'NFGLM2','2020-11-23 08:54:49'),(916,'door',2,'N8RPDP','2021-05-03 05:59:35'),(917,'landing gear',1,'N0U2D4','2020-11-20 20:57:00'),(918,'landing gear',5,'NOBPOJ','2021-04-02 22:35:21'),(919,'seatbelt',3,'NRR7JR','2021-04-09 05:25:18'),(920,'radio 1',4,'N1T9OI','2021-08-08 19:38:29'),(921,'transponder',1,'N6YA99','2021-09-14 00:44:57'),(922,'altimeter',2,'N1HZUV','2021-09-23 16:06:28'),(923,'seatbelt',1,'N551D1','2021-03-15 06:58:18'),(924,'airspeed indicator',3,'NLDICM','2021-09-06 21:26:05'),(925,'landing gear',4,'NDHIAY','2021-03-02 03:45:33'),(926,'radio 2',1,'N1HZUV','2021-03-10 17:35:16'),(927,'altimeter',5,'NM0QTB','2021-03-03 23:09:44'),(928,'transponder',3,'NRR7JR','2020-11-26 22:28:50'),(929,'transponder',2,'NLDPPJ','2021-09-17 13:18:24'),(930,'radio 1',1,'N4PX4U','2021-09-25 18:39:23'),(931,'vor',4,'N31P1F','2021-01-05 17:05:13'),(932,'radio 1',4,'N1N5KJ','2021-04-15 06:48:12'),(933,'seatbelt',1,'NRR7JR','2021-01-13 10:39:27'),(934,'transponder',4,'NFEP2M','2021-08-03 05:52:25'),(935,'radio 1',5,'N31P1F','2021-07-13 18:53:01'),(936,'vor',5,'N4OWLG','2020-11-26 03:27:37'),(937,'airspeed indicator',3,'NM0QTB','2021-07-19 21:00:41'),(938,'door',2,'NENN6G','2021-08-11 23:06:39'),(939,'radio 1',3,'NM0QTB','2021-06-14 21:00:31'),(940,'landing gear',3,'NVXK2F','2020-11-08 07:11:11'),(941,'radio 2',4,'NNJY01','2021-02-21 18:40:22'),(942,'door',2,'NWDT21','2021-04-06 11:00:56'),(943,'altimeter',3,'NFEP2M','2020-11-20 09:18:09'),(944,'altimeter',4,'N1HZUV','2021-06-02 01:45:30'),(945,'altimeter',1,'NU6AWN','2021-10-11 11:13:40'),(946,'altimeter',1,'NDHIAY','2021-06-16 22:37:54'),(947,'door',3,'NPWUYR','2021-04-04 19:19:58'),(948,'landing gear',4,'NWDT21','2020-11-13 06:39:29'),(949,'altimeter',3,'NENN6G','2021-10-22 10:57:45'),(950,'airspeed indicator',3,'NMHP07','2021-10-28 23:45:50'),(951,'vor',2,'NQL9U3','2021-09-24 21:34:04'),(952,'altimeter',4,'NFEP2M','2021-03-08 16:10:19'),(953,'altimeter',5,'NU6AWN','2021-01-18 12:31:36'),(954,'radio 1',3,'N20DEH','2021-07-10 09:57:55'),(955,'door',1,'NINIAP','2021-06-07 02:55:50'),(956,'radio 2',3,'NM0QTB','2021-08-21 18:52:56'),(957,'radio 1',5,'NEOI6B','2020-12-17 16:27:51'),(958,'airspeed indicator',5,'NENN6G','2021-07-27 23:55:30'),(959,'vor',3,'N4PX4U','2021-08-24 11:31:01'),(960,'altimeter',2,'N37KWD','2021-02-15 07:28:53'),(961,'door',4,'N40CXE','2021-09-24 00:38:54'),(962,'landing gear',3,'NOS2I6','2021-07-31 03:46:29'),(963,'radio 1',1,'NJNFO1','2020-12-23 11:37:26'),(964,'radio 2',3,'N1T9OI','2021-02-01 12:32:23'),(965,'radio 2',2,'NFGLM2','2021-02-20 18:10:03'),(966,'vor',3,'N1N5KJ','2021-01-13 07:00:08'),(967,'seatbelt',5,'N4PX4U','2021-06-27 02:07:49'),(968,'seatbelt',4,'NY1ZW6','2021-02-26 07:08:06'),(969,'airspeed indicator',3,'NENN6G','2021-05-29 22:44:56'),(970,'vor',1,'NOS2I6','2021-05-19 08:14:05'),(971,'radio 1',3,'NMHP07','2021-05-28 17:00:22'),(972,'radio 2',2,'N5B5TX','2021-03-24 21:38:06'),(973,'radio 1',2,'N37ST1','2021-04-01 19:32:34'),(974,'radio 2',5,'NDHIAY','2021-02-25 14:12:55'),(975,'landing gear',3,'N7766L','2021-01-14 13:03:44'),(976,'vor',4,'NVXK2F','2020-12-06 13:57:22'),(977,'radio 2',4,'NLDICM','2021-01-13 22:42:18'),(978,'altimeter',4,'NM0QTB','2021-05-14 10:53:21'),(979,'transponder',4,'NENN6G','2021-10-06 08:18:15'),(980,'altimeter',4,'NGWZII','2021-02-24 23:37:34'),(981,'radio 2',3,'NFGLM2','2020-12-22 07:51:56'),(982,'door',5,'NM0QTB','2021-08-17 00:08:28'),(983,'seatbelt',5,'NBTMP2','2021-04-07 11:38:53'),(984,'radio 1',1,'NPWUYR','2021-07-01 21:24:20'),(985,'transponder',5,'NX5QFY','2021-06-17 01:48:05'),(986,'altimeter',3,'N4OWLG','2021-07-23 16:26:48'),(987,'radio 1',2,'NLDPPJ','2021-01-29 01:52:44'),(988,'altimeter',3,'N6YA99','2021-04-16 20:28:02'),(989,'door',5,'NEZYPP','2021-07-26 07:32:21'),(990,'seatbelt',4,'NJNFO1','2021-01-10 13:45:13'),(991,'altimeter',5,'NOBPOJ','2021-02-13 15:14:20'),(992,'seatbelt',2,'NINIAP','2021-01-15 19:50:18'),(993,'altimeter',4,'N37ST1','2021-01-25 23:18:33'),(994,'seatbelt',4,'NX5QFY','2021-10-07 21:52:37'),(995,'seatbelt',5,'NLDICM','2021-11-04 01:01:45'),(996,'vor',2,'N1N5KJ','2021-04-15 23:46:03'),(997,'transponder',1,'NMHP07','2021-10-06 16:13:56'),(998,'airspeed indicator',4,'NJNFO1','2021-09-16 20:40:02'),(999,'radio 1',3,'NX5QFY','2021-09-08 23:59:47'),(1000,'transponder',4,'N1HZUV','2021-11-03 02:52:40');
/*!40000 ALTER TABLE `Maintenance` ENABLE KEYS */;
UNLOCK TABLES;

--
-- Table structure for table `Mechanic`
--

DROP TABLE IF EXISTS `Mechanic`;
/*!40101 SET @saved_cs_client     = @@character_set_client */;
/*!50503 SET character_set_client = utf8mb4 */;
CREATE TABLE `Mechanic` (
  `idMechanic` int NOT NULL,
  `nameFirst` varchar(45) DEFAULT NULL,
  `nameLast` varchar(45) DEFAULT NULL,
  `email` varchar(45) DEFAULT NULL,
  `phone` varchar(45) DEFAULT NULL,
  `isIA` tinyint DEFAULT NULL,
  PRIMARY KEY (`idMechanic`)
) ENGINE=InnoDB DEFAULT CHARSET=utf8mb4 COLLATE=utf8mb4_0900_ai_ci;
/*!40101 SET character_set_client = @saved_cs_client */;

--
-- Dumping data for table `Mechanic`
--

LOCK TABLES `Mechanic` WRITE;
/*!40000 ALTER TABLE `Mechanic` DISABLE KEYS */;
INSERT INTO `Mechanic` VALUES (1,'Dulcia','Turvey','dturvey0@fema.gov','899-595-5774',1),(2,'Andra','Lintott','alintott1@mayoclinic.com','847-483-9907',0),(3,'Darlleen','Ghidoli','dghidoli2@tamu.edu','837-828-1822',1),(4,'Elvis','Stanbury','estanbury3@mac.com','565-328-9547',1),(5,'Yelena','Geistbeck','ygeistbeck4@joomla.org','744-298-6761',0);
/*!40000 ALTER TABLE `Mechanic` ENABLE KEYS */;
UNLOCK TABLES;

--
-- Table structure for table `PaymentMethod`
--

DROP TABLE IF EXISTS `PaymentMethod`;
/*!40101 SET @saved_cs_client     = @@character_set_client */;
/*!50503 SET character_set_client = utf8mb4 */;
CREATE TABLE `PaymentMethod` (
  `idPaymentMethod` int NOT NULL,
  `idCustomer` int NOT NULL,
  `paymentMethodType` varchar(45) DEFAULT NULL,
  `paymentDetails` varchar(45) DEFAULT NULL,
  PRIMARY KEY (`idPaymentMethod`,`idCustomer`),
  KEY `fk_PaymentMethod_Customer1_idx` (`idCustomer`),
  CONSTRAINT `fk_PaymentMethod_Customer1` FOREIGN KEY (`idCustomer`) REFERENCES `Customer` (`idCustomer`)
) ENGINE=InnoDB DEFAULT CHARSET=utf8mb4 COLLATE=utf8mb4_0900_ai_ci;
/*!40101 SET character_set_client = @saved_cs_client */;

--
-- Dumping data for table `PaymentMethod`
--

LOCK TABLES `PaymentMethod` WRITE;
/*!40000 ALTER TABLE `PaymentMethod` DISABLE KEYS */;
INSERT INTO `PaymentMethod` VALUES (1,493,'visa-electron','4917892037279464'),(2,427,'mastercard','5229898036987734'),(3,242,'laser','6771002933274779412'),(4,312,'diners-club-carte-blanche','30000580400574'),(5,44,'jcb','3531401320523220'),(6,207,'visa-electron','4175009779967415'),(7,195,'switch','4936980165735436'),(8,53,'jcb','3576713262446392'),(9,195,'switch','633110571948169243'),(10,47,'jcb','3574484756043176'),(11,488,'laser','670670743713102485'),(12,248,'jcb','3567926114614550'),(13,302,'jcb','3588791538837145'),(14,362,'jcb','3547892745494447'),(15,125,'laser','63040588877199038'),(16,191,'americanexpress','370392317738972'),(17,178,'jcb','3583281347689239'),(18,228,'diners-club-carte-blanche','30323991556523'),(19,103,'jcb','3540761288281767'),(20,353,'jcb','3534095660319434'),(21,457,'solo','6334677070537274344'),(22,147,'visa-electron','4508289997525926'),(23,447,'jcb','3552034068231559'),(24,214,'bankcard','5610286438903656'),(25,107,'jcb','3550888301059370'),(26,114,'jcb','3545796953431896'),(27,15,'visa','4041598785867009'),(28,491,'jcb','3535899633828317'),(29,144,'china-unionpay','5602213399816756727'),(30,232,'jcb','3572572482792876'),(31,69,'bankcard','5602233244183073'),(32,39,'jcb','3535941486679312'),(33,335,'bankcard','5602237314555409'),(34,307,'jcb','3583716435220942'),(35,272,'bankcard','5610410271956882'),(36,490,'jcb','3583868195848030'),(37,138,'diners-club-us-ca','5506058077808919'),(38,100,'jcb','3554190144337667'),(39,243,'jcb','3574469561828119'),(40,123,'jcb','3581139770456785'),(41,372,'mastercard','5048374264435845'),(42,319,'maestro','5038447692329236'),(43,299,'jcb','3528334808644397'),(44,13,'mastercard','5100171200718267'),(45,345,'jcb','3566996167374940'),(46,119,'china-unionpay','5602251202070058'),(47,374,'jcb','3535177005082809'),(48,415,'jcb','3552364910982194'),(49,231,'americanexpress','337941460585564'),(50,276,'jcb','3586685173946066'),(51,469,'china-unionpay','56022387841182741'),(52,290,'jcb','3565522995674599'),(53,92,'mastercard','5100144002780959'),(54,109,'mastercard','5010126519628382'),(55,467,'switch','5641829395861170396'),(56,138,'jcb','3567441800367265'),(57,17,'jcb','3543320413531542'),(58,395,'jcb','3589911792111206'),(59,461,'maestro','67613643627511392'),(60,192,'jcb','3543047253134679'),(61,335,'visa-electron','4913038991844406'),(62,323,'visa','4041591728539330'),(63,201,'switch','633110248420247231'),(64,407,'jcb','3578857476122352'),(65,407,'mastercard','5007662784955667'),(66,164,'jcb','3577527525822432'),(67,477,'jcb','3556144592725962'),(68,262,'maestro','6763798639075855'),(69,101,'diners-club-international','36504710153288'),(70,387,'jcb','3576507217164963'),(71,188,'bankcard','5602241165840969'),(72,479,'diners-club-carte-blanche','30183183899853'),(73,173,'americanexpress','374283428023386'),(74,275,'americanexpress','378037992186334'),(75,222,'laser','6709517529765208727'),(76,252,'switch','6331106640584318066'),(77,9,'americanexpress','374288363233767'),(78,32,'bankcard','5610630825899920'),(79,446,'visa-electron','4508516063105849'),(80,307,'laser','6706565210702011'),(81,109,'diners-club-carte-blanche','30363580371330'),(82,403,'switch','490345897864825027'),(83,342,'maestro','6304986305029027'),(84,247,'jcb','3589848463211602'),(85,209,'jcb','3565358982221635'),(86,180,'americanexpress','374288856214555'),(87,333,'solo','633495345807370191'),(88,86,'diners-club-enroute','201836839299173'),(89,472,'maestro','675929909067348804'),(90,401,'bankcard','5602254545690814'),(91,475,'visa-electron','4917363380592903'),(92,133,'diners-club-international','36953917526079'),(93,166,'jcb','3539523200285117'),(94,155,'jcb','3576676371315776'),(95,16,'mastercard','5100134845151088'),(96,271,'jcb','3553350775117819'),(97,496,'jcb','3547279243141664'),(98,385,'switch','4905498589393694168'),(99,33,'jcb','3557599594039242'),(100,384,'jcb','3553044034480916'),(101,448,'jcb','3531468824557798'),(102,146,'switch','4905579413188773'),(103,476,'jcb','3581860622361747'),(104,458,'diners-club-enroute','201664276822137'),(105,497,'mastercard','5010126359690062'),(106,376,'jcb','3563449651675086'),(107,461,'bankcard','5602252783087651'),(108,257,'jcb','3589709214890930'),(109,438,'switch','490325723862318795'),(110,431,'diners-club-us-ca','5450537938227449'),(111,217,'mastercard','5291247172729505'),(112,237,'maestro','0604016876734605'),(113,327,'maestro','6759757000775051'),(114,217,'maestro','676239175225434927'),(115,366,'mastercard','5335103837921219'),(116,104,'jcb','3580651207355431'),(117,461,'jcb','3540176852007045'),(118,301,'bankcard','5610418063444926'),(119,96,'instapayment','6389915688578027'),(120,320,'jcb','3580015319330676'),(121,142,'diners-club-carte-blanche','30191260212890'),(122,238,'china-unionpay','5602257167512244281'),(123,295,'jcb','3546776251628848'),(124,436,'jcb','3572770796537231'),(125,327,'jcb','3545685478608809'),(126,310,'bankcard','5610197896969115'),(127,193,'jcb','3560136127694709'),(128,63,'jcb','3588017518187685'),(129,495,'visa-electron','4026680675780267'),(130,328,'jcb','3571590332534976'),(131,358,'jcb','3541045936043582'),(132,439,'jcb','3568828110566454'),(133,492,'switch','633110787435168973'),(134,461,'jcb','3541948327939658'),(135,207,'jcb','3586244776119034'),(136,476,'jcb','3540428563033079'),(137,65,'maestro','58930190346072624'),(138,4,'jcb','3575012381072234'),(139,306,'bankcard','5602231528719646'),(140,119,'americanexpress','374283643499494'),(141,413,'visa-electron','4917755900714869'),(142,462,'visa','4097954604341630'),(143,25,'mastercard','5100133813939664'),(144,11,'switch','5641822801146211845'),(145,168,'americanexpress','374288644356940'),(146,302,'switch','490384745771223731'),(147,403,'diners-club-enroute','201420542235871'),(148,31,'switch','6759502423326179787'),(149,183,'jcb','3568949826647311'),(150,499,'jcb','3558437143779761'),(151,473,'china-unionpay','560225648953765565'),(152,412,'jcb','3554817560076417'),(153,289,'mastercard','5010124795526701'),(154,252,'jcb','3583803403282763'),(155,219,'americanexpress','374288947470604'),(156,197,'bankcard','5602240723773373'),(157,272,'visa-electron','4175004453032966'),(158,71,'diners-club-enroute','201440068469860'),(159,70,'mastercard','5002351747101578'),(160,392,'jcb','3538027344010440'),(161,12,'diners-club-international','36373631883179'),(162,318,'jcb','3586608886449491'),(163,493,'americanexpress','374283814016325'),(164,439,'maestro','5038944934829536'),(165,427,'jcb','3560192465006469'),(166,462,'jcb','3543109312574772'),(167,133,'diners-club-carte-blanche','30536649076483'),(168,317,'jcb','3534536259327544'),(169,118,'jcb','3559313562707592'),(170,479,'diners-club-carte-blanche','30028513438015'),(171,78,'laser','6304368916645683'),(172,242,'jcb','3528911537895018'),(173,357,'switch','4936291169126758'),(174,216,'jcb','3553890645579391'),(175,264,'jcb','3581929554874611'),(176,278,'laser','6706200098238009243'),(177,183,'mastercard','5100170942297937'),(178,418,'jcb','3540674714208900'),(179,312,'china-unionpay','56022304298971500'),(180,148,'maestro','0604412724169809205'),(181,276,'instapayment','6383542049441723'),(182,389,'jcb','3532961963822782'),(183,67,'americanexpress','373534247863126'),(184,186,'americanexpress','378670813439464'),(185,265,'jcb','3547857922729824'),(186,39,'jcb','3556538434412269'),(187,152,'jcb','3557533983013914'),(188,444,'americanexpress','337941522319051'),(189,394,'bankcard','5602226953103027'),(190,388,'maestro','6759620463247079622'),(191,314,'laser','677198921395657871'),(192,287,'americanexpress','374622785653907'),(193,358,'maestro','675975529386724601'),(194,134,'americanexpress','374283890414402'),(195,108,'jcb','3529022206765257'),(196,418,'switch','493693990857130844'),(197,270,'mastercard','5007664171955078'),(198,307,'jcb','3541450764274061'),(199,109,'laser','67063002659519929'),(200,265,'diners-club-carte-blanche','30509283013286'),(201,426,'diners-club-enroute','201800542453873'),(202,120,'visa-electron','4913979281277858'),(203,116,'maestro','6762077848891662'),(204,75,'jcb','3558975639120750'),(205,378,'visa-electron','4917065406501988'),(206,40,'mastercard','5410790200510302'),(207,309,'diners-club-enroute','201791942817785'),(208,465,'instapayment','6383279985406705'),(209,401,'americanexpress','374283929756344'),(210,136,'mastercard','5048377843333878'),(211,147,'bankcard','5610169223314992'),(212,152,'mastercard','5002352671173492'),(213,175,'jcb','3567763118582032'),(214,334,'diners-club-carte-blanche','30349481873011'),(215,460,'visa-electron','4026393068530386'),(216,368,'china-unionpay','560225263807397910'),(217,167,'jcb','3537883851639414'),(218,219,'jcb','3570964788438126'),(219,60,'solo','6334787433868105072'),(220,92,'americanexpress','372301117219404'),(221,33,'jcb','3584198781864665'),(222,351,'visa-electron','4175000064901086'),(223,236,'laser','630400794252671654'),(224,212,'switch','6759649759223633'),(225,215,'jcb','3573601476102492'),(226,261,'jcb','3583174039317112'),(227,68,'jcb','3580509549016873'),(228,42,'mastercard','5560020185076592'),(229,119,'switch','6333601446106025387'),(230,331,'jcb','3550319810872152'),(231,109,'bankcard','5602253134727276'),(232,258,'visa-electron','4175005170913990'),(233,223,'jcb','3586475031402340'),(234,162,'maestro','50180759649338066'),(235,52,'switch','564182927273348283'),(236,284,'maestro','630451858680761110'),(237,285,'maestro','6759264857005038954'),(238,187,'jcb','3558066532763308'),(239,124,'bankcard','5602237231249888'),(240,362,'visa-electron','4844592489562858'),(241,179,'diners-club-enroute','201704181320908'),(242,267,'laser','67062527169378581'),(243,249,'switch','5641828314670223'),(244,23,'jcb','3559244488516041'),(245,59,'jcb','3534630399025504'),(246,176,'jcb','3561470288153588'),(247,404,'maestro','0604763712970576'),(248,175,'americanexpress','374459574234833'),(249,341,'jcb','3587557441034786'),(250,290,'switch','4905318233215866'),(251,210,'china-unionpay','5602256932145930'),(252,7,'mastercard','5559557148190245'),(253,493,'jcb','3546070367190970'),(254,341,'china-unionpay','5610232098834847548'),(255,345,'jcb','3542633759822171'),(256,47,'americanexpress','374622926803361'),(257,393,'jcb','3534198274405183'),(258,499,'visa-electron','4405292309343529'),(259,474,'china-unionpay','56022379931881225'),(260,257,'maestro','67623380294073004'),(261,298,'jcb','3550671983846573'),(262,347,'jcb','3579521560872251'),(263,396,'jcb','3573247480832425'),(264,174,'jcb','3557212797510767'),(265,341,'jcb','3548408040130641'),(266,80,'mastercard','5010124751761219'),(267,64,'jcb','3555590762614561'),(268,444,'bankcard','5602231109149635'),(269,253,'diners-club-carte-blanche','30525467852323'),(270,429,'jcb','3558051587527055'),(271,45,'bankcard','5602228661732543'),(272,47,'jcb','3541828216717920'),(273,441,'mastercard','5100137936588399'),(274,464,'jcb','3543862373265751'),(275,28,'mastercard','5566168027484914'),(276,307,'jcb','3582147378976822'),(277,465,'jcb','3560687528940299'),(278,224,'visa-electron','4917021821486081'),(279,101,'americanexpress','374622987341889'),(280,372,'jcb','3576561587928960'),(281,400,'mastercard','5002356275974908'),(282,95,'diners-club-carte-blanche','30474647288621'),(283,351,'mastercard','5100171702769016'),(284,326,'diners-club-enroute','201582767972551'),(285,191,'china-unionpay','561008141756742057'),(286,479,'jcb','3570214295642764'),(287,241,'bankcard','5602251986149763'),(288,386,'jcb','3572588199179322'),(289,168,'bankcard','5610112094740614'),(290,194,'mastercard','5100147457362181'),(291,329,'mastercard','5002351391909714'),(292,82,'americanexpress','337941192822517'),(293,417,'maestro','6304995436085725'),(294,432,'china-unionpay','5602222864824736'),(295,169,'jcb','3584796016246838'),(296,209,'bankcard','5602220973079523'),(297,79,'jcb','3566322447233162'),(298,498,'jcb','3531436386366718'),(299,250,'switch','6759110249924696698'),(300,453,'jcb','3535093237296101'),(301,365,'maestro','5020204429884705623'),(302,232,'switch','6333277698188165'),(303,245,'visa-electron','4405984763192182'),(304,160,'jcb','3580307948817425'),(305,403,'china-unionpay','5602233037365846'),(306,94,'visa','4076392872123734'),(307,156,'china-unionpay','56022451229364865'),(308,79,'jcb','3535242999217967'),(309,347,'jcb','3577670691658774'),(310,310,'jcb','3552453328119380'),(311,324,'jcb','3560924919661303'),(312,24,'diners-club-carte-blanche','30446284968079'),(313,44,'diners-club-international','36906114404896'),(314,413,'jcb','3542548720710596'),(315,29,'china-unionpay','56108360277854015'),(316,199,'switch','490575211238937826'),(317,168,'switch','5641827571335896632'),(318,492,'laser','67065529724381149'),(319,349,'diners-club-carte-blanche','30015642274080'),(320,391,'jcb','3574811800499048'),(321,216,'jcb','3585626011511457'),(322,339,'jcb','3584964530469654'),(323,197,'jcb','3551105474212630'),(324,196,'diners-club-enroute','201940414764591'),(325,462,'jcb','3576327240492541'),(326,370,'jcb','3582491509074085'),(327,75,'jcb','3579824228599468'),(328,169,'mastercard','5100139180805032'),(329,458,'maestro','5020380787000042'),(330,387,'jcb','3562813795746080'),(331,375,'jcb','3576492857314022'),(332,137,'americanexpress','337941821283792'),(333,269,'jcb','3549486308828261'),(334,263,'jcb','3588063618798492'),(335,131,'maestro','5893978000555328963'),(336,397,'diners-club-enroute','201528683274903'),(337,15,'solo','6334611025504085551'),(338,387,'jcb','3571906371477994'),(339,184,'diners-club-carte-blanche','30105983751984'),(340,163,'jcb','3587336130713749'),(341,422,'maestro','5018475256379440'),(342,386,'jcb','3574630644172706'),(343,492,'switch','6759334325766636354'),(344,214,'maestro','67615545398737098'),(345,444,'visa-electron','4026668956235168'),(346,339,'visa-electron','4508405702997131'),(347,111,'maestro','676182725540666913'),(348,328,'switch','490378231436499444'),(349,79,'jcb','3553014315995502'),(350,79,'mastercard','5002359826032309'),(351,194,'maestro','6762131929138712279'),(352,317,'maestro','5020201258637777610'),(353,148,'maestro','6763447804187390433'),(354,455,'diners-club-us-ca','5408584811299502'),(355,50,'switch','4911021125425336694'),(356,302,'maestro','676240450235132499'),(357,301,'diners-club-us-ca','5491812207691893'),(358,181,'switch','4903860180841253'),(359,246,'jcb','3551784486104397'),(360,98,'diners-club-enroute','201652376869900'),(361,203,'jcb','3560322979072174'),(362,139,'bankcard','5602216556853177'),(363,372,'maestro','0604224878703930758'),(364,361,'mastercard','5007666095228714'),(365,465,'visa-electron','4405376205972273'),(366,473,'instapayment','6385940954071493'),(367,332,'visa-electron','4844458214641617'),(368,86,'mastercard','5002352409825827'),(369,208,'jcb','3530341403210280'),(370,405,'visa','4041599479706'),(371,374,'china-unionpay','5602244958278959310'),(372,226,'bankcard','5602219158316619'),(373,439,'mastercard','5007663040256981'),(374,303,'jcb','3556263142595368'),(375,200,'jcb','3546366429923949'),(376,89,'diners-club-carte-blanche','30289127577875'),(377,463,'mastercard','5123053863697413'),(378,9,'jcb','3576860347737962'),(379,206,'americanexpress','374622528709198'),(380,252,'diners-club-enroute','201592083607427'),(381,411,'laser','630414180893795785'),(382,464,'americanexpress','374288148149122'),(383,407,'maestro','5893097886838953122'),(384,30,'visa-electron','4913136075443218'),(385,476,'maestro','676266584460784704'),(386,470,'americanexpress','374283924123540'),(387,345,'switch','4903839925157688'),(388,344,'bankcard','5602236682356010'),(389,301,'switch','6759347666447541942'),(390,17,'jcb','3579745734350809'),(391,200,'laser','67067057116491076'),(392,406,'diners-club-enroute','201946374677004'),(393,291,'diners-club-enroute','201873640949514'),(394,496,'maestro','5038474521626872250'),(395,320,'laser','677159872741656918'),(396,244,'diners-club-carte-blanche','30539735297732'),(397,7,'laser','630423283828209564'),(398,307,'maestro','675969622422786870'),(399,312,'instapayment','6373693132892603'),(400,170,'jcb','3528011046124180'),(401,448,'china-unionpay','56022540106298194'),(402,267,'china-unionpay','56102502256216049'),(403,182,'diners-club-enroute','201953472266946'),(404,477,'maestro','67619954979089117'),(405,115,'jcb','3536971699792429'),(406,54,'diners-club-carte-blanche','30345630573684'),(407,39,'jcb','3534433692692355'),(408,298,'americanexpress','374283088786777'),(409,250,'switch','4905615819545817724'),(410,300,'jcb','3560184533457303'),(411,372,'maestro','50382425056565445'),(412,64,'jcb','3564212660400782'),(413,110,'jcb','3540448338815014'),(414,482,'maestro','676228124708926655'),(415,240,'jcb','3545072394912823'),(416,252,'americanexpress','342005028655559'),(417,171,'jcb','3554088313430851'),(418,490,'visa-electron','4175000407638916'),(419,411,'jcb','3540485921214171'),(420,351,'jcb','3565407460764242'),(421,53,'maestro','589313191469743927'),(422,77,'maestro','060448958205469920'),(423,242,'mastercard','5483028088789835'),(424,188,'mastercard','5100170649438107'),(425,414,'visa-electron','4844661826675622'),(426,96,'mastercard','5100137310537244'),(427,492,'jcb','3579150367601067'),(428,338,'jcb','3585860477298107'),(429,76,'china-unionpay','5602211708138676'),(430,301,'jcb','3567633516005045'),(431,104,'jcb','3556346304754780'),(432,467,'mastercard','5002351092338627'),(433,31,'mastercard','5100149535380334'),(434,186,'jcb','3546960721553014'),(435,28,'jcb','3543295394741049'),(436,240,'maestro','6762398890697443979'),(437,430,'jcb','3532090824515441'),(438,136,'mastercard','5100141064119472'),(439,197,'switch','4936592977243325'),(440,157,'jcb','3563092926995036'),(441,30,'americanexpress','337941756383260'),(442,106,'visa','4932325342943897'),(443,431,'instapayment','6391352049062184'),(444,36,'china-unionpay','5602226127219105100'),(445,132,'jcb','3564786677381283'),(446,115,'china-unionpay','5602253375218246468'),(447,49,'jcb','3575593983793814'),(448,208,'maestro','5038129766028049'),(449,484,'americanexpress','374622179522940'),(450,44,'solo','6767159919623943899'),(451,51,'jcb','3529480211447685'),(452,91,'jcb','3562144071990238'),(453,211,'maestro','5038800725347890'),(454,95,'visa-electron','4913561197321457'),(455,142,'jcb','3561217450238139'),(456,245,'americanexpress','337941638951516'),(457,477,'jcb','3551407881074466'),(458,114,'jcb','3552665680873516'),(459,101,'diners-club-us-ca','5595372563575052'),(460,216,'jcb','3580314725367996'),(461,377,'mastercard','5002351184176737'),(462,340,'jcb','3583356236612078'),(463,454,'bankcard','5610946599372799'),(464,485,'diners-club-international','36502760257413'),(465,209,'jcb','3572467357505133'),(466,405,'mastercard','5108759741762562'),(467,131,'maestro','502011001801910878'),(468,351,'mastercard','5100132534989834'),(469,44,'jcb','3586361638088197'),(470,151,'mastercard','5010123884683639'),(471,170,'maestro','63040255139328264'),(472,396,'jcb','3540943297390496'),(473,185,'mastercard','5281039296413047'),(474,168,'jcb','3552351250189688'),(475,431,'diners-club-international','36126927540055'),(476,304,'diners-club-enroute','201685276285439'),(477,40,'diners-club-carte-blanche','30224807805403'),(478,386,'visa-electron','4405660987660325'),(479,94,'laser','6709126843294110137'),(480,45,'laser','670980241859788865'),(481,69,'jcb','3536563122725249'),(482,459,'jcb','3581389343447742'),(483,443,'jcb','3558823854121360'),(484,191,'jcb','3561756164489397'),(485,315,'jcb','3550751792124907'),(486,3,'jcb','3572943429455747'),(487,327,'jcb','3580294588255431'),(488,455,'jcb','3528747780230705'),(489,435,'diners-club-international','36351736257929'),(490,443,'bankcard','5602244006452275'),(491,298,'mastercard','5002354167534922'),(492,206,'visa','4041599834488581'),(493,338,'jcb','3544224437337515'),(494,302,'jcb','3559073149168128'),(495,339,'instapayment','6388351714080765'),(496,274,'maestro','0604466116453516783'),(497,377,'china-unionpay','56022188298935809'),(498,232,'mastercard','5473619509746958'),(499,180,'jcb','3541064650141225'),(500,288,'jcb','3541253521503115'),(501,371,'jcb','3540247687993574'),(502,253,'mastercard','5100145850008542'),(503,209,'visa-electron','4913686983728423'),(504,382,'bankcard','5602231480990920'),(505,172,'maestro','675943871967874929'),(506,80,'jcb','3540521242687818'),(507,448,'jcb','3584530482166265'),(508,65,'jcb','3571386007934173'),(509,334,'diners-club-carte-blanche','30241753693039'),(510,14,'americanexpress','371030435200116'),(511,355,'jcb','3541385297862141'),(512,452,'bankcard','5602242691114036'),(513,285,'jcb','3546725899504556'),(514,404,'switch','490577093613046300'),(515,438,'mastercard','5048372280345477'),(516,164,'jcb','3571734689836341'),(517,413,'mastercard','5100139438051520'),(518,158,'visa-electron','4175005939502555'),(519,130,'jcb','3532589420234794'),(520,84,'bankcard','5602214402684771'),(521,100,'jcb','3587320127525373'),(522,158,'mastercard','5007666083593970'),(523,91,'jcb','3558832960496160'),(524,196,'jcb','3585097443364735'),(525,310,'americanexpress','337941274723153'),(526,243,'diners-club-carte-blanche','30519097993086'),(527,452,'switch','6331105502508710'),(528,5,'jcb','3537851987767425'),(529,41,'jcb','3553928018236890'),(530,305,'jcb','3559233508142342'),(531,450,'jcb','3552983738250037'),(532,499,'jcb','3556384344050638'),(533,170,'jcb','3547943107672813'),(534,468,'jcb','3555054328256011'),(535,387,'jcb','3573574137543133'),(536,305,'bankcard','5602210391297955'),(537,284,'jcb','3535841613726335'),(538,307,'maestro','5038683945960522'),(539,235,'jcb','3531068721557113'),(540,313,'laser','67710471833419206'),(541,385,'china-unionpay','560224631773157834'),(542,161,'diners-club-carte-blanche','30057954505867'),(543,118,'mastercard','5100131644004997'),(544,369,'china-unionpay','56022534827138748'),(545,229,'visa-electron','4175009517584464'),(546,125,'jcb','3560459004398024'),(547,68,'diners-club-us-ca','5574893233396285'),(548,260,'jcb','3530678020922023'),(549,144,'americanexpress','374283405077579'),(550,386,'jcb','3573187374568588'),(551,256,'jcb','3584743402811775'),(552,328,'maestro','0604873770595009987'),(553,311,'visa-electron','4175002240680790'),(554,207,'visa','4069145445277'),(555,134,'jcb','3556033342969386'),(556,170,'china-unionpay','5602242091890946'),(557,177,'americanexpress','374749119025203'),(558,155,'diners-club-carte-blanche','30117901568515'),(559,315,'visa-electron','4175001522509164'),(560,486,'laser','67068001401615261'),(561,85,'jcb','3563824055399113'),(562,48,'jcb','3565029928959212'),(563,297,'visa','4542856144376078'),(564,35,'bankcard','5602238056265256'),(565,383,'diners-club-enroute','201817943748958'),(566,391,'visa-electron','4405048314086150'),(567,478,'mastercard','5300854157025137'),(568,445,'jcb','3544815830349617'),(569,300,'jcb','3546194029939077'),(570,489,'jcb','3563313372795104'),(571,445,'jcb','3529949127236556'),(572,128,'jcb','3537458795920350'),(573,355,'jcb','3578424652759901'),(574,77,'maestro','6763569640827751929'),(575,4,'maestro','63049073334657697'),(576,145,'solo','6334166635025707241'),(577,451,'jcb','3564234552887033'),(578,451,'americanexpress','349941668678530'),(579,414,'visa-electron','4026817339837543'),(580,60,'jcb','3562567107387336'),(581,339,'china-unionpay','56022288591575862'),(582,314,'laser','677155069107487103'),(583,15,'maestro','50382778301213736'),(584,195,'americanexpress','376876129786421'),(585,19,'diners-club-us-ca','5571025250470031'),(586,466,'jcb','3531096339596975'),(587,430,'jcb','3543034198331164'),(588,32,'visa-electron','4844855526058101'),(589,256,'visa-electron','4026040296670225'),(590,215,'americanexpress','372301685590566'),(591,332,'jcb','3573152659695944'),(592,456,'china-unionpay','560222589442967623'),(593,287,'jcb','3563900201886433'),(594,94,'switch','6759566802529040'),(595,127,'maestro','63044337253224739'),(596,221,'jcb','3565454324916188'),(597,350,'jcb','3589726606833385'),(598,233,'jcb','3584041008002141'),(599,70,'americanexpress','337941227429510'),(600,41,'jcb','3581888128175345'),(601,273,'diners-club-us-ca','5572262178969518'),(602,121,'diners-club-enroute','201967608453699'),(603,146,'jcb','3571035551972804'),(604,45,'jcb','3568993970670547'),(605,205,'diners-club-carte-blanche','30009806153081'),(606,25,'jcb','3563187744731017'),(607,282,'maestro','5038220286219175183'),(608,235,'china-unionpay','5602249996673897'),(609,412,'jcb','3543847648380469'),(610,142,'jcb','3537319669933434'),(611,107,'maestro','6761268727233503'),(612,165,'switch','4905150942282578068'),(613,437,'diners-club-carte-blanche','30295613680966'),(614,472,'jcb','3573303538189233'),(615,166,'mastercard','5100132363211235'),(616,333,'jcb','3573761294022510'),(617,464,'jcb','3539146389083994'),(618,103,'mastercard','5421729358287559'),(619,269,'switch','5641820504929428'),(620,317,'mastercard','5100174564615566'),(621,71,'visa','4041593541642'),(622,172,'bankcard','5602210911551931'),(623,183,'bankcard','5602226657025336'),(624,462,'mastercard','5231478995016993'),(625,478,'visa-electron','4844108408029646'),(626,126,'jcb','3583244781340453'),(627,26,'mastercard','5048374753009499'),(628,239,'jcb','3580354592644804'),(629,262,'jcb','3543635059799115'),(630,364,'switch','493606286156905069'),(631,57,'americanexpress','344932018169267'),(632,303,'instapayment','6392359474015073'),(633,271,'jcb','3562631420949063'),(634,248,'mastercard','5211367462939320'),(635,436,'mastercard','5100172052303117'),(636,346,'mastercard','5285912922893202'),(637,450,'mastercard','5417881948277032'),(638,464,'visa-electron','4175000325276377'),(639,55,'jcb','3528917654713165'),(640,250,'mastercard','5010122417007001'),(641,89,'jcb','3541341591850290'),(642,392,'americanexpress','370181151718285'),(643,37,'diners-club-enroute','201548576084813'),(644,134,'switch','4905124061541973938'),(645,107,'mastercard','5465684187138639'),(646,332,'laser','67068118218070561'),(647,112,'jcb','3528637269811408'),(648,1,'americanexpress','374283645602715'),(649,359,'mastercard','5108756853618533'),(650,388,'jcb','3550947090536343'),(651,278,'maestro','6762055310581672'),(652,251,'diners-club-us-ca','5585480028546659'),(653,162,'maestro','6763649799118694968'),(654,111,'laser','67067265690023567'),(655,199,'switch','490363929816652493'),(656,259,'jcb','3538870024619604'),(657,473,'jcb','3542533702367318'),(658,298,'maestro','67618561382081572'),(659,70,'jcb','3529563631163170'),(660,280,'jcb','3559965787292138'),(661,405,'jcb','3556029266817072'),(662,132,'jcb','3574050391604605'),(663,147,'instapayment','6372339099596156'),(664,340,'maestro','6763279341433873204'),(665,89,'jcb','3581197670261689'),(666,163,'jcb','3584790876181623'),(667,57,'americanexpress','374283941383077'),(668,198,'visa-electron','4405059330349894'),(669,215,'maestro','503853691887935945'),(670,239,'jcb','3534089367959956'),(671,369,'switch','6759978295905983218'),(672,113,'bankcard','5602239056553527'),(673,169,'jcb','3587591723512201'),(674,448,'americanexpress','337941331197318'),(675,402,'jcb','3551068389037106'),(676,499,'jcb','3528488426954842'),(677,51,'jcb','3528923094158615'),(678,152,'jcb','3554650838879266'),(679,104,'jcb','3536272052897487'),(680,335,'switch','4903748765256817'),(681,479,'americanexpress','374283594557415'),(682,425,'jcb','3561823436907190'),(683,314,'diners-club-enroute','201811844875200'),(684,21,'switch','490524250302042305'),(685,363,'americanexpress','373385536388477'),(686,128,'jcb','3584352426978683'),(687,308,'americanexpress','341273587483877'),(688,478,'diners-club-enroute','201410230499806'),(689,301,'jcb','3576627766248296'),(690,136,'china-unionpay','5602249308456486'),(691,349,'jcb','3549988189624495'),(692,21,'jcb','3537887213470673'),(693,259,'bankcard','5602213292384054'),(694,172,'jcb','3565319463415542'),(695,357,'switch','490356917826286104'),(696,105,'jcb','3577561704050507'),(697,139,'china-unionpay','5602213448227272'),(698,157,'jcb','3577752407994014'),(699,214,'jcb','3584852468681574'),(700,108,'bankcard','5602244196082270'),(701,181,'laser','6771654303047848384'),(702,203,'americanexpress','337941915487044'),(703,354,'jcb','3558340993149210'),(704,81,'visa','4017950653773175'),(705,182,'mastercard','5002356271494885'),(706,161,'solo','676762598057528158'),(707,346,'visa','4842388888950568'),(708,26,'jcb','3587886533662547'),(709,464,'jcb','3565264471183718'),(710,485,'jcb','3557440091379973'),(711,126,'jcb','3585326280880077'),(712,92,'jcb','3536160205785537'),(713,500,'jcb','3550256194577769'),(714,253,'americanexpress','374622067008499'),(715,476,'jcb','3539820951709901'),(716,456,'jcb','3551778294049109'),(717,318,'jcb','3553367925532895'),(718,491,'jcb','3581704980070385'),(719,12,'instapayment','6391993661229054'),(720,399,'jcb','3569681971573559'),(721,60,'jcb','3534093343763110'),(722,199,'jcb','3579383119401961'),(723,228,'switch','633324790427976694'),(724,386,'visa','4041596649264017'),(725,353,'maestro','5020137669412654668'),(726,319,'diners-club-carte-blanche','30148306527863'),(727,383,'jcb','3563516301378616'),(728,387,'china-unionpay','56108942073108215'),(729,21,'jcb','3563956603947355'),(730,183,'diners-club-enroute','201961195103213'),(731,41,'mastercard','5585495671285165'),(732,206,'jcb','3530853549513690'),(733,251,'jcb','3575027482178656'),(734,496,'jcb','3544263561987661'),(735,192,'jcb','3543820500282586'),(736,458,'visa','4041598632446'),(737,157,'switch','4903138619344987'),(738,269,'americanexpress','337941445702375'),(739,234,'jcb','3535073482874596'),(740,310,'jcb','3568683184522986'),(741,194,'mastercard','5108753129838326'),(742,35,'jcb','3538972785994067'),(743,270,'jcb','3543261956761528'),(744,323,'jcb','3544450599109273'),(745,477,'bankcard','5602245802307183'),(746,266,'jcb','3573689486651541'),(747,465,'jcb','3548274841996097'),(748,57,'jcb','3580389016676891'),(749,208,'mastercard','5296888029998333'),(750,378,'jcb','3576458616480347'),(751,97,'diners-club-international','36407093565252'),(752,262,'china-unionpay','5602245912520881417'),(753,291,'solo','633456540498186602'),(754,153,'maestro','50388268794826586'),(755,436,'laser','6709475700923985'),(756,164,'jcb','3572054625926166'),(757,266,'mastercard','5539045697259962'),(758,312,'mastercard','5108756311638941'),(759,433,'visa-electron','4175003152117037'),(760,83,'china-unionpay','5602225358635476996'),(761,59,'diners-club-enroute','201788248889658'),(762,279,'jcb','3566492898221824'),(763,460,'jcb','3566257122523042'),(764,15,'diners-club-carte-blanche','30281369296132'),(765,402,'jcb','3533651544675036'),(766,417,'china-unionpay','561019494127289200'),(767,337,'americanexpress','374214713417355'),(768,149,'jcb','3579436019695494'),(769,56,'visa-electron','4175006361302472'),(770,393,'visa-electron','4405271262219173'),(771,147,'jcb','3536848526893184'),(772,16,'jcb','3557192059801312'),(773,288,'mastercard','5580214763223330'),(774,386,'diners-club-enroute','201913824384789'),(775,150,'diners-club-carte-blanche','30582704050930'),(776,216,'mastercard','5487600085972428'),(777,387,'solo','6767369309235912795'),(778,257,'jcb','3562537338392983'),(779,241,'bankcard','5610893589614907'),(780,120,'maestro','676246158121635681'),(781,30,'switch','4903054658602682'),(782,415,'maestro','503896312321974866'),(783,428,'jcb','3576540788018250'),(784,219,'jcb','3557945974535939'),(785,39,'maestro','6763111925718120067'),(786,2,'china-unionpay','5602248716554981'),(787,131,'bankcard','5602236671222173'),(788,210,'jcb','3578679317917513'),(789,323,'solo','6334798575480820'),(790,433,'china-unionpay','56102754087063351'),(791,77,'jcb','3539385572966041'),(792,377,'jcb','3537248449818708'),(793,377,'jcb','3577896081296574'),(794,180,'jcb','3560111352886106'),(795,258,'visa-electron','4026412299903517'),(796,166,'diners-club-enroute','201471560089799'),(797,293,'visa','4041590175261'),(798,201,'visa-electron','4913163011182999'),(799,359,'laser','6706004075417151986'),(800,187,'maestro','50200271841157498'),(801,406,'jcb','3531667512086156'),(802,132,'diners-club-enroute','201602546879859'),(803,104,'jcb','3528719843336886'),(804,191,'maestro','5893343167646309'),(805,268,'mastercard','5100148090344859'),(806,94,'mastercard','5010121996128154'),(807,411,'jcb','3575703883472118'),(808,142,'jcb','3548380652631408'),(809,137,'jcb','3539940354854011'),(810,318,'jcb','3585497263490695'),(811,387,'mastercard','5358313021050673'),(812,475,'bankcard','5610218695664614'),(813,491,'jcb','3583348201849090'),(814,9,'jcb','3579175656149148'),(815,193,'jcb','3544796464345156'),(816,152,'switch','4905486594975709313'),(817,317,'diners-club-carte-blanche','30018478671361'),(818,167,'jcb','3539075251476616'),(819,204,'jcb','3536148897429894'),(820,153,'jcb','3557200312336214'),(821,498,'jcb','3546323780431285'),(822,267,'visa-electron','4508214897488835'),(823,279,'jcb','3569018639892099'),(824,466,'laser','67719779669666984'),(825,281,'jcb','3544880972319927'),(826,1,'mastercard','5108758275380460'),(827,258,'china-unionpay','5610315673669385895'),(828,500,'visa-electron','4175003072253896'),(829,453,'jcb','3572409411526150'),(830,380,'bankcard','5602234232382461'),(831,194,'jcb','3580346280578781'),(832,352,'diners-club-carte-blanche','30216869734679'),(833,207,'maestro','50187142754896124'),(834,107,'switch','6333107506905031842'),(835,298,'jcb','3586828623730157'),(836,189,'diners-club-carte-blanche','30391969747291'),(837,26,'mastercard','5048376905541220'),(838,85,'jcb','3540635910156078'),(839,437,'jcb','3578987779438443'),(840,163,'bankcard','5602232740800867'),(841,242,'americanexpress','374622476302301'),(842,177,'switch','4905963417052508444'),(843,179,'maestro','06043284425917818'),(844,94,'maestro','5038703419578244'),(845,379,'jcb','3547284416567612'),(846,122,'diners-club-enroute','201856313428288'),(847,101,'mastercard','5343181670747651'),(848,292,'mastercard','5100149358840901'),(849,120,'jcb','3538303992538465'),(850,448,'mastercard','5100175653565554'),(851,78,'jcb','3567505107763630'),(852,319,'switch','5641825283127033398'),(853,103,'jcb','3574731020782678'),(854,41,'jcb','3561569504646018'),(855,95,'jcb','3558428713179011'),(856,109,'jcb','3538707752414446'),(857,281,'diners-club-carte-blanche','30152631229419'),(858,59,'jcb','3549417651527325'),(859,150,'jcb','3571379243989879'),(860,213,'diners-club-enroute','201658461460547'),(861,390,'bankcard','5602242071567605'),(862,87,'jcb','3578664366994019'),(863,97,'americanexpress','340731493539398'),(864,412,'americanexpress','345737259396522'),(865,99,'jcb','3564885659340067'),(866,59,'jcb','3531176789801255'),(867,483,'jcb','3580612144219163'),(868,18,'mastercard','5010126687257410'),(869,152,'americanexpress','374622707232640'),(870,363,'visa','4041591960981133'),(871,470,'visa-electron','4026737432433588'),(872,307,'maestro','58931290257483221'),(873,114,'jcb','3569923551357841'),(874,132,'maestro','6761099704910080'),(875,148,'solo','6334793164188059978'),(876,340,'switch','4905978637632683'),(877,327,'bankcard','5602237129892203'),(878,73,'solo','676770117976784360'),(879,296,'laser','6709733420203414655'),(880,395,'china-unionpay','5602257532957781'),(881,76,'diners-club-carte-blanche','30035225413301'),(882,85,'jcb','3571774743251202'),(883,32,'americanexpress','374622985795672'),(884,311,'jcb','3571785460896458'),(885,93,'mastercard','5153428962148356'),(886,59,'visa','4041592828495'),(887,119,'jcb','3571256680384527'),(888,134,'americanexpress','373676857513879'),(889,261,'jcb','3582216523672154'),(890,384,'jcb','3541217209685551'),(891,315,'diners-club-us-ca','5456443360069926'),(892,479,'jcb','3553055877184480'),(893,452,'jcb','3541727485617391'),(894,382,'switch','5641825880357474'),(895,160,'diners-club-carte-blanche','30520527657481'),(896,23,'visa-electron','4508676023049790'),(897,375,'mastercard','5490869149078234'),(898,222,'china-unionpay','560224385201736293'),(899,447,'jcb','3569841114970456'),(900,360,'laser','6771027665689105137'),(901,30,'mastercard','5493166211537370'),(902,429,'jcb','3537135118302306'),(903,172,'visa','4041375422896'),(904,217,'jcb','3587617096792482'),(905,148,'laser','6771671747417434002'),(906,403,'laser','670927759919540717'),(907,437,'jcb','3549086723306362'),(908,353,'jcb','3568892497612315'),(909,218,'jcb','3544768325135001'),(910,268,'switch','675924952518758374'),(911,419,'jcb','3570897618576014'),(912,266,'laser','677199819742329856'),(913,429,'jcb','3557946737161534'),(914,27,'diners-club-carte-blanche','30108358380850'),(915,339,'jcb','3562306392198326'),(916,432,'switch','4905224215658307'),(917,208,'diners-club-carte-blanche','30183865147530'),(918,305,'visa-electron','4405273862701519'),(919,490,'visa-electron','4175009299748535'),(920,235,'jcb','3576059309556110'),(921,136,'diners-club-enroute','201786409131712'),(922,225,'bankcard','5602230719994315'),(923,309,'jcb','3557165727633093'),(924,357,'jcb','3586369609750083'),(925,226,'jcb','3543137012245484'),(926,147,'switch','4911530967724424'),(927,345,'jcb','3578820075347754'),(928,496,'laser','67097055440002209'),(929,420,'switch','6333423382601077'),(930,174,'jcb','3589687536975268'),(931,327,'laser','670656753449739276'),(932,264,'switch','491188336469786977'),(933,21,'jcb','3555431058860735'),(934,446,'mastercard','5007663229019820'),(935,181,'jcb','3539543588411341'),(936,195,'jcb','3577435329978477'),(937,258,'instapayment','6399884355955967'),(938,152,'visa','4041370933970'),(939,140,'diners-club-us-ca','5448008394726154'),(940,451,'jcb','3552322287069276'),(941,334,'jcb','3563281663664497'),(942,377,'jcb','3547882606290968'),(943,436,'jcb','3547230499022819'),(944,468,'diners-club-enroute','201495533134176'),(945,51,'jcb','3549573357844354'),(946,4,'diners-club-enroute','201417116525703'),(947,166,'switch','6759971200615840770'),(948,402,'maestro','58939032945414586'),(949,316,'jcb','3587622612678447'),(950,236,'jcb','3552469331343007'),(951,20,'maestro','501840475553487989'),(952,450,'americanexpress','374288082953406'),(953,162,'china-unionpay','5602253272508728'),(954,22,'americanexpress','374622836909423'),(955,93,'jcb','3586520780549971'),(956,102,'jcb','3532556940834858'),(957,253,'maestro','675906221680251119'),(958,102,'jcb','3566598923245008'),(959,218,'americanexpress','345899402007131'),(960,278,'jcb','3577920917098051'),(961,395,'instapayment','6381772915344121'),(962,450,'jcb','3551905667108762'),(963,69,'instapayment','6375724213992323'),(964,115,'maestro','503818905390158355'),(965,433,'mastercard','5007660136331058'),(966,452,'jcb','3559458223310664'),(967,327,'jcb','3536355028231053'),(968,170,'diners-club-carte-blanche','30141633406208'),(969,144,'jcb','3554532374705503'),(970,341,'jcb','3586162328960178'),(971,24,'jcb','3546333584613426'),(972,136,'diners-club-enroute','201486738601457'),(973,95,'jcb','3551786502293674'),(974,21,'jcb','3543032909774615'),(975,249,'jcb','3562121721780425'),(976,8,'visa','4041591086389054'),(977,224,'mastercard','5125342032218310'),(978,475,'mastercard','5002357087160652'),(979,420,'switch','6333037822094675'),(980,148,'diners-club-international','36659405589632'),(981,40,'maestro','6763701535258922'),(982,53,'jcb','3552183903433662'),(983,32,'china-unionpay','560224419876486940'),(984,72,'maestro','06040682453081246'),(985,172,'americanexpress','370349421432983'),(986,159,'bankcard','5602228190676583'),(987,187,'visa-electron','4175007551166644'),(988,372,'jcb','3554987412149736'),(989,471,'jcb','3546616639594058'),(990,192,'bankcard','5610196704636155'),(991,134,'jcb','3571043199772602'),(992,352,'jcb','3582256583132624'),(993,127,'china-unionpay','5610519092461125249'),(994,97,'diners-club-carte-blanche','30080798294738'),(995,224,'jcb','3533659952791120'),(996,165,'maestro','6304117041299122659'),(997,256,'diners-club-enroute','201701506985357'),(998,434,'bankcard','5602252838857405'),(999,95,'diners-club-enroute','201409966638249'),(1000,270,'jcb','3588844116508263');
/*!40000 ALTER TABLE `PaymentMethod` ENABLE KEYS */;
UNLOCK TABLES;

--
-- Table structure for table `Ratings`
--

DROP TABLE IF EXISTS `Ratings`;
/*!40101 SET @saved_cs_client     = @@character_set_client */;
/*!50503 SET character_set_client = utf8mb4 */;
CREATE TABLE `Ratings` (
  `idRatings` varchar(4) CHARACTER SET utf8 COLLATE utf8_general_ci NOT NULL,
  `description` varchar(256) DEFAULT NULL,
  PRIMARY KEY (`idRatings`),
  UNIQUE KEY `idRatings_UNIQUE` (`idRatings`)
) ENGINE=InnoDB DEFAULT CHARSET=utf8mb4 COLLATE=utf8mb4_0900_ai_ci;
/*!40101 SET character_set_client = @saved_cs_client */;

--
-- Dumping data for table `Ratings`
--

LOCK TABLES `Ratings` WRITE;
/*!40000 ALTER TABLE `Ratings` DISABLE KEYS */;
INSERT INTO `Ratings` VALUES ('AMEL','Aircraft Multi Engine Land'),('AMES','Aircraft Multi Engine Sea'),('ASEL','Aircraft Single Engine Land'),('ASES','Aircraft Single Engine Sea'),('CFI','Certified Flight Instructor'),('CFII','Certified Flight Instructor - Instrument'),('CP','Complex'),('CPL','Commercial Pilot License'),('HP','High Performance'),('IFR','Instrument Flight Rating'),('MEI','Multi Engine Instructor'),('PPL','Private Pilot License'),('TW','Tailwheel');
/*!40000 ALTER TABLE `Ratings` ENABLE KEYS */;
UNLOCK TABLES;

--
-- Table structure for table `Reservation`
--

DROP TABLE IF EXISTS `Reservation`;
/*!40101 SET @saved_cs_client     = @@character_set_client */;
/*!50503 SET character_set_client = utf8mb4 */;
CREATE TABLE `Reservation` (
  `idReservation` int NOT NULL,
  `idCustomer` int NOT NULL,
  `idAircraft` varchar(6) CHARACTER SET utf8 COLLATE utf8_general_ci DEFAULT NULL,
  `dateStart` datetime DEFAULT NULL,
  `dateEnd` datetime DEFAULT NULL,
  `idFlightPlan` int DEFAULT NULL,
  `idInstructor` int DEFAULT NULL,
  `idInvoice` int DEFAULT NULL,
  PRIMARY KEY (`idReservation`),
  UNIQUE KEY `idInvoice_UNIQUE` (`idInvoice`),
  KEY `fk_Reservation_FlightPlan1_idx` (`idFlightPlan`),
  KEY `fk_Reservation_Instructor1_idx` (`idInstructor`),
  KEY `fk_Reservation_Invoice1_idx` (`idInvoice`),
  KEY `fk_Reservation_Customer1_idx` (`idCustomer`),
  KEY `fk_Reservation_Aircraft1_idx` (`idAircraft`),
  CONSTRAINT `fk_Reservation_Aircraft1` FOREIGN KEY (`idAircraft`) REFERENCES `Aircraft` (`idAircraft`),
  CONSTRAINT `fk_Reservation_Customer1` FOREIGN KEY (`idCustomer`) REFERENCES `Customer` (`idCustomer`),
  CONSTRAINT `fk_Reservation_FlightPlan1` FOREIGN KEY (`idFlightPlan`) REFERENCES `FlightPlan` (`idFlightPlan`),
  CONSTRAINT `fk_Reservation_Instructor1` FOREIGN KEY (`idInstructor`) REFERENCES `Instructor` (`idInstructor`),
  CONSTRAINT `fk_Reservation_Invoice1` FOREIGN KEY (`idInvoice`) REFERENCES `Invoice` (`idInvoice`)
) ENGINE=InnoDB DEFAULT CHARSET=utf8mb4 COLLATE=utf8mb4_0900_ai_ci;
/*!40101 SET character_set_client = @saved_cs_client */;

--
-- Dumping data for table `Reservation`
--

LOCK TABLES `Reservation` WRITE;
/*!40000 ALTER TABLE `Reservation` DISABLE KEYS */;
INSERT INTO `Reservation` VALUES (1,452,'NINIAP','2020-12-05 09:16:51','2020-12-05 12:16:51',3,1,677),(2,128,'NIAUT1','2021-10-12 00:55:33','2021-10-12 03:55:33',7,2,970),(3,150,'NX5QFY','2021-11-04 09:46:04','2021-11-04 12:46:04',2,NULL,950),(4,138,'N37KWD','2021-04-21 13:45:11','2021-04-21 16:45:11',4,3,905),(5,264,'N4OWLG','2021-09-26 12:07:21','2021-09-26 15:07:21',3,NULL,624),(6,112,'NG6WNT','2020-12-12 18:25:42','2020-12-12 21:25:42',4,NULL,206),(7,30,'N40CXE','2021-10-30 15:09:18','2021-10-30 18:09:18',3,NULL,502),(8,2,'N31P1F','2021-02-23 03:49:05','2021-02-23 06:49:05',5,4,942),(9,313,'N7OPLR','2021-08-27 00:30:43','2021-08-27 03:30:43',7,NULL,26),(10,269,'NG6WNT','2021-10-25 23:44:42','2021-10-26 02:44:42',6,NULL,718),(11,228,'NPWUYR','2021-02-14 17:59:41','2021-02-14 20:59:41',2,NULL,629),(12,203,'N1N5KJ','2021-05-12 00:05:16','2021-05-12 03:05:16',5,5,510),(13,109,'N37KWD','2021-08-16 09:25:16','2021-08-16 12:25:16',6,NULL,616),(14,487,'NEOI6B','2020-11-16 08:04:41','2020-11-16 11:04:41',2,NULL,801),(15,218,'NJNFO1','2021-04-19 11:24:54','2021-04-19 14:24:54',5,NULL,180),(16,271,'NVXK2F','2021-10-30 11:58:02','2021-10-30 14:58:02',2,NULL,356),(17,42,'NRR7JR','2020-11-09 11:37:43','2020-11-09 14:37:43',7,6,774),(18,337,'N1HZUV','2021-07-10 21:14:52','2021-07-11 00:14:52',4,NULL,311),(19,269,'NFEP2M','2020-12-05 09:34:11','2020-12-05 12:34:11',2,7,366),(20,73,'NINIAP','2020-11-21 14:15:34','2020-11-21 17:15:34',2,NULL,816),(21,296,'NPWUYR','2021-09-08 18:44:47','2021-09-08 21:44:47',1,8,711),(22,369,'NLDPPJ','2021-08-26 04:25:01','2021-08-26 07:25:01',6,9,347),(23,97,'N37ST1','2020-12-27 14:10:26','2020-12-27 17:10:26',4,NULL,188),(24,437,'N4OWLG','2021-07-20 20:31:22','2021-07-20 23:31:22',3,10,962),(26,101,'NFEP2M','2021-05-01 21:39:36','2021-05-02 00:39:36',3,12,492),(27,378,'NU6AWN','2021-08-02 09:38:36','2021-08-02 12:38:36',5,NULL,906),(28,46,'N40CXE','2021-10-06 21:36:01','2021-10-07 00:36:01',6,13,557),(29,466,'NG6WNT','2021-08-08 03:18:08','2021-08-08 06:18:08',7,14,157),(30,206,'NM0QTB','2021-06-30 00:12:51','2021-06-30 03:12:51',3,15,223),(31,491,'N20DEH','2021-06-29 00:30:55','2021-06-29 03:30:55',2,NULL,725),(32,354,'N7766L','2021-08-15 04:21:43','2021-08-15 07:21:43',2,16,743),(34,376,'NLDICM','2021-03-25 01:10:18','2021-03-25 04:10:18',1,NULL,626),(35,444,'NM0QTB','2020-11-27 17:17:23','2020-11-27 20:17:23',6,18,281),(36,25,'N1HZUV','2021-02-08 03:42:27','2021-02-08 06:42:27',2,NULL,44),(37,144,'NVXK2F','2021-10-06 12:57:51','2021-10-06 15:57:51',2,NULL,914),(38,439,'NEOI6B','2021-05-22 23:16:03','2021-05-23 02:16:03',3,NULL,521),(39,181,'NINIAP','2021-01-20 23:32:52','2021-01-21 02:32:52',1,NULL,61),(40,200,'N37KWD','2021-02-03 08:23:56','2021-02-03 11:23:56',7,NULL,20),(41,302,'N1HZUV','2021-06-03 08:43:48','2021-06-03 11:43:48',4,NULL,403),(42,54,'NSD5K5','2020-12-12 09:12:56','2020-12-12 12:12:56',5,NULL,297),(43,393,'N31P1F','2021-10-14 06:37:42','2021-10-14 09:37:42',4,NULL,94),(44,406,'NSD5K5','2021-09-25 08:44:12','2021-09-25 11:44:12',2,NULL,956),(45,206,'NLDPPJ','2021-10-07 06:13:42','2021-10-07 09:13:42',3,NULL,765),(47,244,'NINIAP','2021-02-03 20:11:59','2021-02-03 23:11:59',5,NULL,563),(48,369,'N7766L','2020-11-21 04:53:52','2020-11-21 07:53:52',6,NULL,9),(50,394,'N40CXE','2020-11-14 01:07:55','2020-11-14 04:07:55',6,NULL,575),(51,214,'N8FQT9','2021-05-05 04:21:57','2021-05-05 07:21:57',4,20,757),(52,468,'NOS2I6','2021-04-03 09:59:06','2021-04-03 12:59:06',7,NULL,139),(53,332,'NIAUT1','2021-02-16 10:49:13','2021-02-16 13:49:13',5,NULL,585),(54,80,'NWDT21','2021-02-19 03:17:40','2021-02-19 06:17:40',6,21,643),(55,8,'NMHP07','2021-05-25 22:09:23','2021-05-26 01:09:23',2,22,983),(56,143,'NFGLM2','2021-07-06 00:20:26','2021-07-06 03:20:26',1,NULL,741),(57,89,'NSD5K5','2021-02-20 16:57:30','2021-02-20 19:57:30',4,NULL,474),(58,88,'N8FQT9','2021-01-18 23:57:24','2021-01-19 02:57:24',1,23,231),(59,270,'N1HZUV','2021-04-06 16:59:13','2021-04-06 19:59:13',1,NULL,112),(60,488,'NFEP2M','2021-06-15 22:14:41','2021-06-16 01:14:41',7,NULL,377),(61,441,'NEOI6B','2021-01-12 12:14:31','2021-01-12 15:14:31',2,24,69),(62,475,'NG6WNT','2021-07-11 22:15:59','2021-07-12 01:15:59',6,NULL,688),(64,444,'N23MNY','2021-08-06 22:42:05','2021-08-07 01:42:05',6,26,846),(65,5,'N8RPDP','2021-03-19 08:55:35','2021-03-19 11:55:35',1,NULL,606),(66,273,'NVXK2F','2021-10-16 12:21:47','2021-10-16 15:21:47',4,NULL,291),(67,216,'NJNFO1','2021-11-05 08:44:59','2021-11-05 11:44:59',5,NULL,748),(68,300,'NOS2I6','2021-10-27 03:07:15','2021-10-27 06:07:15',4,27,117),(69,108,'NLDPPJ','2020-12-16 04:13:28','2020-12-16 07:13:28',6,NULL,836),(70,154,'NFEP2M','2021-07-26 02:13:14','2021-07-26 05:13:14',1,NULL,431),(71,159,'NQL9U3','2020-12-02 23:23:24','2020-12-03 02:23:24',2,NULL,622),(72,278,'NMHP07','2021-07-03 18:13:06','2021-07-03 21:13:06',7,28,103),(73,331,'NEZYPP','2021-09-03 23:41:25','2021-09-04 02:41:25',2,NULL,NULL),(74,8,'NGWZII','2021-06-08 18:37:26','2021-06-08 21:37:26',5,29,129),(75,468,'N7OPLR','2021-07-18 02:09:09','2021-07-18 05:09:09',3,30,353),(76,149,'NU6AWN','2021-07-16 16:14:45','2021-07-16 19:14:45',5,NULL,883),(77,110,'NJPZW4','2021-06-22 17:32:41','2021-06-22 20:32:41',4,1,676),(78,210,'NENN6G','2021-09-28 06:34:25','2021-09-28 09:34:25',2,NULL,441),(80,409,'N7OPLR','2021-02-28 16:00:34','2021-02-28 19:00:34',7,NULL,NULL),(82,86,'NGWZII','2020-11-19 11:30:39','2020-11-19 14:30:39',2,3,6),(83,357,'NM2I79','2020-11-17 12:26:44','2020-11-17 15:26:44',4,4,770),(84,146,'NFEP2M','2021-08-14 19:30:56','2021-08-14 22:30:56',1,NULL,853),(85,416,'N5B5TX','2021-08-13 13:01:02','2021-08-13 16:01:02',1,5,315),(86,402,'N23MNY','2021-10-07 18:24:17','2021-10-07 21:24:17',7,NULL,561),(87,394,'N551D1','2021-08-19 00:16:42','2021-08-19 03:16:42',3,NULL,886),(88,201,'N8FQT9','2021-04-13 13:06:59','2021-04-13 16:06:59',4,6,32),(89,102,'NQL9U3','2020-12-06 05:35:38','2020-12-06 08:35:38',4,7,929),(90,329,'NOBPOJ','2021-02-05 06:56:08','2021-02-05 09:56:08',2,8,735),(91,355,'N4PX4U','2021-03-13 06:25:45','2021-03-13 09:25:45',1,NULL,1),(92,391,'NY1ZW6','2021-09-08 20:27:26','2021-09-08 23:27:26',7,9,894),(93,139,'NQL9U3','2021-10-03 04:58:22','2021-10-03 07:58:22',2,10,520),(95,195,'NU6AWN','2020-11-25 08:37:17','2020-11-25 11:37:17',7,NULL,140),(96,33,'NPWUYR','2021-06-26 22:24:07','2021-06-27 01:24:07',5,11,101),(97,161,'NDHIAY','2021-09-08 05:43:10','2021-09-08 08:43:10',2,NULL,868),(98,277,'NIAUT1','2021-07-27 01:28:53','2021-07-27 04:28:53',5,12,751),(99,318,'NIAUT1','2021-10-15 10:21:06','2021-10-15 13:21:06',7,13,744),(100,141,'N31P1F','2021-02-05 23:14:18','2021-02-06 02:14:18',4,14,409),(101,451,'N40CXE','2021-07-10 21:16:08','2021-07-11 00:16:08',6,15,724),(102,268,'N8FQT9','2021-08-08 13:15:14','2021-08-08 16:15:14',6,16,633),(103,445,'NX5QFY','2021-09-05 07:55:57','2021-09-05 10:55:57',5,NULL,771),(104,209,'N31P1F','2020-11-17 03:03:04','2020-11-17 06:03:04',2,17,788),(105,199,'N8RPDP','2021-09-07 00:37:00','2021-09-07 03:37:00',5,NULL,37),(106,181,'N1N5KJ','2021-05-10 07:03:11','2021-05-10 10:03:11',5,NULL,961),(107,372,'N551D1','2021-09-25 19:09:20','2021-09-25 22:09:20',1,NULL,368),(108,431,'NM2I79','2021-01-05 11:26:09','2021-01-05 14:26:09',7,NULL,113),(109,393,'N7OPLR','2021-07-16 09:17:25','2021-07-16 12:17:25',3,18,228),(110,391,'NIAUT1','2021-10-21 04:06:15','2021-10-21 07:06:15',7,19,381),(111,18,'NEOI6B','2021-01-03 16:16:29','2021-01-03 19:16:29',6,20,428),(112,355,'NJPZW4','2021-01-28 18:29:47','2021-01-28 21:29:47',1,21,775),(113,27,'NQL9U3','2021-01-06 22:17:45','2021-01-07 01:17:45',6,22,952),(114,131,'N8RPDP','2020-12-01 17:01:33','2020-12-01 20:01:33',1,23,411),(115,234,'NMHP07','2021-07-23 08:39:49','2021-07-23 11:39:49',2,24,491),(116,71,'NSD5K5','2021-04-23 16:29:27','2021-04-23 19:29:27',6,25,41),(117,249,'N0U2D4','2021-08-29 17:04:36','2021-08-29 20:04:36',6,26,298),(118,123,'NMHP07','2021-05-19 09:30:12','2021-05-19 12:30:12',3,27,951),(119,351,'N7766L','2021-09-17 09:10:46','2021-09-17 12:10:46',5,28,64),(121,13,'NGWZII','2021-06-28 18:42:38','2021-06-28 21:42:38',2,NULL,NULL),(122,230,'NVXK2F','2021-08-17 09:21:03','2021-08-17 12:21:03',6,NULL,186),(123,278,'NMHP07','2020-11-14 14:41:09','2020-11-14 17:41:09',5,NULL,592),(124,249,'NEZYPP','2021-04-28 15:43:16','2021-04-28 18:43:16',2,30,806),(125,56,'N5B5TX','2021-07-06 22:19:39','2021-07-07 01:19:39',6,1,433),(126,83,'N40CXE','2021-03-08 15:25:52','2021-03-08 18:25:52',1,2,878),(127,231,'NX5QFY','2021-07-05 22:04:25','2021-07-06 01:04:25',5,3,257),(128,382,'NENN6G','2021-07-21 04:21:25','2021-07-21 07:21:25',2,4,155),(129,463,'NOBPOJ','2021-03-05 19:30:10','2021-03-05 22:30:10',7,NULL,925),(130,430,'N20DEH','2020-12-27 08:51:29','2020-12-27 11:51:29',2,5,164),(131,416,'NM0QTB','2021-07-30 19:57:30','2021-07-30 22:57:30',6,NULL,442),(132,42,'N7766L','2021-06-06 00:53:34','2021-06-06 03:53:34',2,NULL,119),(134,302,'N40CXE','2021-04-19 11:46:16','2021-04-19 14:46:16',1,NULL,181),(135,382,'NGWZII','2021-03-17 12:05:10','2021-03-17 15:05:10',3,7,477),(136,235,'NJPZW4','2020-11-22 23:15:30','2020-11-23 02:15:30',2,NULL,352),(137,487,'NWDT21','2021-04-23 21:49:03','2021-04-24 00:49:03',4,NULL,662),(138,76,'NWDT21','2021-04-09 04:45:43','2021-04-09 07:45:43',3,NULL,746),(139,271,'NIAUT1','2021-08-21 05:03:35','2021-08-21 08:03:35',6,8,277),(140,324,'N5B5TX','2020-12-26 11:24:18','2020-12-26 14:24:18',1,9,204),(141,346,'NINIAP','2021-01-11 04:01:17','2021-01-11 07:01:17',7,NULL,410),(142,16,'NM0QTB','2020-11-16 08:12:42','2020-11-16 11:12:42',5,NULL,641),(143,329,'N1HZUV','2021-03-28 01:02:27','2021-03-28 04:02:27',1,NULL,960),(144,466,'NBTMP2','2021-08-06 05:48:33','2021-08-06 08:48:33',7,NULL,953),(145,431,'NEOI6B','2020-12-06 00:21:51','2020-12-06 03:21:51',6,NULL,862),(146,57,'NOBPOJ','2021-10-29 19:50:03','2021-10-29 22:50:03',6,NULL,759),(148,454,'NQL9U3','2021-03-18 02:06:20','2021-03-18 05:06:20',3,NULL,802),(149,413,'NIAUT1','2020-11-23 19:15:47','2020-11-23 22:15:47',4,10,528),(151,95,'N4OWLG','2020-12-21 14:39:42','2020-12-21 17:39:42',3,12,839),(153,8,'NX5QFY','2021-03-18 16:08:12','2021-03-18 19:08:12',7,NULL,763),(154,11,'NFGLM2','2021-09-01 02:53:50','2021-09-01 05:53:50',3,NULL,97),(155,261,'NM2I79','2021-10-07 01:07:23','2021-10-07 04:07:23',1,14,877),(156,198,'N1T9OI','2021-11-01 07:30:38','2021-11-01 10:30:38',6,NULL,731),(157,210,'NFEP2M','2021-10-29 10:24:06','2021-10-29 13:24:06',7,NULL,317),(158,71,'NSD5K5','2020-12-27 00:13:32','2020-12-27 03:13:32',5,NULL,762),(159,302,'N8RPDP','2021-10-05 07:57:55','2021-10-05 10:57:55',6,15,936),(160,228,'NMHP07','2021-01-08 16:37:21','2021-01-08 19:37:21',2,16,24),(161,156,'NLDPPJ','2021-02-15 03:28:31','2021-02-15 06:28:31',7,17,118),(162,316,'NQL9U3','2020-11-16 19:32:03','2020-11-16 22:32:03',2,18,288),(163,406,'NU6AWN','2021-07-06 21:10:22','2021-07-07 00:10:22',7,NULL,478),(164,115,'NEOI6B','2021-06-29 06:23:15','2021-06-29 09:23:15',4,19,893),(165,446,'NSD5K5','2021-10-16 03:02:03','2021-10-16 06:02:03',7,NULL,940),(166,298,'N6YA99','2021-09-19 00:14:24','2021-09-19 03:14:24',4,NULL,434),(167,271,'N37ST1','2021-09-15 17:19:03','2021-09-15 20:19:03',7,NULL,713),(168,379,'N8FQT9','2021-08-17 10:22:20','2021-08-17 13:22:20',2,NULL,224),(169,220,'NLDPPJ','2021-09-03 14:49:50','2021-09-03 17:49:50',3,20,59),(171,316,'NEOI6B','2021-06-05 23:59:44','2021-06-06 02:59:44',7,22,848),(174,455,'NX5QFY','2020-12-17 02:49:51','2020-12-17 05:49:51',3,23,476),(175,376,'NFEP2M','2021-02-19 06:06:09','2021-02-19 09:06:09',7,NULL,5),(176,66,'N37KWD','2021-07-24 14:15:52','2021-07-24 17:15:52',2,24,365),(177,450,'NG6WNT','2020-11-25 18:18:17','2020-11-25 21:18:17',5,25,637),(178,96,'NFGLM2','2020-11-16 16:15:11','2020-11-16 19:15:11',5,NULL,336),(179,105,'NFZ0BF','2021-10-03 09:23:38','2021-10-03 12:23:38',3,26,NULL),(180,498,'NBTMP2','2021-01-15 20:17:26','2021-01-15 23:17:26',1,NULL,305),(181,217,'N1HZUV','2021-07-10 00:05:43','2021-07-10 03:05:43',7,27,203),(182,496,'NQL9U3','2021-02-03 16:45:56','2021-02-03 19:45:56',4,NULL,447),(183,477,'NFGLM2','2021-07-16 13:56:31','2021-07-16 16:56:31',6,NULL,661),(184,128,'N1HZUV','2020-11-23 10:55:30','2020-11-23 13:55:30',5,NULL,486),(185,418,'N1HZUV','2021-01-27 13:35:31','2021-01-27 16:35:31',1,28,267),(187,117,'NQL9U3','2020-11-24 12:07:07','2020-11-24 15:07:07',2,29,536),(188,116,'NPWUYR','2021-11-04 07:20:47','2021-11-04 10:20:47',5,NULL,458),(189,4,'NENN6G','2021-11-05 12:49:49','2021-11-05 15:49:49',6,NULL,617),(190,97,'NFEP2M','2021-04-24 13:59:10','2021-04-24 16:59:10',2,NULL,897),(191,418,'N551D1','2020-11-17 12:13:20','2020-11-17 15:13:20',5,NULL,414),(192,345,'N40CXE','2021-08-02 12:01:05','2021-08-02 15:01:05',4,NULL,455),(193,444,'NEZYPP','2021-10-29 08:01:51','2021-10-29 11:01:51',7,NULL,NULL),(194,400,'N4PX4U','2021-05-02 18:57:17','2021-05-02 21:57:17',7,30,666),(195,425,'NU6AWN','2021-05-14 12:40:17','2021-05-14 15:40:17',5,1,697),(196,377,'N4OWLG','2021-03-22 01:41:10','2021-03-22 04:41:10',5,NULL,615),(197,437,'NX5QFY','2021-05-05 09:37:10','2021-05-05 12:37:10',6,2,527),(199,315,'N31P1F','2020-11-25 07:08:32','2020-11-25 10:08:32',4,NULL,912),(200,230,'N1HZUV','2020-11-13 23:02:57','2020-11-14 02:02:57',1,4,916),(201,422,'NM2I79','2021-08-07 11:57:47','2021-08-07 14:57:47',3,NULL,866),(202,237,'NEZYPP','2021-04-19 09:33:52','2021-04-19 12:33:52',7,5,493),(203,269,'NDHIAY','2021-07-02 02:32:06','2021-07-02 05:32:06',2,NULL,565),(204,42,'N1N5KJ','2021-06-24 07:13:53','2021-06-24 10:13:53',3,NULL,487),(206,357,'NBTMP2','2021-01-15 22:36:59','2021-01-16 01:36:59',7,NULL,654),(207,495,'NJPZW4','2020-12-12 15:36:40','2020-12-12 18:36:40',5,7,275),(208,72,'N7766L','2021-07-10 14:21:44','2021-07-10 17:21:44',1,NULL,812),(211,219,'NLDICM','2021-08-24 00:39:01','2021-08-24 03:39:01',2,9,159),(212,393,'N4PX4U','2021-05-28 06:42:51','2021-05-28 09:42:51',7,10,419),(213,292,'NJPZW4','2021-08-04 18:34:57','2021-08-04 21:34:57',4,NULL,NULL),(214,181,'N4PX4U','2020-12-15 20:18:15','2020-12-15 23:18:15',3,NULL,525),(215,411,'N4OWLG','2020-12-05 08:59:06','2020-12-05 11:59:06',1,NULL,870),(216,436,'NRR7JR','2021-09-15 17:30:13','2021-09-15 20:30:13',1,11,313),(217,97,'N8FQT9','2020-12-04 02:22:05','2020-12-04 05:22:05',4,12,NULL),(218,308,'NG6WNT','2020-12-01 03:59:58','2020-12-01 06:59:58',1,NULL,227),(219,220,'NJNFO1','2021-05-12 06:06:45','2021-05-12 09:06:45',5,13,162),(220,376,'NLDICM','2020-12-15 09:45:16','2020-12-15 12:45:16',2,14,440),(222,218,'N20DEH','2021-03-12 15:06:43','2021-03-12 18:06:43',1,16,620),(223,177,'NEOI6B','2021-01-16 22:52:20','2021-01-17 01:52:20',6,NULL,664),(224,204,'NFEP2M','2021-05-30 22:48:34','2021-05-31 01:48:34',5,17,195),(225,123,'N37ST1','2021-09-22 17:38:18','2021-09-22 20:38:18',5,NULL,260),(226,345,'N31P1F','2021-06-07 16:41:00','2021-06-07 19:41:00',6,NULL,515),(227,194,'NFZ0BF','2021-09-18 07:35:40','2021-09-18 10:35:40',3,NULL,43),(228,202,'N4OWLG','2021-03-29 10:34:09','2021-03-29 13:34:09',3,NULL,201),(229,426,'NMHP07','2020-12-10 04:09:20','2020-12-10 07:09:20',6,18,110),(231,500,'NGWZII','2021-05-23 00:45:52','2021-05-23 03:45:52',7,NULL,829),(232,136,'NFEP2M','2021-09-19 08:38:04','2021-09-19 11:38:04',6,NULL,553),(233,357,'NWDT21','2021-09-18 10:09:42','2021-09-18 13:09:42',6,20,798),(235,180,'N4OWLG','2021-03-25 05:48:17','2021-03-25 08:48:17',6,22,840),(236,328,'N7766L','2021-10-01 20:40:57','2021-10-01 23:40:57',5,23,312),(237,171,'NNJY01','2021-10-01 07:13:31','2021-10-01 10:13:31',1,24,67),(238,89,'NLDICM','2020-12-01 08:55:05','2020-12-01 11:55:05',6,NULL,923),(239,300,'N20DEH','2021-07-13 05:38:20','2021-07-13 08:38:20',3,NULL,889),(242,27,'N5B5TX','2021-08-20 05:04:32','2021-08-20 08:04:32',6,NULL,693),(243,392,'NOS2I6','2021-07-08 08:14:26','2021-07-08 11:14:26',4,26,789),(245,435,'NM0QTB','2021-01-31 10:58:25','2021-01-31 13:58:25',6,NULL,996),(246,349,'NRR7JR','2021-09-27 01:46:10','2021-09-27 04:46:10',2,27,337),(247,309,'NWDT21','2021-08-20 17:37:09','2021-08-20 20:37:09',4,NULL,785),(250,154,'NY1ZW6','2021-06-17 09:08:09','2021-06-17 12:08:09',4,28,237),(251,464,'NIAUT1','2020-11-14 04:02:26','2020-11-14 07:02:26',3,NULL,500),(252,352,'NJPZW4','2021-08-19 14:05:47','2021-08-19 17:05:47',2,29,324),(254,363,'NQL9U3','2021-03-11 10:10:54','2021-03-11 13:10:54',6,NULL,269),(255,43,'N6YA99','2020-11-10 15:12:26','2020-11-10 18:12:26',6,1,400),(257,455,'N6YA99','2021-04-21 02:04:20','2021-04-21 05:04:20',4,3,102),(258,58,'NGWZII','2021-07-14 07:29:45','2021-07-14 10:29:45',5,4,81),(260,323,'NBTMP2','2021-04-14 11:05:39','2021-04-14 14:05:39',1,NULL,142),(261,339,'N20DEH','2021-10-19 15:04:11','2021-10-19 18:04:11',3,NULL,3),(262,113,'N551D1','2021-05-23 17:03:49','2021-05-23 20:03:49',7,6,485),(263,54,'NX5QFY','2021-07-02 03:17:32','2021-07-02 06:17:32',7,7,80),(264,55,'NGWZII','2021-07-05 00:04:38','2021-07-05 03:04:38',3,8,406),(266,336,'NMHP07','2021-10-23 06:27:11','2021-10-23 09:27:11',4,10,436),(267,437,'N5B5TX','2021-10-22 20:06:55','2021-10-22 23:06:55',7,NULL,817),(269,189,'N5B5TX','2020-11-18 13:38:47','2020-11-18 16:38:47',3,12,456),(270,427,'NLDPPJ','2021-03-08 13:07:24','2021-03-08 16:07:24',1,13,636),(272,218,'NFEP2M','2020-11-22 02:22:59','2020-11-22 05:22:59',2,NULL,519),(273,97,'N7766L','2021-04-17 04:23:29','2021-04-17 07:23:29',3,15,842),(274,461,'NBTMP2','2021-09-16 10:01:08','2021-09-16 13:01:08',6,NULL,285),(275,137,'N4OWLG','2021-04-22 15:24:39','2021-04-22 18:24:39',4,NULL,389),(277,134,'NENN6G','2021-10-27 19:34:43','2021-10-27 22:34:43',2,16,379),(280,296,'NSD5K5','2021-06-12 18:56:34','2021-06-12 21:56:34',3,18,683),(281,287,'NLDICM','2021-03-18 12:54:41','2021-03-18 15:54:41',3,NULL,134),(282,220,'NX5QFY','2021-04-26 11:19:31','2021-04-26 14:19:31',7,NULL,183),(283,346,'N0U2D4','2021-06-14 20:02:47','2021-06-14 23:02:47',6,NULL,264),(284,302,'NPWUYR','2021-08-10 20:30:53','2021-08-10 23:30:53',1,19,672),(285,442,'N37ST1','2020-12-16 02:13:36','2020-12-16 05:13:36',6,20,450),(286,288,'N8FQT9','2021-02-16 01:30:27','2021-02-16 04:30:27',1,NULL,349),(287,238,'NJPZW4','2021-03-08 07:48:22','2021-03-08 10:48:22',2,21,374),(290,292,'N8FQT9','2021-01-15 00:37:38','2021-01-15 03:37:38',2,NULL,NULL),(291,100,'NEOI6B','2021-10-29 20:21:10','2021-10-29 23:21:10',7,22,194),(292,343,'NENN6G','2021-08-15 18:58:44','2021-08-15 21:58:44',5,NULL,252),(293,218,'NG6WNT','2020-12-25 07:42:30','2020-12-25 10:42:30',5,NULL,153),(294,286,'NOBPOJ','2021-10-27 00:08:09','2021-10-27 03:08:09',5,23,407),(295,147,'N7766L','2021-09-04 09:14:17','2021-09-04 12:14:17',2,24,920),(296,230,'N1N5KJ','2021-02-12 09:37:56','2021-02-12 12:37:56',3,25,945),(297,295,'NFGLM2','2021-04-17 02:19:08','2021-04-17 05:19:08',5,NULL,471),(298,11,'N40CXE','2020-12-28 13:13:23','2020-12-28 16:13:23',2,26,2),(299,145,'NPWUYR','2021-09-02 12:52:49','2021-09-02 15:52:49',5,27,880),(300,45,'N6YA99','2021-11-03 13:14:49','2021-11-03 16:14:49',4,NULL,973),(301,160,'N1HZUV','2021-11-02 12:22:13','2021-11-02 15:22:13',6,28,969),(302,165,'N37ST1','2021-10-10 15:11:50','2021-10-10 18:11:50',6,NULL,649),(303,230,'NEZYPP','2021-02-05 02:00:43','2021-02-05 05:00:43',6,NULL,972),(304,243,'NEZYPP','2021-01-14 23:58:05','2021-01-15 02:58:05',6,NULL,149),(306,359,'NOS2I6','2021-07-20 23:58:32','2021-07-21 02:58:32',1,30,532),(307,314,'N6YA99','2021-03-19 09:26:32','2021-03-19 12:26:32',5,NULL,105),(308,209,'NOS2I6','2021-09-21 00:26:36','2021-09-21 03:26:36',2,1,NULL),(309,118,'NWDT21','2021-07-20 08:01:08','2021-07-20 11:01:08',1,NULL,506),(314,391,'N7766L','2021-02-09 10:35:46','2021-02-09 13:35:46',6,NULL,322),(315,460,'N37ST1','2020-11-27 14:28:56','2020-11-27 17:28:56',7,5,156),(316,66,'NG6WNT','2021-04-13 02:20:25','2021-04-13 05:20:25',7,6,721),(317,222,'N37KWD','2021-01-24 01:19:34','2021-01-24 04:19:34',6,7,687),(318,44,'N4PX4U','2021-05-13 04:20:54','2021-05-13 07:20:54',3,8,918),(319,330,'NNJY01','2021-10-09 17:28:08','2021-10-09 20:28:08',3,9,148),(320,436,'NVXK2F','2020-12-15 17:41:48','2020-12-15 20:41:48',2,10,979),(321,70,'NJNFO1','2021-01-28 12:24:50','2021-01-28 15:24:50',1,NULL,542),(323,435,'N37KWD','2020-12-08 09:57:44','2020-12-08 12:57:44',6,11,74),(325,101,'N0U2D4','2021-09-24 11:26:31','2021-09-24 14:26:31',1,12,695),(326,214,'NMHP07','2021-10-09 10:26:59','2021-10-09 13:26:59',3,13,444),(327,183,'NPWUYR','2021-06-22 21:23:24','2021-06-23 00:23:24',2,NULL,72),(328,482,'N37ST1','2021-04-26 13:44:49','2021-04-26 16:44:49',3,NULL,750),(329,234,'N8FQT9','2021-07-17 11:01:07','2021-07-17 14:01:07',1,NULL,339),(330,210,'NSD5K5','2020-11-18 09:19:04','2020-11-18 12:19:04',3,NULL,628),(332,39,'N20DEH','2020-12-19 12:17:56','2020-12-19 15:17:56',1,NULL,279),(333,290,'NM0QTB','2021-10-20 13:38:03','2021-10-20 16:38:03',4,NULL,644),(334,171,'N4PX4U','2021-10-01 00:27:33','2021-10-01 03:27:33',1,NULL,340),(335,88,'NGWZII','2020-12-05 19:17:14','2020-12-05 22:17:14',5,14,179),(336,29,'NNJY01','2021-02-12 10:17:57','2021-02-12 13:17:57',6,15,133),(338,335,'N1N5KJ','2021-10-27 21:17:56','2021-10-28 00:17:56',7,NULL,184),(339,392,'N551D1','2021-05-17 16:36:08','2021-05-17 19:36:08',5,NULL,879),(340,157,'NG6WNT','2021-07-18 02:12:13','2021-07-18 05:12:13',2,17,593),(341,325,'NU6AWN','2021-08-05 19:08:27','2021-08-05 22:08:27',6,18,790),(342,264,'NM0QTB','2021-08-23 17:59:44','2021-08-23 20:59:44',7,19,470),(343,27,'NOBPOJ','2021-04-26 21:36:46','2021-04-27 00:36:46',7,20,739),(346,351,'NX5QFY','2021-04-02 08:37:44','2021-04-02 11:37:44',6,22,218),(347,260,'NFZ0BF','2021-02-23 03:41:47','2021-02-23 06:41:47',1,23,524),(348,345,'NINIAP','2021-09-26 03:00:35','2021-09-26 06:00:35',1,24,543),(349,314,'NG6WNT','2021-06-03 15:04:03','2021-06-03 18:04:03',2,25,NULL),(351,166,'N4OWLG','2021-11-03 17:51:48','2021-11-03 20:51:48',3,NULL,809),(352,457,'NFEP2M','2021-10-14 16:06:07','2021-10-14 19:06:07',1,NULL,784),(355,3,'NFGLM2','2021-11-01 13:47:50','2021-11-01 16:47:50',4,28,567),(356,86,'N1HZUV','2021-11-02 11:43:58','2021-11-02 14:43:58',2,NULL,795),(357,278,'NFEP2M','2020-11-09 10:25:44','2020-11-09 13:25:44',4,NULL,807),(358,90,'NOBPOJ','2021-08-07 11:49:21','2021-08-07 14:49:21',5,NULL,254),(359,244,'N40CXE','2020-11-29 20:47:38','2020-11-29 23:47:38',3,29,850),(360,401,'N37KWD','2021-01-14 20:36:20','2021-01-14 23:36:20',7,30,681),(361,262,'NLDICM','2021-07-01 22:32:55','2021-07-02 01:32:55',5,1,573),(362,240,'NG6WNT','2021-09-04 17:20:40','2021-09-04 20:20:40',3,2,639),(363,192,'N551D1','2021-05-08 23:55:51','2021-05-09 02:55:51',5,3,106),(364,373,'N8RPDP','2021-03-21 04:53:48','2021-03-21 07:53:48',2,4,462),(365,237,'N0U2D4','2021-07-26 01:48:29','2021-07-26 04:48:29',1,NULL,154),(366,31,'N7766L','2021-05-13 10:32:33','2021-05-13 13:32:33',7,NULL,361),(368,34,'NU6AWN','2020-11-21 21:08:09','2020-11-22 00:08:09',1,5,594),(369,433,'NG6WNT','2021-04-17 13:45:36','2021-04-17 16:45:36',6,NULL,57),(371,268,'NQL9U3','2021-05-16 03:29:49','2021-05-16 06:29:49',5,6,910),(372,397,'NFZ0BF','2021-09-13 17:28:43','2021-09-13 20:28:43',7,7,804),(374,398,'NMHP07','2021-07-11 15:30:45','2021-07-11 18:30:45',4,NULL,685),(376,311,'NWDT21','2021-05-23 14:37:37','2021-05-23 17:37:37',4,NULL,797),(377,415,'N23MNY','2021-02-03 10:23:39','2021-02-03 13:23:39',7,8,799),(378,482,'N4OWLG','2021-04-20 16:21:46','2021-04-20 19:21:46',1,9,927),(379,47,'N23MNY','2021-05-25 20:43:27','2021-05-25 23:43:27',7,10,250),(381,320,'N8RPDP','2021-02-04 09:54:15','2021-02-04 12:54:15',7,NULL,900),(382,180,'NEZYPP','2021-07-23 18:47:53','2021-07-23 21:47:53',6,NULL,539),(383,469,'NEOI6B','2021-04-26 14:23:12','2021-04-26 17:23:12',6,12,344),(384,299,'N37KWD','2021-07-18 20:09:15','2021-07-18 23:09:15',2,NULL,258),(386,316,'NFEP2M','2021-09-21 21:56:31','2021-09-22 00:56:31',6,13,559),(388,323,'N5B5TX','2021-10-09 18:01:09','2021-10-09 21:01:09',1,NULL,512),(389,489,'NWDT21','2020-12-25 10:53:48','2020-12-25 13:53:48',7,15,823),(391,128,'NEZYPP','2020-11-17 07:17:36','2020-11-17 10:17:36',4,NULL,805),(394,96,'NEOI6B','2020-12-26 23:54:57','2020-12-27 02:54:57',4,17,780),(395,312,'N0U2D4','2021-08-05 01:38:40','2021-08-05 04:38:40',1,NULL,621),(396,499,'N6YA99','2021-05-02 12:03:13','2021-05-02 15:03:13',6,NULL,675),(397,16,'NM0QTB','2021-05-29 00:57:35','2021-05-29 03:57:35',6,NULL,418),(398,86,'NFZ0BF','2021-01-14 08:12:00','2021-01-14 11:12:00',3,NULL,612),(399,6,'N6YA99','2020-12-18 17:06:20','2020-12-18 20:06:20',3,NULL,599),(400,355,'N8FQT9','2021-04-07 18:39:49','2021-04-07 21:39:49',4,18,885),(401,419,'NBTMP2','2021-03-24 03:59:25','2021-03-24 06:59:25',5,19,975),(402,213,'NINIAP','2021-09-17 00:06:57','2021-09-17 03:06:57',4,NULL,NULL),(404,10,'N8FQT9','2021-04-23 10:55:24','2021-04-23 13:55:24',6,20,832),(405,82,'N551D1','2021-11-07 10:48:02','2021-11-07 13:48:02',3,21,177),(406,110,'NG6WNT','2021-01-03 16:24:17','2021-01-03 19:24:17',3,22,31),(407,286,'NU6AWN','2020-12-09 04:28:46','2020-12-09 07:28:46',5,23,548),(409,4,'NSD5K5','2021-09-12 05:08:18','2021-09-12 08:08:18',5,NULL,104),(410,498,'NM0QTB','2021-06-06 13:15:50','2021-06-06 16:15:50',5,24,986),(411,97,'NLDICM','2020-12-06 21:51:10','2020-12-07 00:51:10',7,25,NULL),(413,134,'NDHIAY','2020-12-03 01:08:31','2020-12-03 04:08:31',3,NULL,737),(414,154,'N8RPDP','2021-07-03 06:07:15','2021-07-03 09:07:15',4,27,363),(415,417,'N37ST1','2020-12-05 04:22:59','2020-12-05 07:22:59',5,NULL,408),(416,494,'NINIAP','2021-05-25 04:46:48','2021-05-25 07:46:48',5,28,413),(418,243,'N1N5KJ','2020-11-23 15:17:25','2020-11-23 18:17:25',7,29,931),(419,118,'N8FQT9','2021-06-10 04:25:24','2021-06-10 07:25:24',7,30,922),(420,92,'NX5QFY','2020-12-08 11:05:08','2020-12-08 14:05:08',3,1,47),(421,305,'N5B5TX','2021-01-27 15:49:39','2021-01-27 18:49:39',3,NULL,351),(422,325,'N551D1','2021-06-19 09:11:48','2021-06-19 12:11:48',6,NULL,93),(423,33,'NJPZW4','2021-09-03 13:48:31','2021-09-03 16:48:31',6,2,670),(424,214,'NJPZW4','2021-02-18 13:31:18','2021-02-18 16:31:18',1,NULL,613),(425,112,'N37KWD','2021-05-23 01:46:59','2021-05-23 04:46:59',1,3,242),(426,173,'NEOI6B','2021-01-05 15:16:25','2021-01-05 18:16:25',4,NULL,323),(430,355,'N37ST1','2021-03-19 10:51:57','2021-03-19 13:51:57',1,6,783),(431,385,'NJNFO1','2021-01-25 10:31:32','2021-01-25 13:31:32',5,NULL,489),(433,356,'N551D1','2021-10-03 08:43:32','2021-10-03 11:43:32',7,NULL,820),(435,403,'NY1ZW6','2021-05-29 22:02:31','2021-05-30 01:02:31',6,NULL,722),(436,256,'NENN6G','2021-05-15 01:56:57','2021-05-15 04:56:57',6,NULL,531),(437,105,'N23MNY','2020-12-11 01:16:25','2020-12-11 04:16:25',3,8,316),(438,430,'N0U2D4','2021-04-29 05:32:20','2021-04-29 08:32:20',2,NULL,394),(441,303,'N31P1F','2021-09-26 13:25:39','2021-09-26 16:25:39',5,NULL,30),(444,284,'NINIAP','2021-08-20 10:25:34','2021-08-20 13:25:34',6,NULL,235),(445,400,'NENN6G','2020-12-23 03:26:41','2020-12-23 06:26:41',5,NULL,824),(446,11,'N8FQT9','2021-03-29 20:02:50','2021-03-29 23:02:50',3,NULL,935),(447,283,'NRR7JR','2021-08-31 23:22:08','2021-09-01 02:22:08',4,NULL,892),(448,63,'NY1ZW6','2021-04-06 03:02:22','2021-04-06 06:02:22',5,10,286),(449,187,'NFEP2M','2021-08-15 08:59:24','2021-08-15 11:59:24',5,NULL,792),(450,138,'N1T9OI','2021-05-28 08:08:25','2021-05-28 11:08:25',4,11,NULL),(454,125,'N4PX4U','2020-12-13 08:11:07','2020-12-13 11:11:07',6,13,810),(455,178,'NPWUYR','2021-03-14 22:19:32','2021-03-15 01:19:32',6,NULL,656),(457,134,'N40CXE','2021-01-20 10:04:37','2021-01-20 13:04:37',2,NULL,937),(458,379,'N0U2D4','2021-02-15 03:10:04','2021-02-15 06:10:04',3,NULL,246),(459,492,'NLDPPJ','2021-10-21 17:34:26','2021-10-21 20:34:26',6,14,860),(461,336,'NOS2I6','2021-03-19 09:23:46','2021-03-19 12:23:46',7,16,261),(462,99,'N37ST1','2021-09-06 01:36:59','2021-09-06 04:36:59',7,17,191),(464,75,'NDHIAY','2021-03-20 03:33:41','2021-03-20 06:33:41',4,19,412),(466,117,'NEZYPP','2021-09-20 01:17:07','2021-09-20 04:17:07',3,NULL,318),(468,327,'N37KWD','2021-07-11 05:25:02','2021-07-11 08:25:02',7,22,213),(469,457,'NENN6G','2021-05-29 03:01:57','2021-05-29 06:01:57',2,23,981),(470,39,'NX5QFY','2021-05-13 05:53:24','2021-05-13 08:53:24',6,NULL,386),(471,470,'N6YA99','2021-01-22 10:32:03','2021-01-22 13:32:03',7,24,116),(472,399,'NPWUYR','2021-04-27 20:10:05','2021-04-27 23:10:05',7,25,200),(474,242,'NJNFO1','2021-08-15 10:52:06','2021-08-15 13:52:06',2,NULL,991),(475,285,'NPWUYR','2020-12-16 03:53:50','2020-12-16 06:53:50',1,NULL,668),(476,161,'N1HZUV','2021-10-08 20:22:10','2021-10-08 23:22:10',5,NULL,948),(477,112,'NEZYPP','2021-01-04 17:08:53','2021-01-04 20:08:53',1,NULL,167),(479,30,'NX5QFY','2021-08-28 04:08:37','2021-08-28 07:08:37',3,28,34),(480,347,'NDHIAY','2021-06-21 05:02:03','2021-06-21 08:02:03',7,NULL,245),(481,288,'NFZ0BF','2021-02-11 17:32:04','2021-02-11 20:32:04',4,29,909),(482,351,'NMHP07','2021-09-16 10:25:04','2021-09-16 13:25:04',6,NULL,222),(483,241,'N23MNY','2021-06-25 16:05:35','2021-06-25 19:05:35',4,NULL,NULL),(484,46,'NM2I79','2021-03-01 07:30:59','2021-03-01 10:30:59',3,30,232),(485,368,'N37ST1','2021-04-17 17:03:44','2021-04-17 20:03:44',4,1,468),(486,41,'NWDT21','2021-06-26 09:21:38','2021-06-26 12:21:38',4,NULL,684),(487,362,'NPWUYR','2021-03-07 15:27:36','2021-03-07 18:27:36',1,2,589),(488,217,'N37KWD','2021-08-17 23:26:55','2021-08-18 02:26:55',7,NULL,896),(489,288,'N31P1F','2021-03-22 23:12:33','2021-03-23 02:12:33',5,3,497),(490,117,'N20DEH','2021-10-14 09:46:06','2021-10-14 12:46:06',7,NULL,4),(491,280,'NDHIAY','2021-09-02 11:50:19','2021-09-02 14:50:19',7,4,591),(495,12,'NEZYPP','2021-06-10 03:52:15','2021-06-10 06:52:15',5,7,569),(498,111,'NOS2I6','2021-05-25 00:53:17','2021-05-25 03:53:17',6,NULL,86),(501,132,'N8RPDP','2021-01-12 12:05:28','2021-01-12 15:05:28',5,NULL,618),(502,356,'NG6WNT','2021-04-16 09:01:01','2021-04-16 12:01:01',1,NULL,680),(503,490,'N551D1','2021-04-29 11:12:35','2021-04-29 14:12:35',6,NULL,464),(504,130,'NQL9U3','2021-09-30 01:05:02','2021-09-30 04:05:02',3,11,294),(505,338,'N8FQT9','2021-02-07 15:00:32','2021-02-07 18:00:32',6,12,777),(506,339,'N31P1F','2020-11-23 18:17:32','2020-11-23 21:17:32',3,NULL,143),(507,136,'NM2I79','2021-08-06 01:05:56','2021-08-06 04:05:56',2,13,280),(510,498,'NMHP07','2021-02-22 19:55:16','2021-02-22 22:55:16',7,16,496),(511,98,'NLDPPJ','2021-01-15 21:11:39','2021-01-16 00:11:39',4,NULL,439),(512,499,'NVXK2F','2020-12-18 18:57:43','2020-12-18 21:57:43',6,17,263),(513,350,'NLDICM','2021-05-10 08:17:41','2021-05-10 11:17:41',2,18,123),(514,170,'NPWUYR','2021-04-12 06:59:54','2021-04-12 09:59:54',2,19,955),(516,65,'NVXK2F','2021-02-14 14:46:21','2021-02-14 17:46:21',6,NULL,132),(517,377,'NEOI6B','2021-01-28 18:00:32','2021-01-28 21:00:32',4,NULL,62),(518,428,'N40CXE','2021-07-29 19:50:58','2021-07-29 22:50:58',1,21,402),(520,375,'NMHP07','2021-05-06 02:14:35','2021-05-06 05:14:35',5,NULL,329),(523,404,'N4OWLG','2021-05-02 00:06:56','2021-05-02 03:06:56',7,24,398),(524,107,'N37KWD','2020-12-27 15:08:01','2020-12-27 18:08:01',6,NULL,NULL),(526,448,'NWDT21','2021-09-23 06:06:23','2021-09-23 09:06:23',2,26,192),(527,307,'NX5QFY','2020-11-14 18:07:01','2020-11-14 21:07:01',7,27,89),(528,110,'N4PX4U','2020-11-23 02:55:13','2020-11-23 05:55:13',5,NULL,764),(529,266,'NY1ZW6','2021-08-01 19:13:55','2021-08-01 22:13:55',5,28,304),(530,192,'NSD5K5','2021-03-01 15:24:56','2021-03-01 18:24:56',5,29,187),(531,33,'NDHIAY','2020-11-11 10:27:22','2020-11-11 13:27:22',4,30,158),(533,256,'NWDT21','2021-05-01 11:39:37','2021-05-01 14:39:37',4,NULL,590),(536,152,'N7766L','2021-07-11 08:45:10','2021-07-11 11:45:10',3,3,630),(537,16,'NENN6G','2021-11-03 16:14:02','2021-11-03 19:14:02',5,4,657),(538,330,'NPWUYR','2021-08-22 08:49:59','2021-08-22 11:49:59',6,NULL,78),(539,397,'NM2I79','2021-03-26 20:51:15','2021-03-26 23:51:15',6,NULL,535),(540,165,'N1T9OI','2021-01-29 06:27:57','2021-01-29 09:27:57',1,NULL,70),(541,292,'NIAUT1','2021-03-11 02:12:06','2021-03-11 05:12:06',5,NULL,199),(542,58,'N8FQT9','2021-03-15 08:52:11','2021-03-15 11:52:11',1,5,546),(546,251,'NY1ZW6','2021-04-01 05:18:16','2021-04-01 08:18:16',4,8,965),(547,14,'NNJY01','2021-08-29 18:55:35','2021-08-29 21:55:35',4,NULL,571),(551,469,'N37KWD','2021-08-12 16:21:40','2021-08-12 19:21:40',7,NULL,210),(552,2,'N1N5KJ','2021-01-19 15:22:56','2021-01-19 18:22:56',1,NULL,343),(554,162,'N551D1','2020-11-11 16:39:00','2020-11-11 19:39:00',4,NULL,429),(556,172,'N40CXE','2021-06-26 08:30:51','2021-06-26 11:30:51',3,NULL,671),(558,401,'N23MNY','2020-12-16 21:57:51','2020-12-17 00:57:51',6,NULL,522),(559,201,'NGWZII','2020-12-13 06:22:47','2020-12-13 09:22:47',3,13,60),(560,430,'NFEP2M','2021-06-14 02:18:00','2021-06-14 05:18:00',7,NULL,581),(563,495,'N1HZUV','2021-07-18 05:53:57','2021-07-18 08:53:57',4,NULL,898),(564,204,'NFGLM2','2020-12-27 10:56:54','2020-12-27 13:56:54',6,16,370),(566,365,'N551D1','2021-01-25 20:56:45','2021-01-25 23:56:45',1,18,331),(567,18,'N551D1','2021-07-04 15:23:30','2021-07-04 18:23:30',4,19,358),(569,245,'NVXK2F','2021-10-14 09:38:10','2021-10-14 12:38:10',2,20,874),(570,364,'NPWUYR','2021-01-19 15:51:07','2021-01-19 18:51:07',5,NULL,289),(571,253,'N37ST1','2021-11-06 09:23:00','2021-11-06 12:23:00',6,NULL,299),(573,8,'NJNFO1','2021-09-28 10:22:30','2021-09-28 13:22:30',2,NULL,202),(574,412,'NRR7JR','2021-08-25 20:12:18','2021-08-25 23:12:18',3,21,75),(577,99,'NSD5K5','2020-12-06 14:36:30','2020-12-06 17:36:30',4,NULL,240),(578,156,'NG6WNT','2021-04-14 13:09:22','2021-04-14 16:09:22',2,NULL,977),(580,444,'N40CXE','2020-11-16 00:35:56','2020-11-16 03:35:56',4,24,495),(581,386,'NEZYPP','2021-03-21 01:44:11','2021-03-21 04:44:11',5,NULL,NULL),(583,250,'NFGLM2','2020-12-01 12:57:45','2020-12-01 15:57:45',3,25,207),(585,372,'NMHP07','2021-01-23 18:23:31','2021-01-23 21:23:31',6,27,545),(588,147,'N8RPDP','2021-05-01 06:04:16','2021-05-01 09:04:16',7,30,938),(589,332,'N8FQT9','2021-08-03 14:33:17','2021-08-03 17:33:17',1,NULL,212),(590,355,'NVXK2F','2021-06-22 07:33:06','2021-06-22 10:33:06',5,1,587),(591,207,'NVXK2F','2021-06-08 23:43:56','2021-06-09 02:43:56',4,2,65),(593,336,'N20DEH','2021-07-31 08:27:50','2021-07-31 11:27:50',6,NULL,390),(595,495,'NU6AWN','2021-05-26 23:32:19','2021-05-27 02:32:19',1,NULL,383),(596,299,'NMHP07','2021-11-03 20:48:14','2021-11-03 23:48:14',3,4,82),(597,47,'N8FQT9','2021-02-06 03:54:27','2021-02-06 06:54:27',1,5,875),(598,138,'N551D1','2021-06-26 03:57:28','2021-06-26 06:57:28',7,6,752),(601,13,'NJPZW4','2021-10-18 05:12:16','2021-10-18 08:12:16',2,7,516),(602,250,'NWDT21','2020-11-29 22:58:32','2020-11-30 01:58:32',2,NULL,292),(603,144,'NINIAP','2020-12-17 07:46:25','2020-12-17 10:46:25',2,NULL,452),(606,289,'N551D1','2021-05-25 04:12:31','2021-05-25 07:12:31',7,10,710),(607,267,'N4OWLG','2020-12-20 04:04:46','2020-12-20 07:04:46',4,11,716),(608,250,'NLDICM','2021-10-30 10:27:00','2021-10-30 13:27:00',6,12,283),(609,403,'NM2I79','2021-04-21 08:48:13','2021-04-21 11:48:13',7,NULL,393),(611,314,'NNJY01','2021-01-13 19:10:16','2021-01-13 22:10:16',2,13,375),(612,357,'NWDT21','2021-02-22 07:38:24','2021-02-22 10:38:24',2,NULL,849),(613,121,'N1HZUV','2020-11-30 11:14:15','2020-11-30 14:14:15',4,NULL,826),(614,392,'NDHIAY','2021-06-18 06:28:53','2021-06-18 09:28:53',1,NULL,709),(617,296,'NOS2I6','2021-08-12 11:02:59','2021-08-12 14:02:59',3,NULL,934),(621,120,'NRR7JR','2020-12-29 23:40:31','2020-12-30 02:40:31',3,17,271),(622,240,'NNJY01','2020-11-24 11:17:15','2020-11-24 14:17:15',5,18,761),(623,173,'N0U2D4','2021-07-10 22:10:24','2021-07-11 01:10:24',1,NULL,255),(627,250,'NNJY01','2021-01-28 21:45:20','2021-01-29 00:45:20',4,NULL,276),(630,36,'NX5QFY','2021-05-07 16:19:55','2021-05-07 19:19:55',7,21,944),(632,192,'N551D1','2021-04-03 23:25:54','2021-04-04 02:25:54',4,23,348),(633,405,'NU6AWN','2021-09-09 08:17:12','2021-09-09 11:17:12',7,NULL,35),(634,445,'N1T9OI','2021-06-10 00:02:42','2021-06-10 03:02:42',4,24,867),(635,15,'NEZYPP','2021-09-26 22:27:30','2021-09-27 01:27:30',7,NULL,610),(637,141,'NFZ0BF','2021-11-04 11:44:48','2021-11-04 14:44:48',3,25,772),(640,478,'NLDICM','2020-12-30 10:49:34','2020-12-30 13:49:34',3,27,NULL),(641,261,'NRR7JR','2021-04-11 14:06:52','2021-04-11 17:06:52',6,NULL,1000),(642,93,'NU6AWN','2021-03-12 06:49:25','2021-03-12 09:49:25',6,NULL,827),(645,126,'NNJY01','2021-11-04 19:37:49','2021-11-04 22:37:49',3,30,430),(646,333,'NEZYPP','2021-03-04 23:28:56','2021-03-05 02:28:56',1,1,54),(647,390,'N8RPDP','2021-05-04 12:01:06','2021-05-04 15:01:06',2,NULL,120),(649,185,'NJNFO1','2020-11-08 17:51:28','2020-11-08 20:51:28',2,3,701),(650,69,'NVXK2F','2021-05-12 10:06:23','2021-05-12 13:06:23',2,4,NULL),(653,483,'N1HZUV','2021-08-08 12:33:01','2021-08-08 15:33:01',6,6,27),(654,307,'N1HZUV','2021-08-18 15:54:33','2021-08-18 18:54:33',1,7,NULL),(657,387,'NVXK2F','2020-11-17 20:09:22','2020-11-17 23:09:22',5,10,287),(658,284,'N4OWLG','2021-01-10 00:43:51','2021-01-10 03:43:51',4,NULL,332),(662,88,'N5B5TX','2021-08-28 00:12:01','2021-08-28 03:12:01',7,13,768),(663,231,'N40CXE','2021-11-03 09:13:44','2021-11-03 12:13:44',1,NULL,538),(664,412,'N1T9OI','2021-09-20 06:10:39','2021-09-20 09:10:39',4,NULL,978),(666,289,'N0U2D4','2021-09-01 18:50:35','2021-09-01 21:50:35',1,14,699),(667,329,'N5B5TX','2020-11-16 16:01:06','2020-11-16 19:01:06',1,15,18),(668,105,'NM2I79','2021-09-06 14:33:54','2021-09-06 17:33:54',5,16,273),(669,329,'N0U2D4','2021-02-21 23:05:21','2021-02-22 02:05:21',1,NULL,399),(670,64,'N551D1','2021-08-23 02:39:51','2021-08-23 05:39:51',1,17,859),(671,181,'N6YA99','2021-02-15 07:33:55','2021-02-15 10:33:55',2,NULL,572),(673,425,'NJNFO1','2021-04-08 10:09:44','2021-04-08 13:09:44',2,NULL,576),(676,4,'N20DEH','2021-06-21 12:52:44','2021-06-21 15:52:44',4,21,253),(679,3,'NQL9U3','2020-12-05 15:20:56','2020-12-05 18:20:56',3,22,233),(684,13,'N40CXE','2021-10-14 09:34:05','2021-10-14 12:34:05',2,23,755),(689,108,'NGWZII','2021-06-25 15:37:17','2021-06-25 18:37:17',7,NULL,689),(690,113,'NOS2I6','2021-10-06 01:45:57','2021-10-06 04:45:57',1,25,388),(691,150,'NENN6G','2021-01-06 15:01:36','2021-01-06 18:01:36',7,26,518),(693,447,'NPWUYR','2021-02-25 21:27:41','2021-02-26 00:27:41',7,NULL,760),(695,388,'NWDT21','2021-08-09 09:53:20','2021-08-09 12:53:20',3,NULL,602),(697,22,'NFZ0BF','2021-10-02 09:39:23','2021-10-02 12:39:23',6,NULL,579),(701,147,'N20DEH','2021-09-30 10:39:18','2021-09-30 13:39:18',2,30,549),(704,241,'N4OWLG','2021-04-20 19:02:25','2021-04-20 22:02:25',3,NULL,426),(706,373,'NDHIAY','2021-01-15 06:09:10','2021-01-15 09:09:10',4,NULL,128),(710,466,'N20DEH','2021-04-13 10:18:28','2021-04-13 13:18:28',5,5,171),(711,415,'NNJY01','2021-05-25 21:15:28','2021-05-26 00:15:28',1,6,876),(713,127,'NFZ0BF','2021-08-25 03:53:47','2021-08-25 06:53:47',2,NULL,172),(718,66,'NQL9U3','2021-10-13 14:37:21','2021-10-13 17:37:21',3,12,779),(719,325,'NOBPOJ','2021-03-11 10:41:06','2021-03-11 13:41:06',5,13,941),(720,329,'N31P1F','2021-04-20 10:18:52','2021-04-20 13:18:52',4,NULL,794),(733,294,'N20DEH','2021-04-15 16:09:49','2021-04-15 19:09:49',7,NULL,33),(734,6,'NX5QFY','2021-06-27 22:04:33','2021-06-28 01:04:33',1,16,865),(735,312,'N0U2D4','2021-07-06 19:50:09','2021-07-06 22:50:09',2,17,165),(738,414,'NNJY01','2021-04-01 03:51:57','2021-04-01 06:51:57',2,NULL,645),(739,145,'NNJY01','2021-02-21 19:32:29','2021-02-21 22:32:29',6,NULL,992),(741,324,'NENN6G','2021-11-06 17:15:00','2021-11-06 20:15:00',3,NULL,11),(745,339,'N37KWD','2021-02-21 11:00:19','2021-02-21 14:00:19',2,NULL,372),(747,269,'NPWUYR','2020-11-24 09:36:32','2020-11-24 12:36:32',4,22,562),(752,4,'NG6WNT','2021-08-05 02:49:16','2021-08-05 05:49:16',6,24,56),(754,99,'N8FQT9','2021-07-09 02:09:39','2021-07-09 05:09:39',3,NULL,705),(765,92,'NENN6G','2021-02-14 12:19:06','2021-02-14 15:19:06',4,NULL,647),(769,471,'N7OPLR','2021-08-18 20:07:39','2021-08-18 23:07:39',6,NULL,137),(772,137,'NJNFO1','2021-04-08 02:11:35','2021-04-08 05:11:35',5,2,338),(773,301,'NFEP2M','2021-10-02 05:09:40','2021-10-02 08:09:40',7,3,68),(774,409,'NM0QTB','2021-11-05 21:31:24','2021-11-06 00:31:24',5,NULL,189),(775,339,'N40CXE','2021-05-31 11:18:32','2021-05-31 14:18:32',7,NULL,673),(776,152,'NY1ZW6','2021-02-15 11:39:16','2021-02-15 14:39:16',4,NULL,704),(779,147,'NGWZII','2021-10-22 13:49:44','2021-10-22 16:49:44',1,NULL,902),(780,150,'NEZYPP','2021-10-07 22:00:03','2021-10-08 01:00:03',5,5,121),(782,427,'NJPZW4','2021-05-01 09:58:30','2021-05-01 12:58:30',1,NULL,NULL),(783,252,'NLDICM','2021-06-04 21:44:10','2021-06-05 00:44:10',7,NULL,714),(786,473,'NNJY01','2021-09-22 09:05:56','2021-09-22 12:05:56',2,NULL,551),(789,227,'NBTMP2','2021-10-16 04:54:09','2021-10-16 07:54:09',5,8,895),(792,214,'NFZ0BF','2021-06-04 00:39:52','2021-06-04 03:39:52',2,10,85),(794,377,'N7OPLR','2021-09-26 19:38:47','2021-09-26 22:38:47',3,NULL,596),(796,295,'NOS2I6','2020-12-10 05:04:53','2020-12-10 08:04:53',6,11,702),(797,460,'N40CXE','2020-12-20 04:49:00','2020-12-20 07:49:00',7,12,146),(798,450,'NPWUYR','2021-10-21 12:00:37','2021-10-21 15:00:37',3,13,58),(801,26,'NRR7JR','2021-11-07 07:12:46','2021-11-07 10:12:46',7,16,301),(806,101,'NX5QFY','2021-04-07 14:18:41','2021-04-07 17:18:41',7,19,717),(808,388,'NFEP2M','2021-01-27 23:33:39','2021-01-28 02:33:39',1,NULL,529),(811,203,'N7766L','2021-07-15 13:18:29','2021-07-15 16:18:29',2,22,578),(814,124,'NENN6G','2021-03-22 22:08:44','2021-03-23 01:08:44',1,25,435),(816,283,'N8RPDP','2021-03-26 23:19:50','2021-03-27 02:19:50',5,NULL,NULL),(821,409,'NGWZII','2021-10-07 20:23:33','2021-10-07 23:23:33',3,29,421),(825,275,'NNJY01','2020-11-27 19:56:17','2020-11-27 22:56:17',7,NULL,833),(826,151,'NINIAP','2021-01-26 20:27:42','2021-01-26 23:27:42',2,NULL,230),(828,359,'NFGLM2','2021-06-18 04:05:50','2021-06-18 07:05:50',6,NULL,663),(829,252,'NQL9U3','2021-03-10 19:25:56','2021-03-10 22:25:56',7,30,95),(832,278,'NY1ZW6','2021-10-01 04:20:34','2021-10-01 07:20:34',4,NULL,309),(834,53,'N23MNY','2021-03-08 01:04:56','2021-03-08 04:04:56',2,3,248),(839,367,'N4PX4U','2021-01-23 01:08:36','2021-01-23 04:08:36',7,7,700),(841,156,'N551D1','2021-09-01 01:26:23','2021-09-01 04:26:23',5,NULL,475),(843,209,'NOBPOJ','2021-02-18 14:48:06','2021-02-18 17:48:06',6,NULL,53),(844,27,'NFEP2M','2021-10-02 11:01:33','2021-10-02 14:01:33',5,8,247),(845,494,'NIAUT1','2021-04-05 23:10:18','2021-04-06 02:10:18',4,9,568),(846,369,'NFEP2M','2020-12-18 23:13:05','2020-12-19 02:13:05',3,10,163),(847,422,'NINIAP','2020-11-26 15:21:22','2020-11-26 18:21:22',4,11,995),(849,40,'N31P1F','2021-05-03 21:31:20','2021-05-04 00:31:20',1,13,52),(850,128,'N1T9OI','2021-05-03 04:55:55','2021-05-03 07:55:55',3,14,425),(851,203,'NX5QFY','2021-06-21 07:23:17','2021-06-21 10:23:17',7,NULL,114),(852,437,'N20DEH','2021-08-11 08:55:37','2021-08-11 11:55:37',1,NULL,504),(860,252,'N6YA99','2021-06-05 09:21:58','2021-06-05 12:21:58',6,NULL,834),(861,243,'N37ST1','2021-09-03 07:30:22','2021-09-03 10:30:22',3,18,766),(862,204,'N23MNY','2021-11-03 09:02:31','2021-11-03 12:02:31',6,19,742),(864,80,'N7766L','2021-03-02 01:40:44','2021-03-02 04:40:44',2,NULL,160),(866,486,'N4PX4U','2021-10-30 18:16:23','2021-10-30 21:16:23',3,21,634),(868,306,'NFZ0BF','2021-03-19 19:36:29','2021-03-19 22:36:29',3,23,NULL),(872,211,'NIAUT1','2021-03-30 07:21:13','2021-03-30 10:21:13',3,26,362),(875,16,'NEZYPP','2021-04-02 02:06:35','2021-04-02 05:06:35',4,28,107),(883,436,'NOBPOJ','2021-06-10 03:42:50','2021-06-10 06:42:50',4,NULL,690),(885,414,'N1T9OI','2021-05-17 06:39:40','2021-05-17 09:39:40',3,1,90),(888,20,'NINIAP','2021-04-11 09:53:24','2021-04-11 12:53:24',2,NULL,847),(891,297,'NINIAP','2021-11-02 21:35:41','2021-11-03 00:35:41',5,NULL,395),(892,388,'N5B5TX','2021-07-14 06:36:04','2021-07-14 09:36:04',1,NULL,88),(893,354,'NMHP07','2021-08-19 12:19:03','2021-08-19 15:19:03',7,3,122),(894,173,'NM2I79','2021-02-18 06:53:30','2021-02-18 09:53:30',1,4,306),(899,229,'N4OWLG','2021-01-29 23:23:26','2021-01-30 02:23:26',7,6,899),(901,294,'NVXK2F','2021-07-17 07:38:24','2021-07-17 10:38:24',3,8,NULL),(903,451,'NJNFO1','2021-08-11 23:36:51','2021-08-12 02:36:51',7,NULL,939),(905,290,'NFZ0BF','2021-06-17 22:59:52','2021-06-18 01:59:52',3,NULL,926),(906,408,'N4PX4U','2021-05-19 07:33:52','2021-05-19 10:33:52',4,9,843),(908,253,'NOBPOJ','2021-07-20 23:33:40','2021-07-21 02:33:40',2,NULL,494),(913,413,'NIAUT1','2021-10-12 05:19:24','2021-10-12 08:19:24',6,11,371),(914,451,'N23MNY','2021-05-14 20:08:59','2021-05-14 23:08:59',1,12,226),(917,435,'NFGLM2','2021-07-24 08:56:27','2021-07-24 11:56:27',2,14,282),(920,85,'NFGLM2','2021-01-22 21:31:15','2021-01-23 00:31:15',4,NULL,642),(921,170,'N37ST1','2021-10-27 14:52:03','2021-10-27 17:52:03',2,NULL,415),(923,143,'NINIAP','2021-04-09 15:19:16','2021-04-09 18:19:16',6,NULL,342),(929,482,'NFEP2M','2021-09-20 08:02:34','2021-09-20 11:02:34',5,18,169),(931,401,'NMHP07','2021-07-31 06:27:36','2021-07-31 09:27:36',3,NULL,236),(936,350,'NGWZII','2021-07-12 13:13:06','2021-07-12 16:13:06',5,NULL,22),(937,372,'NSD5K5','2021-02-28 18:59:02','2021-02-28 21:59:02',2,21,432),(938,416,'N7766L','2021-01-10 23:53:52','2021-01-11 02:53:52',6,NULL,135),(939,440,'NM2I79','2021-08-11 12:02:55','2021-08-11 15:02:55',2,22,151),(940,275,'N4PX4U','2021-02-13 22:54:15','2021-02-14 01:54:15',3,23,99),(945,107,'NOBPOJ','2021-01-03 08:25:12','2021-01-03 11:25:12',4,26,814),(946,379,'NJPZW4','2021-03-08 01:46:34','2021-03-08 04:46:34',5,27,552),(950,405,'N23MNY','2021-10-24 18:00:17','2021-10-24 21:00:17',6,29,600),(951,423,'N1HZUV','2021-03-05 12:18:08','2021-03-05 15:18:08',1,30,841),(956,433,'NWDT21','2021-01-28 02:14:43','2021-01-28 05:14:43',5,2,182),(959,224,'N40CXE','2021-05-13 20:46:51','2021-05-13 23:46:51',2,NULL,631),(962,147,'N37KWD','2021-10-25 00:49:48','2021-10-25 03:49:48',5,5,326),(963,163,'NWDT21','2020-12-19 19:20:39','2020-12-19 22:20:39',1,NULL,982),(965,141,'N1N5KJ','2021-04-14 09:31:41','2021-04-14 12:31:41',4,7,173),(969,385,'N7766L','2021-06-06 14:13:47','2021-06-06 17:13:47',3,9,385),(970,351,'NLDPPJ','2021-01-19 03:46:12','2021-01-19 06:46:12',5,NULL,980),(971,419,'NBTMP2','2021-04-19 09:01:22','2021-04-19 12:01:22',1,10,608),(978,142,'NLDPPJ','2021-05-26 13:11:17','2021-05-26 16:11:17',4,14,314),(982,471,'N1T9OI','2021-02-06 21:12:51','2021-02-07 00:12:51',7,NULL,161),(985,215,'N7OPLR','2021-09-06 03:36:07','2021-09-06 06:36:07',2,NULL,308),(990,47,'N31P1F','2020-11-20 15:03:42','2020-11-20 18:03:42',2,21,787),(991,357,'N37KWD','2021-08-26 12:58:04','2021-08-26 15:58:04',7,NULL,367),(992,20,'NU6AWN','2020-12-30 13:24:11','2020-12-30 16:24:11',4,NULL,290),(998,39,'N23MNY','2021-01-25 13:33:15','2021-01-25 16:33:15',5,24,609),(1000,71,'N37KWD','2020-12-07 10:04:59','2020-12-07 13:04:59',3,NULL,659),(1001,444,'N37KWD','2021-11-01 13:33:15','2021-11-01 15:33:15',1,5,NULL),(1002,444,'N37KWD','2021-11-02 13:33:15','2021-11-02 15:33:15',1,5,NULL),(1003,444,'NWDT21','2021-11-03 13:33:15','2021-11-03 14:33:15',2,NULL,NULL),(1004,444,'NWDT21','2021-11-04 13:33:15','2021-11-04 16:33:15',2,NULL,NULL),(1005,444,'N40CXE','2021-11-05 13:33:15','2021-11-05 14:33:15',1,5,NULL),(1006,42,'N40CXE','2021-11-12 13:45:00','2021-11-13 13:45:00',3,7,NULL);
/*!40000 ALTER TABLE `Reservation` ENABLE KEYS */;
UNLOCK TABLES;

--
-- Dumping routines for database 'mm_cpsc502101team07'
--
/*!50003 DROP PROCEDURE IF EXISTS `listFlyableAircraft` */;
/*!50003 SET @saved_cs_client      = @@character_set_client */ ;
/*!50003 SET @saved_cs_results     = @@character_set_results */ ;
/*!50003 SET @saved_col_connection = @@collation_connection */ ;
/*!50003 SET character_set_client  = utf8mb4 */ ;
/*!50003 SET character_set_results = utf8mb4 */ ;
/*!50003 SET collation_connection  = utf8mb4_unicode_ci */ ;
/*!50003 SET @saved_sql_mode       = @@sql_mode */ ;
/*!50003 SET sql_mode              = 'IGNORE_SPACE,ONLY_FULL_GROUP_BY,STRICT_TRANS_TABLES,NO_ZERO_IN_DATE,NO_ZERO_DATE,ERROR_FOR_DIVISION_BY_ZERO,NO_ENGINE_SUBSTITUTION' */ ;
DELIMITER ;;
CREATE DEFINER=`root`@`localhost` PROCEDURE `listFlyableAircraft`(idCustomerIn INT)
BEGIN
SELECT
    Flyable.*,
    max(datePerformed) AS mostRecentMaint
FROM
    Maintenance
    INNER JOIN (
        SELECT
            idAircraft,
            class,
            100HrDueTime - tachTime as timeBefore100Hr,
            rentalRate,
            annualInspectionDate,
            isTailwheel,
            isComplex,
            isHighPerformance
        FROM
            CustomerHasRating
            INNER JOIN Aircraft ON class = idRating
            AND (
                Aircraft.isTailwheel = EXISTS(
                    SELECT
                        *
                    FROM
                        CustomerHasRating
                    WHERE
                        idCustomer = idCustomerIn
                        AND idRating = 'TW'
                )
                OR Aircraft.isTailWheel = 0
            )
            AND (
                Aircraft.isComplex = EXISTS(
                    SELECT
                        *
                    FROM
                        CustomerHasRating
                    WHERE
                        idCustomer = idCustomerIn
                        AND idRating = 'CP'
                )
                OR Aircraft.isComplex = 0
            )
            AND (
                Aircraft.isHighPerformance = EXISTS(
                    SELECT
                        *
                    FROM
                        CustomerHasRating
                    WHERE
                        idCustomer = idCustomerIn
                        AND idRating = 'HP'
                )
                OR Aircraft.isHighPerformance = '0'
            )
        WHERE
            idCustomer = idCustomerIn
            AND annualInspectionDate > NOW() + INTERVAL 1 DAY
            AND 100HrDueTime - tachTime > 0.1
    ) Flyable ON Maintenance.idAircraft = Flyable.idAircraft
GROUP BY
    Flyable.idAircraft
ORDER BY
    class,
    rentalRate;
END ;;
DELIMITER ;
/*!50003 SET sql_mode              = @saved_sql_mode */ ;
/*!50003 SET character_set_client  = @saved_cs_client */ ;
/*!50003 SET character_set_results = @saved_cs_results */ ;
/*!50003 SET collation_connection  = @saved_col_connection */ ;
/*!40103 SET TIME_ZONE=@OLD_TIME_ZONE */;

/*!40101 SET SQL_MODE=@OLD_SQL_MODE */;
/*!40014 SET FOREIGN_KEY_CHECKS=@OLD_FOREIGN_KEY_CHECKS */;
/*!40014 SET UNIQUE_CHECKS=@OLD_UNIQUE_CHECKS */;
/*!40101 SET CHARACTER_SET_CLIENT=@OLD_CHARACTER_SET_CLIENT */;
/*!40101 SET CHARACTER_SET_RESULTS=@OLD_CHARACTER_SET_RESULTS */;
/*!40101 SET COLLATION_CONNECTION=@OLD_COLLATION_CONNECTION */;
/*!40111 SET SQL_NOTES=@OLD_SQL_NOTES */;

-- Dump completed on 2021-11-12 19:40:03
