idMaintenance,idAircraft,maintType,idMechanic,datePerformed
1,N8RPDP,seatbelt,1,2020-12-01 14:16:21
2,NSD5K5,radio 2,4,2021-05-05 09:25:53
3,NM0QTB,transponder,2,2021-09-16 03:41:32
4,NM0QTB,vor,2,2021-02-21 20:06:47
5,NRR7JR,transponder,5,2021-08-20 18:38:04
6,NRR7JR,altimeter,3,2021-08-30 16:47:39
7,N20DEH,door,1,2021-03-25 23:38:26
8,NU6AWN,door,2,2021-03-14 13:38:59
9,NENN6G,door,1,2021-06-18 01:02:25
10,N1N5KJ,seatbelt,5,2021-05-13 21:32:48
11,NENN6G,landing gear,2,2021-05-14 18:14:53
12,N4OWLG,radio 1,5,2021-06-04 13:00:25
13,N8RPDP,door,5,2020-11-27 19:37:58
14,N4OWLG,transponder,3,2021-07-14 21:26:42
15,NBTMP2,airspeed indicator,2,2021-04-07 01:14:25
16,NLDICM,airspeed indicator,1,2020-12-23 18:07:59
17,NOS2I6,radio 1,3,2021-07-30 18:19:39
18,N40CXE,door,1,2021-05-07 08:54:32
19,NEOI6B,transponder,2,2021-06-22 06:50:24
20,N20DEH,altimeter,1,2021-10-11 17:45:35
21,N37ST1,radio 2,5,2021-04-09 00:37:25
22,NEOI6B,door,2,2021-11-03 05:18:43
23,NEOI6B,radio 2,5,2021-08-17 17:42:21
24,NNJY01,altimeter,1,2021-04-27 22:44:23
25,N1HZUV,radio 1,5,2021-03-01 07:09:36
26,NBTMP2,landing gear,4,2021-10-29 06:11:58
27,NU6AWN,door,4,2021-03-02 03:02:24
28,NINIAP,door,1,2021-01-19 09:02:33
29,N7766L,vor,1,2020-11-22 04:51:01
30,NVXK2F,radio 2,5,2021-07-28 07:31:42
31,NGWZII,door,3,2021-02-17 05:57:51
32,N6YA99,radio 1,2,2021-05-23 02:04:36
33,NJNFO1,radio 1,1,2021-05-14 21:18:42
34,N1HZUV,radio 2,3,2020-12-27 07:27:10
35,NINIAP,radio 1,4,2020-11-12 07:16:52
36,NM0QTB,radio 1,4,2021-08-14 22:11:23
37,NINIAP,radio 1,4,2021-02-24 16:51:31
38,NLDICM,altimeter,4,2021-08-24 15:16:05
39,N37ST1,transponder,2,2021-09-16 07:30:06
40,N8RPDP,landing gear,1,2021-08-22 23:53:44
41,N1T9OI,transponder,2,2021-07-11 20:56:48
42,N1HZUV,radio 2,5,2021-07-28 19:38:50
43,NFEP2M,radio 1,3,2021-06-06 09:35:36
44,NY1ZW6,radio 1,3,2021-08-04 01:42:11
45,NVXK2F,transponder,5,2021-08-05 07:19:14
46,NNJY01,radio 2,4,2020-11-10 10:30:04
47,N8RPDP,vor,4,2021-06-06 06:35:25
48,N23MNY,altimeter,5,2021-02-13 18:27:38
49,NDHIAY,seatbelt,3,2021-03-09 09:08:38
50,N4OWLG,altimeter,3,2021-05-07 06:30:45
51,NM2I79,landing gear,5,2021-08-17 01:54:57
52,N1HZUV,vor,4,2021-11-07 13:41:51
53,N31P1F,transponder,2,2021-11-07 11:50:45
54,NFGLM2,transponder,3,2021-07-30 14:49:19
55,NJPZW4,radio 1,5,2021-06-11 17:59:49
56,NM0QTB,radio 2,5,2021-05-26 02:29:57
57,NEZYPP,radio 2,2,2020-11-08 00:23:54
58,NIAUT1,door,3,2020-11-20 15:46:17
59,NM2I79,airspeed indicator,1,2021-06-15 16:22:00
60,NSD5K5,door,3,2021-01-27 04:30:47
61,NENN6G,transponder,4,2021-02-19 06:04:43
62,NFZ0BF,vor,5,2021-02-17 01:19:26
63,NOS2I6,seatbelt,1,2020-11-29 12:22:00
64,N8FQT9,transponder,1,2021-05-26 20:17:45
65,NFZ0BF,radio 2,2,2020-11-22 18:44:06
66,N20DEH,landing gear,5,2021-10-01 04:07:21
67,N1N5KJ,airspeed indicator,5,2021-01-06 02:39:14
68,N1N5KJ,airspeed indicator,1,2021-02-15 10:31:14
69,NOBPOJ,seatbelt,5,2021-09-16 10:44:50
70,N8RPDP,radio 2,1,2020-11-23 11:38:26
71,N551D1,vor,5,2021-03-21 21:41:11
72,N7766L,radio 1,4,2020-12-18 04:27:30
73,NOBPOJ,landing gear,5,2021-08-26 14:33:32
74,NPWUYR,transponder,2,2021-07-22 09:36:57
75,NWDT21,radio 2,3,2021-05-17 02:40:44
76,NDHIAY,airspeed indicator,2,2021-08-27 20:49:16
77,N40CXE,airspeed indicator,2,2021-02-25 14:39:11
78,NG6WNT,vor,1,2021-03-15 01:09:53
79,NDHIAY,seatbelt,4,2021-07-23 06:10:57
80,N4PX4U,radio 1,2,2021-09-06 11:51:28
81,N0U2D4,door,5,2021-09-23 04:10:06
82,NEZYPP,airspeed indicator,5,2021-01-20 19:46:31
83,NEOI6B,airspeed indicator,5,2021-03-11 16:21:59
84,NY1ZW6,airspeed indicator,5,2021-01-23 18:16:34
85,NPWUYR,altimeter,2,2021-03-27 07:57:23
86,NM2I79,seatbelt,3,2021-09-08 03:40:58
87,NLDPPJ,transponder,4,2021-04-10 03:47:00
88,NOS2I6,airspeed indicator,1,2021-02-22 08:27:50
89,NJNFO1,airspeed indicator,2,2021-08-07 02:34:19
90,N7766L,vor,4,2021-02-02 02:46:54
91,NVXK2F,landing gear,4,2021-05-16 23:07:02
92,NJNFO1,vor,1,2021-05-06 23:12:32
93,NSD5K5,vor,1,2021-02-28 11:33:21
94,N6YA99,airspeed indicator,4,2020-12-19 00:12:59
95,NFZ0BF,landing gear,4,2021-05-17 16:32:01
96,NEOI6B,vor,1,2020-11-23 11:17:23
97,N37KWD,vor,3,2020-12-05 18:55:51
98,NFGLM2,landing gear,4,2021-04-02 02:50:28
99,N4OWLG,radio 2,5,2021-07-19 21:01:09
100,N6YA99,radio 2,1,2021-09-15 12:38:16
101,NMHP07,landing gear,2,2021-08-03 16:49:54
102,NM0QTB,seatbelt,2,2021-10-19 14:08:48
103,NRR7JR,transponder,4,2021-01-15 09:17:21
104,NEOI6B,door,2,2021-06-12 07:10:21
105,NU6AWN,landing gear,4,2021-02-02 02:30:51
106,NRR7JR,radio 2,2,2020-12-07 03:22:32
107,N1N5KJ,radio 1,1,2021-05-05 00:33:00
108,N6YA99,vor,1,2021-06-27 22:33:50
109,NEZYPP,seatbelt,4,2020-11-18 02:04:06
110,NEZYPP,radio 2,1,2021-09-04 04:22:05
111,NY1ZW6,door,5,2021-02-04 05:04:04
112,N37KWD,radio 2,2,2021-09-07 17:04:04
113,NFZ0BF,landing gear,3,2020-12-27 12:19:29
114,NFEP2M,landing gear,1,2021-10-13 08:21:08
115,N0U2D4,door,5,2020-11-15 20:49:03
116,NMHP07,airspeed indicator,1,2021-07-31 12:52:28
117,N37ST1,radio 1,1,2021-01-18 03:04:07
118,NPWUYR,landing gear,2,2021-07-13 17:30:20
119,N4PX4U,radio 2,3,2021-07-31 04:55:41
120,NFZ0BF,radio 1,5,2021-02-15 21:06:03
121,NFZ0BF,radio 2,4,2020-12-27 04:26:52
122,NJNFO1,landing gear,2,2021-01-18 11:09:53
123,NENN6G,radio 2,2,2021-05-03 15:18:30
124,N37ST1,seatbelt,1,2020-12-05 13:39:57
125,N4PX4U,radio 1,5,2021-05-24 05:17:04
126,NFZ0BF,altimeter,1,2021-09-21 08:57:45
127,N0U2D4,radio 2,4,2021-02-16 07:06:40
128,N40CXE,landing gear,1,2021-01-18 03:29:18
129,NRR7JR,radio 2,4,2021-03-12 02:43:32
130,N7OPLR,radio 1,5,2021-01-13 09:35:11
131,NWDT21,door,1,2021-08-02 11:59:42
132,NINIAP,radio 1,1,2021-10-16 04:06:04
133,NENN6G,airspeed indicator,1,2021-10-18 14:18:28
134,N40CXE,vor,4,2021-01-25 16:52:50
135,N1T9OI,radio 2,3,2021-05-17 13:59:41
136,NQL9U3,vor,4,2021-06-29 17:17:55
137,NOS2I6,airspeed indicator,1,2021-06-14 09:22:44
138,NLDPPJ,landing gear,3,2021-09-26 10:48:52
139,NU6AWN,seatbelt,4,2020-11-27 07:58:11
140,NPWUYR,transponder,1,2021-08-07 08:38:38
141,NJNFO1,airspeed indicator,2,2021-10-28 19:55:48
142,NM0QTB,transponder,3,2021-01-23 00:12:40
143,N6YA99,radio 2,1,2020-11-20 05:32:54
144,NNJY01,seatbelt,2,2021-06-13 01:00:43
145,N23MNY,vor,5,2021-06-08 19:44:08
146,NQL9U3,door,4,2021-07-06 00:37:58
147,NFZ0BF,airspeed indicator,3,2021-04-23 00:19:54
148,NENN6G,altimeter,3,2020-11-08 07:48:21
149,NWDT21,vor,1,2021-07-10 14:57:33
150,N1T9OI,altimeter,4,2021-10-28 07:58:35
151,NFEP2M,vor,2,2021-04-21 14:13:52
152,N1N5KJ,airspeed indicator,5,2021-07-21 16:56:27
153,NJNFO1,landing gear,1,2021-08-30 22:44:52
154,NM2I79,vor,2,2021-09-16 17:09:43
155,NPWUYR,seatbelt,5,2021-02-11 10:15:24
156,NFGLM2,seatbelt,3,2021-03-04 15:11:42
157,NDHIAY,altimeter,5,2021-05-07 11:49:32
158,N4OWLG,door,4,2021-01-14 10:54:15
159,NJNFO1,transponder,2,2021-05-07 14:15:01
160,NMHP07,transponder,3,2020-12-24 04:55:48
161,NEZYPP,landing gear,4,2021-01-26 21:24:29
162,NEOI6B,transponder,3,2021-10-27 08:32:45
163,N8RPDP,airspeed indicator,1,2021-01-02 08:47:02
164,N37KWD,radio 1,3,2020-11-20 09:23:36
165,NEOI6B,seatbelt,1,2021-10-24 06:18:58
166,NY1ZW6,transponder,4,2020-12-21 21:23:57
167,N8FQT9,radio 2,2,2020-11-13 07:46:49
168,N551D1,altimeter,5,2020-12-27 14:24:10
169,N37KWD,radio 2,1,2021-06-24 08:32:59
170,N37KWD,landing gear,3,2021-05-15 22:45:10
171,NFEP2M,door,2,2021-04-12 17:45:46
172,N40CXE,transponder,2,2021-04-23 21:03:15
173,NM2I79,radio 2,2,2021-10-29 16:27:07
174,NM0QTB,seatbelt,1,2021-06-19 02:02:11
175,NSD5K5,transponder,5,2021-09-19 01:27:18
176,NINIAP,door,1,2021-04-28 05:13:00
177,N7766L,seatbelt,2,2020-11-25 06:27:43
178,NFEP2M,vor,3,2021-10-19 20:34:24
179,N7766L,seatbelt,3,2020-12-16 15:58:51
180,NIAUT1,altimeter,1,2021-02-24 19:33:36
181,N5B5TX,transponder,2,2021-10-01 02:59:14
182,NJPZW4,airspeed indicator,4,2021-08-27 15:06:24
183,NJPZW4,transponder,5,2021-06-16 02:47:56
184,NM0QTB,radio 1,3,2021-03-24 21:42:03
185,NRR7JR,door,1,2021-04-18 07:40:15
186,N20DEH,airspeed indicator,3,2021-07-24 17:43:59
187,NVXK2F,airspeed indicator,3,2020-11-28 14:18:03
188,NJPZW4,radio 2,5,2021-05-31 16:58:19
189,NG6WNT,seatbelt,5,2021-08-11 23:16:07
190,N4OWLG,radio 2,2,2021-05-26 09:57:56
191,NSD5K5,radio 2,3,2021-08-11 15:04:46
192,NPWUYR,transponder,3,2021-04-21 01:13:54
193,NSD5K5,door,2,2021-04-02 06:46:26
194,N7OPLR,seatbelt,1,2021-10-17 10:19:26
195,NLDPPJ,door,1,2020-11-11 01:10:03
196,NPWUYR,radio 2,2,2021-09-07 20:15:26
197,NU6AWN,door,1,2021-07-14 04:27:22
198,N4PX4U,door,5,2021-09-26 02:26:25
199,N40CXE,vor,4,2021-08-09 10:35:29
200,NEOI6B,door,3,2021-05-06 05:55:06
201,N1HZUV,vor,1,2021-02-17 23:14:37
202,NM0QTB,door,4,2021-11-07 15:41:10
203,NFEP2M,vor,1,2021-05-07 10:30:33
204,NRR7JR,radio 2,2,2021-10-03 20:16:02
205,N8FQT9,radio 2,5,2021-10-01 04:32:37
206,N20DEH,radio 2,3,2021-07-19 22:03:55
207,NPWUYR,radio 2,3,2021-09-09 12:44:13
208,N1N5KJ,altimeter,3,2021-02-15 18:35:20
209,NEOI6B,landing gear,1,2021-06-01 16:50:19
210,NU6AWN,door,5,2021-04-07 18:24:59
211,NU6AWN,altimeter,3,2021-04-27 03:11:04
212,NGWZII,seatbelt,2,2021-09-05 11:43:06
213,NGWZII,radio 2,3,2021-04-19 10:29:22
214,NM2I79,vor,5,2021-10-31 15:08:18
215,NSD5K5,altimeter,4,2021-08-19 07:58:27
216,NM2I79,transponder,5,2021-09-07 01:15:10
217,N1T9OI,radio 1,1,2021-09-25 12:18:27
218,N37ST1,airspeed indicator,2,2021-05-15 11:42:47
219,N40CXE,radio 2,2,2021-04-12 11:58:40
220,NBTMP2,airspeed indicator,3,2021-09-07 14:06:55
221,NPWUYR,transponder,3,2021-05-01 21:43:24
222,N7766L,radio 1,3,2021-02-11 02:39:09
223,N8RPDP,door,4,2021-07-22 07:56:47
224,NQL9U3,altimeter,3,2021-02-05 10:04:31
225,NIAUT1,altimeter,4,2020-12-15 14:11:15
226,NDHIAY,altimeter,3,2021-08-30 11:02:55
227,N551D1,seatbelt,4,2021-01-13 01:28:59
228,NJNFO1,door,4,2021-01-18 09:47:24
229,N551D1,transponder,1,2021-08-25 21:29:31
230,NX5QFY,radio 1,2,2021-01-11 16:55:18
231,N551D1,airspeed indicator,1,2020-11-20 11:51:39
232,N551D1,airspeed indicator,5,2020-11-16 13:38:21
233,NPWUYR,door,3,2021-07-13 07:27:22
234,NFGLM2,radio 1,2,2021-06-19 08:20:56
235,NOBPOJ,door,5,2021-07-29 03:38:30
236,N1N5KJ,airspeed indicator,3,2021-10-27 13:44:13
237,N8FQT9,door,3,2021-09-14 03:14:26
238,NLDPPJ,door,4,2021-06-03 22:36:20
239,NGWZII,altimeter,2,2021-05-12 14:10:17
240,NFEP2M,seatbelt,3,2021-07-21 13:46:30
241,NIAUT1,vor,5,2021-02-25 08:12:11
242,NBTMP2,door,3,2021-02-26 17:03:00
243,NWDT21,airspeed indicator,4,2021-01-16 21:20:36
244,N1T9OI,airspeed indicator,5,2021-04-13 07:18:18
245,NGWZII,transponder,3,2020-12-25 00:04:45
246,N4OWLG,vor,1,2021-02-19 20:07:36
247,NX5QFY,seatbelt,2,2021-07-22 16:36:36
248,NEOI6B,altimeter,4,2021-04-04 22:23:04
249,N8RPDP,radio 2,2,2021-07-27 04:22:14
250,N7766L,altimeter,4,2021-01-13 01:55:45
251,NPWUYR,door,1,2021-10-21 08:13:56
252,N6YA99,seatbelt,4,2021-05-03 19:10:54
253,NFEP2M,landing gear,5,2021-04-23 02:39:36
254,NJPZW4,radio 2,1,2021-05-11 17:18:47
255,NENN6G,vor,5,2021-09-18 06:58:29
256,NOBPOJ,seatbelt,5,2021-07-19 04:40:24
257,N4OWLG,radio 1,3,2020-12-04 22:04:20
258,N4PX4U,altimeter,4,2021-05-12 15:16:10
259,NSD5K5,altimeter,3,2021-09-11 16:14:56
260,NQL9U3,door,1,2021-07-29 16:05:51
261,NM2I79,vor,2,2021-02-25 18:54:31
262,NENN6G,vor,5,2021-09-01 00:18:37
263,N40CXE,vor,1,2021-10-10 05:01:59
264,NLDPPJ,vor,2,2021-02-17 17:44:50
265,N37ST1,vor,4,2021-07-15 10:29:26
266,NWDT21,vor,4,2021-10-30 03:51:08
267,NVXK2F,altimeter,4,2021-07-29 22:48:56
268,N1T9OI,altimeter,5,2021-07-18 09:32:16
269,NJPZW4,seatbelt,5,2021-10-27 11:52:16
270,NFZ0BF,airspeed indicator,3,2021-06-21 17:37:30
271,NPWUYR,landing gear,5,2021-03-21 06:03:02
272,NFZ0BF,door,2,2021-07-04 18:18:05
273,NY1ZW6,seatbelt,4,2021-10-01 20:22:58
274,NLDICM,airspeed indicator,4,2021-01-31 09:35:55
275,NRR7JR,landing gear,4,2020-11-09 16:40:33
276,NSD5K5,seatbelt,1,2021-10-09 21:35:20
277,NEOI6B,altimeter,1,2021-01-30 15:30:14
278,NM0QTB,seatbelt,4,2021-03-25 16:00:26
279,N8FQT9,transponder,5,2021-06-09 07:45:18
280,N40CXE,radio 1,3,2021-07-29 07:08:05
281,NEOI6B,door,3,2021-09-30 14:56:59
282,NVXK2F,transponder,3,2021-05-07 06:47:43
283,NBTMP2,radio 1,3,2021-07-28 01:03:07
284,NDHIAY,airspeed indicator,2,2020-12-19 04:09:17
285,N1HZUV,radio 1,3,2021-07-12 06:51:08
286,N20DEH,radio 2,2,2021-06-20 11:26:49
287,NGWZII,altimeter,3,2021-05-09 15:24:37
288,NPWUYR,transponder,1,2021-10-02 02:21:49
289,N7766L,airspeed indicator,1,2021-01-13 17:29:36
290,N1T9OI,radio 2,3,2020-11-15 04:33:15
291,NX5QFY,radio 1,2,2020-12-06 21:10:41
292,NPWUYR,radio 1,5,2021-03-17 07:02:04
293,NENN6G,vor,2,2021-04-15 09:49:55
294,N1N5KJ,radio 2,2,2020-12-18 06:35:38
295,N20DEH,transponder,1,2021-06-12 10:58:53
296,NFEP2M,altimeter,2,2021-08-09 19:16:27
297,NFEP2M,transponder,2,2021-04-01 17:43:55
298,NOBPOJ,transponder,5,2021-08-02 16:05:07
299,N5B5TX,radio 2,4,2021-01-30 23:42:49
300,N8FQT9,door,3,2020-11-20 16:08:11
301,NSD5K5,door,3,2021-06-11 01:43:31
302,NWDT21,vor,5,2020-11-12 05:05:53
303,N37ST1,seatbelt,2,2021-01-04 01:06:08
304,NFZ0BF,radio 1,1,2021-07-23 10:52:32
305,NFZ0BF,transponder,2,2021-07-30 22:15:49
306,NOS2I6,landing gear,4,2021-04-13 05:12:16
307,NMHP07,radio 2,3,2021-05-27 01:26:50
308,NFZ0BF,seatbelt,3,2021-10-15 02:48:53
309,NFGLM2,radio 2,2,2021-08-15 09:32:59
310,NLDICM,airspeed indicator,3,2021-09-24 00:01:19
311,N31P1F,landing gear,3,2021-01-07 15:15:36
312,NEZYPP,airspeed indicator,5,2021-01-13 00:08:23
313,NLDPPJ,landing gear,3,2021-02-14 13:55:12
314,N31P1F,seatbelt,3,2021-02-04 02:16:17
315,NOBPOJ,seatbelt,4,2021-11-02 14:11:49
316,NFEP2M,transponder,5,2021-05-16 21:10:25
317,NM2I79,seatbelt,4,2021-07-08 17:43:24
318,N1N5KJ,airspeed indicator,3,2021-09-12 00:31:05
319,NX5QFY,landing gear,2,2021-04-22 21:33:50
320,NY1ZW6,radio 2,3,2021-01-03 14:41:20
321,N1HZUV,seatbelt,1,2021-07-05 01:59:32
322,N5B5TX,transponder,3,2021-05-28 02:59:40
323,NWDT21,radio 2,4,2021-09-09 12:31:07
324,NQL9U3,door,1,2020-12-06 10:58:05
325,N8RPDP,radio 1,2,2021-08-27 22:11:13
326,NX5QFY,seatbelt,1,2021-10-23 08:23:50
327,NFEP2M,airspeed indicator,5,2021-07-22 10:37:34
328,NNJY01,seatbelt,2,2021-09-07 21:31:17
329,NJPZW4,airspeed indicator,4,2020-11-30 08:34:32
330,NNJY01,altimeter,2,2021-10-14 02:31:12
331,NJPZW4,radio 1,5,2021-05-15 09:07:35
332,NJPZW4,airspeed indicator,3,2021-07-30 07:57:38
333,NLDPPJ,vor,1,2021-04-11 13:52:54
334,N37ST1,airspeed indicator,2,2021-01-08 15:09:25
335,N40CXE,vor,1,2021-05-18 03:04:44
336,NFGLM2,vor,1,2021-04-19 11:32:22
337,N0U2D4,radio 2,5,2021-01-10 15:24:21
338,N23MNY,radio 1,5,2020-11-08 09:27:54
339,NFEP2M,seatbelt,3,2021-02-14 02:58:19
340,NM0QTB,airspeed indicator,3,2021-02-05 22:59:32
341,NIAUT1,radio 2,1,2021-06-21 03:36:53
342,N7OPLR,seatbelt,1,2021-04-29 00:34:22
343,NMHP07,altimeter,1,2021-07-02 15:29:19
344,N37ST1,door,3,2021-09-27 16:55:13
345,NMHP07,radio 1,5,2021-07-26 11:03:33
346,N1HZUV,radio 1,1,2021-03-11 11:05:20
347,N37KWD,transponder,1,2021-03-02 03:46:38
348,N8RPDP,landing gear,3,2021-11-03 18:49:55
349,N0U2D4,landing gear,2,2021-03-05 01:58:50
350,NM2I79,seatbelt,1,2021-01-23 16:16:15
351,NQL9U3,airspeed indicator,2,2021-05-07 00:01:10
352,NVXK2F,altimeter,5,2021-09-15 08:45:00
353,N1N5KJ,radio 1,4,2020-12-19 23:40:48
354,NJPZW4,radio 1,1,2020-12-28 00:23:24
355,N31P1F,transponder,3,2021-09-20 12:56:39
356,NEOI6B,seatbelt,2,2021-05-10 01:05:49
357,N1T9OI,vor,5,2021-06-20 17:19:24
358,N37ST1,radio 1,1,2021-05-02 21:19:18
359,NRR7JR,door,3,2021-06-28 01:59:12
360,NX5QFY,altimeter,1,2021-11-07 08:31:13
361,N0U2D4,seatbelt,4,2021-02-09 10:18:47
362,N8RPDP,radio 1,3,2021-04-11 17:18:30
363,NQL9U3,vor,4,2021-10-12 06:39:04
364,NJNFO1,airspeed indicator,1,2020-12-31 18:31:45
365,NFEP2M,seatbelt,1,2021-11-03 15:17:19
366,NX5QFY,radio 1,4,2021-01-31 19:55:26
367,NSD5K5,airspeed indicator,4,2020-12-01 05:47:19
368,NRR7JR,vor,2,2021-05-21 07:48:49
369,NQL9U3,vor,4,2020-12-04 03:24:32
370,NIAUT1,radio 2,2,2021-07-11 03:04:27
371,N4PX4U,transponder,3,2021-03-07 05:32:45
372,NM0QTB,airspeed indicator,5,2021-06-30 15:17:59
373,NEOI6B,vor,5,2020-11-29 13:26:48
374,NOBPOJ,airspeed indicator,1,2021-01-31 08:03:46
375,N31P1F,airspeed indicator,4,2021-09-20 03:57:45
376,NG6WNT,transponder,3,2021-01-28 14:37:50
377,NBTMP2,vor,5,2021-08-04 11:29:49
378,N23MNY,vor,4,2021-06-02 01:39:43
379,N31P1F,transponder,5,2021-02-15 08:36:47
380,NOS2I6,transponder,3,2021-03-09 16:07:12
381,NJPZW4,transponder,4,2021-05-07 18:31:10
382,N8RPDP,transponder,1,2021-06-14 04:21:23
383,NINIAP,radio 2,3,2021-02-10 10:17:32
384,NEZYPP,radio 1,2,2021-07-23 09:39:18
385,N37ST1,vor,2,2021-09-11 19:46:42
386,N8FQT9,landing gear,4,2021-09-16 05:25:06
387,NGWZII,door,4,2021-01-22 22:18:32
388,NSD5K5,altimeter,4,2021-03-01 05:15:52
389,NJNFO1,radio 1,2,2021-01-21 18:18:30
390,N1T9OI,transponder,2,2021-07-08 09:50:00
391,N40CXE,vor,4,2020-12-01 16:34:29
392,NM2I79,altimeter,3,2021-09-23 22:29:40
393,N37ST1,seatbelt,4,2021-05-10 05:08:59
394,NSD5K5,seatbelt,4,2021-05-09 23:58:32
395,N23MNY,transponder,3,2021-07-26 21:23:14
396,NNJY01,airspeed indicator,2,2021-04-11 05:13:17
397,NVXK2F,seatbelt,2,2021-05-05 09:23:03
398,N7OPLR,vor,5,2020-11-24 07:39:12
399,N1N5KJ,seatbelt,3,2021-03-30 06:29:56
400,N4OWLG,landing gear,3,2021-09-12 06:20:55
401,NFEP2M,door,3,2021-02-23 06:24:50
402,NM0QTB,transponder,1,2021-01-23 08:58:10
403,NOBPOJ,radio 1,1,2021-07-05 03:55:32
404,NFZ0BF,radio 1,2,2021-09-06 13:09:26
405,NFZ0BF,vor,5,2020-12-22 07:10:56
406,N31P1F,altimeter,2,2021-01-09 23:49:02
407,NIAUT1,radio 2,2,2021-10-02 02:57:59
408,NG6WNT,airspeed indicator,2,2021-06-02 00:50:00
409,N8RPDP,seatbelt,2,2021-04-25 12:28:04
410,NG6WNT,seatbelt,5,2020-11-11 09:23:41
411,NSD5K5,radio 2,1,2021-05-30 02:20:20
412,NX5QFY,radio 2,3,2021-02-23 03:11:09
413,N6YA99,airspeed indicator,2,2021-04-12 16:18:04
414,NINIAP,vor,5,2021-01-19 13:10:12
415,NLDICM,vor,3,2021-03-03 13:53:34
416,NQL9U3,transponder,5,2021-02-09 16:45:44
417,NSD5K5,radio 2,1,2020-11-28 01:22:32
418,NEZYPP,transponder,4,2020-11-25 16:27:57
419,NWDT21,radio 1,3,2021-01-25 19:56:06
420,NEZYPP,landing gear,3,2021-05-02 01:07:05
421,NBTMP2,transponder,2,2021-09-04 19:37:39
422,NRR7JR,door,2,2021-07-15 19:30:19
423,NOBPOJ,transponder,5,2021-08-29 09:23:47
424,NVXK2F,radio 2,2,2021-08-16 01:01:53
425,NLDICM,radio 1,2,2021-07-13 18:45:05
426,NMHP07,seatbelt,2,2021-01-18 05:33:49
427,NG6WNT,transponder,1,2021-09-18 15:36:02
428,NEZYPP,seatbelt,2,2021-06-28 03:19:06
429,N6YA99,seatbelt,3,2021-04-07 19:29:48
430,NEOI6B,radio 2,1,2021-07-13 05:47:13
431,NY1ZW6,radio 1,2,2021-05-23 15:41:13
432,NWDT21,door,2,2021-07-10 04:18:03
433,NJNFO1,seatbelt,2,2021-09-18 22:31:25
434,NINIAP,landing gear,2,2021-07-16 16:24:09
435,NENN6G,vor,3,2021-06-12 07:11:50
436,NG6WNT,landing gear,5,2021-09-04 08:42:32
437,NJPZW4,vor,4,2021-08-11 18:33:15
438,NLDPPJ,altimeter,4,2021-05-03 14:28:15
439,NINIAP,vor,2,2020-12-17 21:34:19
440,NM2I79,landing gear,4,2021-04-22 07:56:11
441,N551D1,landing gear,2,2020-12-28 22:21:17
442,N37KWD,vor,4,2020-11-26 06:07:45
443,N5B5TX,door,2,2020-11-19 15:03:36
444,NIAUT1,airspeed indicator,3,2021-08-02 18:49:49
445,NJNFO1,seatbelt,2,2021-04-07 05:35:43
446,N1HZUV,door,2,2021-02-24 05:30:00
447,N7766L,airspeed indicator,3,2021-02-03 11:39:54
448,NNJY01,transponder,2,2021-05-02 12:26:03
449,NY1ZW6,vor,1,2021-10-04 01:22:38
450,N4OWLG,altimeter,1,2021-03-25 07:08:55
451,N4OWLG,seatbelt,5,2021-10-04 02:07:11
452,NEZYPP,altimeter,5,2021-10-30 01:36:02
453,NENN6G,airspeed indicator,4,2021-02-11 16:06:21
454,NNJY01,door,3,2021-05-08 06:38:44
455,N0U2D4,door,3,2020-12-12 12:22:41
456,NINIAP,radio 1,3,2021-02-25 09:54:24
457,NJNFO1,door,1,2021-01-25 15:11:46
458,N6YA99,radio 1,1,2021-10-15 10:08:54
459,NFGLM2,door,3,2021-06-12 23:31:55
460,NOBPOJ,seatbelt,2,2021-01-12 07:23:23
461,N0U2D4,radio 1,1,2021-09-06 01:52:51
462,NSD5K5,altimeter,2,2021-01-20 09:53:19
463,NX5QFY,seatbelt,1,2020-11-26 04:24:20
464,N37KWD,landing gear,3,2020-12-18 12:13:14
465,NJNFO1,radio 2,3,2021-10-08 08:52:18
466,N23MNY,door,3,2021-10-01 02:07:43
467,N551D1,radio 2,2,2021-02-24 04:39:37
468,NSD5K5,altimeter,3,2021-07-27 18:02:24
469,NFEP2M,radio 1,2,2020-12-17 12:02:23
470,N0U2D4,radio 2,5,2021-03-21 12:25:54
471,N37KWD,door,4,2021-04-06 10:00:54
472,NEOI6B,landing gear,4,2021-09-29 08:08:09
473,NX5QFY,transponder,2,2021-02-21 04:21:44
474,NEOI6B,landing gear,5,2021-03-21 11:26:11
475,NSD5K5,airspeed indicator,4,2021-10-26 17:17:29
476,N1HZUV,airspeed indicator,5,2021-02-17 15:03:08
477,NGWZII,altimeter,4,2021-05-27 17:04:40
478,N37KWD,seatbelt,1,2021-07-13 20:18:02
479,NEZYPP,seatbelt,2,2021-01-29 17:32:49
480,NY1ZW6,door,5,2021-02-07 11:26:48
481,NRR7JR,seatbelt,1,2021-06-17 09:50:08
482,N8RPDP,altimeter,3,2021-06-05 18:14:01
483,NM0QTB,transponder,4,2020-11-15 06:05:04
484,NY1ZW6,radio 1,5,2021-08-20 08:19:24
485,N551D1,transponder,3,2021-10-31 00:37:43
486,NRR7JR,landing gear,4,2021-04-15 13:48:01
487,NWDT21,door,1,2021-01-18 19:02:46
488,NJNFO1,airspeed indicator,4,2021-03-17 17:09:02
489,N20DEH,altimeter,1,2021-03-02 16:23:01
490,NVXK2F,landing gear,3,2020-11-23 07:37:54
491,NDHIAY,door,4,2020-12-01 05:13:08
492,N40CXE,door,4,2021-10-29 07:35:58
493,NPWUYR,radio 2,3,2021-10-13 18:56:56
494,NFGLM2,seatbelt,3,2021-10-31 20:29:56
495,NNJY01,altimeter,4,2020-11-10 11:45:54
496,N1N5KJ,transponder,4,2021-03-17 05:57:51
497,NG6WNT,airspeed indicator,2,2020-12-20 02:36:28
498,NQL9U3,seatbelt,4,2021-11-03 09:31:13
499,N7OPLR,vor,3,2021-10-22 15:11:43
500,NPWUYR,seatbelt,1,2021-07-02 20:54:26
501,NRR7JR,door,3,2021-10-27 21:51:30
502,N1T9OI,transponder,5,2021-02-01 17:29:01
503,NGWZII,transponder,3,2021-04-22 16:14:15
504,NJNFO1,radio 1,2,2020-11-22 11:12:40
505,N23MNY,seatbelt,1,2021-09-16 00:01:56
506,NGWZII,radio 1,2,2021-08-01 21:48:12
507,N37KWD,airspeed indicator,2,2021-09-30 05:21:48
508,N20DEH,radio 2,3,2021-05-22 08:15:05
509,N4PX4U,seatbelt,1,2021-05-06 15:20:44
510,N37KWD,door,1,2021-09-12 06:31:04
511,NEOI6B,radio 2,4,2021-09-27 13:17:11
512,NJPZW4,seatbelt,1,2020-12-15 23:13:48
513,NIAUT1,radio 1,4,2021-07-10 09:42:02
514,N7OPLR,radio 1,2,2021-05-26 07:08:54
515,NINIAP,door,2,2021-01-11 12:09:17
516,NBTMP2,landing gear,4,2021-01-20 11:11:03
517,NWDT21,landing gear,4,2021-10-03 06:39:32
518,N4OWLG,seatbelt,1,2021-04-23 06:32:54
519,N6YA99,radio 2,2,2021-06-09 08:17:21
520,N8FQT9,radio 1,2,2020-12-23 15:29:20
521,NDHIAY,airspeed indicator,2,2021-08-28 15:29:46
522,NSD5K5,transponder,2,2021-10-22 16:16:45
523,NFGLM2,landing gear,1,2021-03-22 09:59:08
524,NGWZII,airspeed indicator,4,2021-02-12 09:59:33
525,NMHP07,seatbelt,1,2021-08-20 13:08:22
526,NWDT21,transponder,3,2021-09-16 13:19:51
527,NLDPPJ,radio 2,5,2020-12-25 10:50:19
528,NU6AWN,transponder,4,2021-06-13 21:27:27
529,NGWZII,altimeter,2,2021-11-05 13:19:22
530,NWDT21,landing gear,4,2021-02-10 16:33:09
531,NSD5K5,altimeter,2,2021-06-04 09:44:30
532,N1N5KJ,radio 2,4,2020-11-16 16:30:28
533,NRR7JR,landing gear,4,2021-09-20 01:41:04
534,N1N5KJ,seatbelt,4,2021-03-05 11:59:14
535,NOS2I6,vor,4,2021-02-01 03:45:31
536,NEOI6B,radio 2,4,2021-06-18 22:48:03
537,N5B5TX,airspeed indicator,2,2021-05-05 06:04:33
538,NJNFO1,transponder,4,2021-03-02 13:34:52
539,NINIAP,altimeter,3,2021-07-08 21:14:52
540,NPWUYR,landing gear,3,2021-07-02 09:40:09
541,NFEP2M,radio 2,4,2021-09-02 10:02:45
542,NWDT21,radio 1,2,2021-09-21 04:01:59
543,N8FQT9,seatbelt,2,2021-11-02 01:04:33
544,NLDPPJ,vor,5,2020-11-23 17:08:47
545,NLDICM,altimeter,1,2021-08-10 12:39:26
546,N1HZUV,seatbelt,2,2021-06-18 15:02:56
547,NM0QTB,vor,2,2021-02-11 15:23:49
548,NINIAP,door,2,2021-06-07 11:48:32
549,NM2I79,seatbelt,3,2021-05-07 02:57:53
550,NJPZW4,door,5,2021-05-15 16:34:58
551,NEZYPP,radio 2,3,2021-03-25 11:17:45
552,NQL9U3,vor,5,2021-10-18 13:03:26
553,NENN6G,airspeed indicator,1,2021-03-15 16:54:30
554,N7OPLR,vor,4,2021-08-17 10:57:44
555,NEOI6B,door,5,2020-11-15 21:54:57
556,N0U2D4,radio 2,5,2021-09-25 05:52:31
557,N7766L,landing gear,4,2020-12-10 09:33:34
558,NFGLM2,airspeed indicator,4,2021-04-26 20:49:24
559,NX5QFY,radio 2,3,2021-10-22 10:24:32
560,NMHP07,seatbelt,3,2020-11-23 07:52:35
561,NMHP07,door,4,2020-11-23 14:09:39
562,N23MNY,door,3,2020-12-28 17:37:46
563,NBTMP2,radio 2,4,2021-10-21 19:17:34
564,N37ST1,altimeter,1,2020-11-13 17:03:04
565,N8RPDP,radio 1,3,2020-11-09 20:26:45
566,NJNFO1,airspeed indicator,3,2021-05-02 21:36:48
567,N4PX4U,landing gear,4,2021-02-10 06:29:03
568,NQL9U3,door,5,2021-10-20 00:56:32
569,NINIAP,radio 2,1,2021-08-30 04:09:15
570,NPWUYR,door,5,2021-04-04 07:18:02
571,N6YA99,airspeed indicator,2,2021-09-05 15:31:42
572,NM0QTB,seatbelt,1,2021-03-09 07:05:55
573,NU6AWN,door,5,2021-02-04 19:52:43
574,NLDPPJ,radio 2,5,2021-09-26 21:22:31
575,NMHP07,altimeter,5,2021-02-05 05:47:13
576,NJNFO1,landing gear,5,2021-01-12 02:13:38
577,N7OPLR,transponder,4,2021-10-09 13:21:21
578,NEZYPP,vor,3,2021-01-04 01:02:44
579,NJPZW4,transponder,4,2021-04-12 14:42:52
580,NVXK2F,vor,5,2021-07-23 22:46:33
581,NLDPPJ,airspeed indicator,4,2021-08-02 08:40:18
582,NEZYPP,airspeed indicator,5,2021-09-07 09:45:14
583,NGWZII,vor,5,2020-12-30 12:22:26
584,N1HZUV,airspeed indicator,3,2021-01-05 16:30:11
585,N5B5TX,transponder,2,2021-05-24 03:05:10
586,NJNFO1,radio 2,1,2020-12-17 18:07:51
587,NY1ZW6,landing gear,3,2020-12-28 11:21:28
588,N1HZUV,radio 1,5,2021-10-12 23:35:21
589,N37KWD,radio 2,2,2021-10-22 08:23:34
590,NIAUT1,transponder,1,2021-08-21 16:41:40
591,NPWUYR,landing gear,3,2021-01-16 23:37:29
592,N551D1,seatbelt,1,2021-09-28 15:56:55
593,NJNFO1,radio 2,4,2021-05-11 09:02:57
594,NM2I79,vor,4,2021-02-24 17:34:59
595,NFGLM2,radio 1,2,2021-03-09 02:28:42
596,NENN6G,seatbelt,1,2021-04-06 12:19:13
597,NQL9U3,radio 2,4,2021-01-14 16:47:44
598,NDHIAY,airspeed indicator,3,2021-06-27 04:20:08
599,NM2I79,radio 1,1,2021-01-18 20:17:36
600,NJPZW4,transponder,3,2021-07-17 00:12:30
601,NINIAP,transponder,3,2021-08-25 17:33:11
602,NMHP07,airspeed indicator,3,2021-05-24 13:50:29
603,NSD5K5,transponder,5,2021-02-28 23:43:27
604,N8RPDP,transponder,5,2021-10-09 03:56:00
605,NM2I79,door,3,2021-06-15 09:06:07
606,N7OPLR,seatbelt,2,2021-05-22 02:11:25
607,NIAUT1,airspeed indicator,5,2021-04-17 17:50:13
608,NWDT21,airspeed indicator,1,2021-03-28 12:53:09
609,N6YA99,airspeed indicator,5,2021-05-03 02:55:10
610,N4PX4U,landing gear,1,2020-11-14 19:51:23
611,NJNFO1,radio 1,2,2021-07-30 09:45:48
612,N0U2D4,transponder,4,2021-08-16 16:51:04
613,NFZ0BF,radio 2,2,2021-01-15 04:05:35
614,NFGLM2,radio 1,4,2021-08-10 04:35:12
615,N551D1,door,3,2021-07-14 00:55:32
616,NNJY01,transponder,3,2021-02-13 16:40:29
617,NM0QTB,door,3,2021-05-24 17:56:35
618,NG6WNT,vor,4,2021-11-06 02:43:33
619,N7766L,altimeter,3,2020-12-04 02:29:05
620,NDHIAY,vor,1,2021-07-02 03:38:11
621,NQL9U3,radio 2,5,2020-11-17 16:08:24
622,NVXK2F,landing gear,5,2021-07-13 18:50:56
623,NRR7JR,door,4,2021-09-17 17:39:07
624,NX5QFY,seatbelt,1,2021-05-04 12:11:56
625,NENN6G,vor,4,2021-07-20 15:49:31
626,NOS2I6,vor,4,2021-04-09 12:33:13
627,N37KWD,altimeter,4,2021-04-12 15:44:56
628,NU6AWN,altimeter,2,2021-05-20 01:16:47
629,N4OWLG,door,5,2020-11-29 17:47:51
630,NNJY01,seatbelt,3,2020-11-22 07:43:04
631,NIAUT1,airspeed indicator,3,2021-04-04 18:24:26
632,NQL9U3,seatbelt,3,2021-06-06 11:02:50
633,NFZ0BF,transponder,4,2021-03-13 09:58:01
634,N7OPLR,altimeter,4,2021-05-09 16:39:28
635,NIAUT1,door,5,2021-05-19 21:02:38
636,N8RPDP,radio 1,2,2021-01-06 19:10:58
637,N37ST1,vor,4,2021-02-16 10:14:43
638,NQL9U3,vor,1,2021-01-04 04:14:14
639,NINIAP,transponder,2,2021-08-20 01:40:15
640,N40CXE,airspeed indicator,1,2021-10-28 09:45:37
641,NG6WNT,seatbelt,4,2021-06-03 13:50:20
642,N31P1F,door,5,2021-10-25 03:36:10
643,N7OPLR,airspeed indicator,4,2021-10-02 07:30:15
644,NEOI6B,transponder,4,2021-09-14 21:27:46
645,NGWZII,landing gear,4,2021-10-16 07:07:45
646,N7766L,landing gear,5,2021-01-04 22:53:51
647,NBTMP2,landing gear,4,2021-06-14 20:48:26
648,N37ST1,radio 2,1,2021-05-15 06:58:25
649,N37KWD,radio 2,3,2021-08-11 13:37:43
650,NY1ZW6,airspeed indicator,5,2021-01-24 16:15:43
651,N1T9OI,airspeed indicator,2,2020-11-08 15:44:13
652,N23MNY,landing gear,4,2021-10-09 02:34:12
653,NWDT21,vor,3,2020-12-03 00:55:02
654,N31P1F,transponder,1,2021-02-23 10:53:09
655,N7766L,vor,3,2021-10-12 08:59:59
656,N7766L,airspeed indicator,1,2021-05-29 05:23:27
657,NPWUYR,door,1,2021-10-07 13:28:13
658,NEZYPP,seatbelt,4,2021-01-07 10:47:41
659,NSD5K5,airspeed indicator,4,2021-02-13 17:27:14
660,N8RPDP,landing gear,4,2021-04-22 10:56:46
661,NNJY01,altimeter,5,2021-06-22 09:10:07
662,N23MNY,transponder,3,2021-10-02 02:16:24
663,NNJY01,airspeed indicator,4,2020-11-17 20:00:09
664,NJNFO1,landing gear,5,2020-12-10 18:09:00
665,N5B5TX,door,2,2020-12-31 19:41:33
666,NU6AWN,radio 2,5,2020-11-16 19:46:37
667,NU6AWN,radio 2,1,2021-04-24 18:31:57
668,N6YA99,altimeter,5,2021-03-11 19:15:16
669,NLDICM,vor,1,2021-05-16 20:33:30
670,N6YA99,door,3,2021-10-19 23:40:12
671,NGWZII,radio 1,1,2021-04-06 02:43:00
672,NINIAP,altimeter,4,2021-01-10 13:47:40
673,NEZYPP,transponder,5,2021-11-05 06:09:26
674,N8FQT9,vor,3,2021-06-29 06:46:35
675,NFEP2M,door,1,2021-04-08 13:00:23
676,NVXK2F,radio 2,4,2021-01-13 02:57:49
677,NGWZII,radio 1,2,2021-03-15 22:05:35
678,NINIAP,altimeter,1,2021-02-05 13:07:15
679,NJPZW4,radio 1,1,2021-04-01 03:07:02
680,NIAUT1,airspeed indicator,2,2021-08-13 18:15:24
681,NX5QFY,radio 1,3,2021-10-27 14:32:30
682,NGWZII,landing gear,3,2020-11-20 19:00:39
683,NGWZII,radio 2,3,2021-01-03 05:00:55
684,NRR7JR,altimeter,5,2021-06-25 07:54:58
685,N5B5TX,radio 1,1,2021-05-07 08:56:43
686,NEOI6B,seatbelt,2,2021-06-03 09:12:23
687,N23MNY,door,3,2021-02-06 05:28:35
688,N20DEH,altimeter,5,2021-05-25 07:21:44
689,NQL9U3,vor,2,2021-03-01 20:21:12
690,NOBPOJ,radio 1,3,2021-04-08 13:39:00
691,NGWZII,landing gear,4,2021-02-16 21:14:28
692,NSD5K5,radio 1,5,2021-02-12 10:16:49
693,N1N5KJ,transponder,4,2021-07-26 13:34:15
694,NY1ZW6,airspeed indicator,2,2021-03-06 19:22:49
695,NU6AWN,radio 1,5,2021-07-20 04:19:39
696,NGWZII,altimeter,3,2021-01-21 11:06:35
697,NEOI6B,door,5,2020-11-15 06:03:07
698,NY1ZW6,seatbelt,1,2021-09-23 08:06:19
699,N5B5TX,transponder,1,2021-02-24 14:57:51
700,N31P1F,altimeter,1,2021-10-12 16:29:47
701,NU6AWN,transponder,4,2021-06-19 03:59:30
702,N37KWD,vor,3,2021-01-02 18:49:05
703,N5B5TX,landing gear,1,2021-07-28 17:36:57
704,N1T9OI,radio 2,3,2021-01-29 02:37:13
705,NDHIAY,radio 1,4,2020-12-13 16:49:10
706,NFEP2M,airspeed indicator,3,2021-09-16 22:46:56
707,NOBPOJ,landing gear,2,2021-06-05 04:40:14
708,NOBPOJ,transponder,1,2021-03-16 20:00:08
709,NOBPOJ,radio 2,4,2021-02-20 13:10:28
710,N4OWLG,altimeter,5,2021-09-28 10:08:14
711,NFEP2M,radio 2,4,2021-03-25 16:47:33
712,N0U2D4,radio 2,3,2020-11-28 00:24:22
713,N551D1,radio 1,5,2021-05-14 03:07:46
714,NVXK2F,radio 1,5,2021-06-10 12:24:22
715,NVXK2F,altimeter,2,2021-02-19 01:52:27
716,NJNFO1,door,1,2021-10-12 01:06:15
717,NJPZW4,vor,4,2021-02-16 01:48:19
718,N1N5KJ,landing gear,5,2021-08-28 09:39:09
719,NOBPOJ,altimeter,1,2021-05-18 00:52:27
720,NFEP2M,seatbelt,4,2020-12-09 18:19:03
721,NM0QTB,altimeter,1,2021-04-22 13:43:38
722,N6YA99,transponder,5,2021-08-19 23:30:32
723,N0U2D4,vor,4,2021-02-07 21:10:54
724,N5B5TX,vor,2,2021-09-29 11:08:28
725,N31P1F,seatbelt,1,2021-08-10 18:08:31
726,NY1ZW6,transponder,5,2021-07-27 06:33:48
727,N1N5KJ,vor,2,2021-01-08 03:38:17
728,NWDT21,radio 1,2,2021-01-13 05:56:31
729,NY1ZW6,vor,4,2021-08-11 12:05:46
730,N8RPDP,landing gear,1,2021-04-08 16:03:06
731,NFEP2M,door,5,2021-10-27 14:15:14
732,NSD5K5,altimeter,2,2020-11-11 18:22:39
733,NDHIAY,transponder,1,2021-06-03 00:07:56
734,N20DEH,vor,1,2021-10-09 05:37:50
735,N23MNY,altimeter,5,2021-01-28 00:36:45
736,N4OWLG,altimeter,2,2021-10-01 01:55:11
737,NNJY01,seatbelt,3,2021-05-22 10:12:20
738,N40CXE,transponder,3,2021-03-07 22:40:17
739,NVXK2F,altimeter,1,2020-11-09 07:56:29
740,NVXK2F,airspeed indicator,5,2021-08-03 17:45:30
741,N6YA99,transponder,5,2020-11-25 04:07:04
742,N23MNY,radio 2,4,2021-07-12 23:53:29
743,NM2I79,airspeed indicator,2,2021-06-14 16:16:33
744,NU6AWN,transponder,4,2021-11-03 16:25:43
745,NSD5K5,seatbelt,3,2021-07-13 20:45:54
746,N4OWLG,transponder,5,2021-01-19 16:06:40
747,NIAUT1,landing gear,3,2021-05-09 13:48:26
748,N4OWLG,landing gear,5,2021-09-21 10:40:20
749,N37ST1,radio 2,1,2021-09-13 00:54:46
750,N40CXE,radio 2,4,2020-12-10 07:20:20
751,N5B5TX,radio 1,5,2021-04-14 05:16:46
752,NJNFO1,door,2,2021-02-04 03:31:38
753,NVXK2F,door,2,2021-08-26 10:30:29
754,N8FQT9,door,5,2021-10-04 19:16:17
755,NM0QTB,radio 1,5,2021-04-19 15:29:04
756,N7OPLR,seatbelt,4,2021-07-26 08:18:21
757,NLDPPJ,transponder,3,2020-12-10 19:17:56
758,N1HZUV,altimeter,4,2021-01-17 00:32:28
759,NOBPOJ,airspeed indicator,5,2020-11-17 08:49:36
760,N1T9OI,landing gear,3,2021-09-28 00:35:35
761,NVXK2F,airspeed indicator,5,2020-12-09 04:36:07
762,N4OWLG,vor,3,2021-01-08 13:38:01
763,NNJY01,door,5,2021-07-08 10:47:35
764,NINIAP,transponder,1,2021-09-19 13:55:48
765,NBTMP2,radio 2,1,2021-07-18 22:48:11
766,NM0QTB,radio 2,4,2021-04-22 14:38:23
767,NJPZW4,radio 1,3,2020-12-24 10:14:59
768,N551D1,transponder,1,2021-10-23 14:10:48
769,NU6AWN,radio 1,2,2021-06-05 08:14:00
770,NDHIAY,door,5,2021-08-28 04:05:21
771,NMHP07,airspeed indicator,5,2021-09-22 08:57:34
772,NM0QTB,radio 2,2,2021-06-22 06:47:48
773,N40CXE,door,5,2021-10-10 18:50:44
774,NEOI6B,altimeter,4,2021-08-17 07:17:36
775,N1HZUV,transponder,5,2021-09-08 13:28:19
776,N551D1,airspeed indicator,1,2021-08-15 06:03:10
777,N551D1,landing gear,4,2021-10-27 05:10:13
778,NNJY01,landing gear,2,2021-03-11 08:31:19
779,N0U2D4,transponder,2,2021-02-11 02:54:10
780,NFEP2M,altimeter,3,2021-06-30 22:17:11
781,NOS2I6,vor,2,2020-11-20 16:50:42
782,NPWUYR,seatbelt,1,2021-01-01 12:38:11
783,NOS2I6,seatbelt,5,2021-09-27 06:23:54
784,N7OPLR,seatbelt,1,2020-11-19 09:11:58
785,N23MNY,airspeed indicator,2,2021-06-10 13:29:40
786,NJNFO1,vor,1,2021-08-01 17:29:07
787,NOS2I6,landing gear,5,2021-11-06 10:00:12
788,NIAUT1,transponder,4,2021-06-25 07:40:44
789,NM2I79,airspeed indicator,1,2021-01-26 06:44:38
790,NLDICM,landing gear,5,2021-03-20 11:02:27
791,NSD5K5,landing gear,1,2021-07-09 19:26:59
792,NFEP2M,seatbelt,5,2021-03-02 23:20:36
793,NMHP07,airspeed indicator,1,2021-01-29 01:02:46
794,N7766L,seatbelt,4,2020-11-12 04:09:14
795,NJPZW4,landing gear,2,2021-02-03 01:00:37
796,NENN6G,radio 1,3,2021-05-06 22:39:36
797,NJNFO1,radio 1,2,2021-09-28 21:48:28
798,NM2I79,radio 2,1,2021-10-21 11:14:43
799,NU6AWN,landing gear,4,2021-03-17 06:07:14
800,N20DEH,seatbelt,3,2021-11-03 20:04:03
801,NOBPOJ,radio 2,3,2021-03-23 03:52:13
802,NINIAP,altimeter,4,2020-12-14 18:20:37
803,NINIAP,transponder,2,2021-03-19 05:45:11
804,N7766L,door,4,2020-12-14 06:12:36
805,NFEP2M,radio 1,3,2021-05-17 17:59:16
806,N5B5TX,radio 2,4,2021-03-15 07:12:55
807,N8FQT9,radio 1,4,2020-11-17 02:45:55
808,N1N5KJ,landing gear,2,2021-07-24 23:09:36
809,NMHP07,landing gear,3,2021-09-04 13:01:17
810,NOS2I6,vor,3,2021-01-13 15:34:51
811,NWDT21,radio 1,5,2020-11-12 07:51:09
812,N6YA99,door,5,2021-08-08 19:08:12
813,NLDICM,radio 2,3,2021-08-23 16:11:16
814,NIAUT1,transponder,3,2021-02-05 14:26:34
815,NENN6G,radio 2,4,2021-05-07 22:45:26
816,NQL9U3,altimeter,4,2020-12-13 08:23:04
817,N7OPLR,airspeed indicator,5,2021-04-14 07:27:41
818,NMHP07,airspeed indicator,5,2020-12-08 23:42:52
819,NFZ0BF,radio 1,5,2021-02-28 01:20:17
820,NFEP2M,radio 2,5,2021-03-01 01:34:38
821,NWDT21,airspeed indicator,5,2021-09-20 06:19:12
822,N8RPDP,airspeed indicator,2,2021-07-11 21:19:56
823,N6YA99,seatbelt,3,2021-11-03 10:35:04
824,NRR7JR,radio 1,2,2021-01-10 20:03:00
825,NGWZII,airspeed indicator,4,2021-05-23 00:05:15
826,NRR7JR,radio 1,2,2021-07-12 22:43:13
827,N20DEH,landing gear,1,2021-07-23 02:06:09
828,NWDT21,vor,3,2021-08-21 04:00:53
829,NM0QTB,radio 1,5,2021-04-27 17:35:28
830,NG6WNT,landing gear,5,2021-02-01 00:34:22
831,N1N5KJ,door,4,2021-05-26 07:34:21
832,N4PX4U,altimeter,3,2021-01-15 05:54:00
833,NFGLM2,airspeed indicator,3,2021-01-06 18:12:17
834,NNJY01,radio 2,5,2021-01-15 09:30:07
835,NDHIAY,door,1,2021-08-03 16:41:43
836,N4PX4U,radio 1,4,2021-06-02 23:43:39
837,N8RPDP,vor,4,2021-10-29 09:49:40
838,NU6AWN,landing gear,2,2021-08-10 02:50:49
839,N1HZUV,radio 1,4,2020-12-03 16:40:57
840,NM0QTB,airspeed indicator,1,2021-08-20 04:16:15
841,NG6WNT,altimeter,4,2021-08-17 05:15:56
842,NDHIAY,door,3,2021-07-27 02:13:43
843,NMHP07,door,4,2021-07-07 20:03:43
844,NBTMP2,landing gear,3,2021-11-07 05:41:54
845,NU6AWN,radio 1,2,2021-10-28 04:27:44
846,NGWZII,seatbelt,4,2021-09-13 08:24:14
847,NDHIAY,landing gear,3,2021-10-21 18:53:18
848,N31P1F,door,3,2020-12-08 10:06:02
849,N23MNY,vor,4,2020-11-18 17:49:08
850,NY1ZW6,landing gear,4,2021-03-14 04:18:18
851,NLDPPJ,airspeed indicator,1,2021-05-07 03:13:44
852,NM2I79,radio 2,5,2020-12-22 11:42:51
853,NVXK2F,door,2,2021-09-29 12:08:03
854,NVXK2F,radio 2,2,2021-07-29 07:34:12
855,N4PX4U,altimeter,3,2021-05-20 19:39:58
856,N4OWLG,seatbelt,5,2021-06-10 22:07:28
857,NVXK2F,landing gear,1,2021-01-15 00:11:11
858,N8FQT9,transponder,3,2021-03-21 00:17:28
859,NDHIAY,vor,2,2021-01-16 19:08:06
860,NFZ0BF,landing gear,2,2021-09-26 12:42:39
861,NM2I79,transponder,4,2021-09-03 01:28:13
862,N8RPDP,airspeed indicator,3,2020-12-17 05:10:04
863,NFZ0BF,altimeter,2,2021-09-15 23:11:53
864,N37ST1,vor,4,2021-05-31 17:47:47
865,NQL9U3,door,2,2020-12-09 21:22:42
866,NJPZW4,vor,2,2021-07-05 08:11:31
867,NX5QFY,landing gear,1,2021-03-05 05:42:06
868,NOBPOJ,radio 1,5,2021-01-14 18:08:18
869,NX5QFY,vor,2,2020-11-23 02:34:18
870,NY1ZW6,radio 2,2,2021-10-04 19:47:41
871,NOBPOJ,vor,4,2021-04-27 00:07:09
872,NJPZW4,transponder,3,2021-05-21 12:14:11
873,NG6WNT,seatbelt,4,2021-06-26 01:07:22
874,N37KWD,landing gear,4,2021-03-03 05:46:58
875,N8RPDP,airspeed indicator,4,2021-02-21 12:19:02
876,NQL9U3,seatbelt,1,2021-07-19 19:17:57
877,NPWUYR,landing gear,2,2020-12-17 04:01:35
878,NEOI6B,vor,1,2021-03-28 01:29:24
879,N7766L,seatbelt,4,2021-08-20 04:59:48
880,NY1ZW6,radio 1,1,2021-01-26 03:12:45
881,N40CXE,landing gear,5,2020-11-18 14:56:06
882,NPWUYR,vor,2,2021-08-21 07:08:30
883,NG6WNT,door,3,2021-07-13 14:49:51
884,N8RPDP,transponder,4,2021-01-06 05:10:41
885,NINIAP,airspeed indicator,5,2021-06-29 18:56:50
886,N37KWD,altimeter,2,2021-09-29 02:31:17
887,NEOI6B,seatbelt,5,2020-12-14 07:51:55
888,NM0QTB,landing gear,3,2021-03-07 21:28:19
889,NJPZW4,transponder,3,2021-06-29 07:55:40
890,N4PX4U,seatbelt,3,2021-07-13 10:41:17
891,N37ST1,door,1,2021-08-20 18:21:32
892,NM0QTB,airspeed indicator,5,2021-10-01 17:49:19
893,N8RPDP,radio 1,3,2021-09-23 16:15:19
894,NG6WNT,radio 2,5,2021-10-16 13:50:26
895,NM2I79,airspeed indicator,1,2021-04-30 22:46:39
896,NEZYPP,radio 2,2,2021-01-22 19:19:20
897,NJPZW4,airspeed indicator,5,2021-01-25 16:58:10
898,NEOI6B,door,2,2021-09-07 19:12:56
899,NSD5K5,radio 1,2,2021-08-25 12:41:39
900,N20DEH,seatbelt,4,2021-01-30 18:42:20
901,N0U2D4,landing gear,2,2021-01-24 03:09:33
902,NJPZW4,radio 2,2,2021-08-22 04:12:07
903,N7OPLR,landing gear,5,2021-10-30 06:43:53
904,NMHP07,vor,2,2021-10-23 01:55:04
905,NQL9U3,transponder,3,2021-03-18 21:31:13
906,N37ST1,seatbelt,3,2021-01-06 09:29:30
907,N20DEH,altimeter,1,2021-09-10 15:47:14
908,NOS2I6,vor,4,2021-04-14 04:44:52
909,NFZ0BF,landing gear,4,2020-12-12 22:27:19
910,N5B5TX,landing gear,4,2021-01-01 02:53:53
911,N40CXE,airspeed indicator,1,2021-07-28 19:45:08
912,N1N5KJ,airspeed indicator,5,2021-08-09 08:39:07
913,N8RPDP,transponder,3,2021-10-07 03:49:27
914,NFEP2M,airspeed indicator,3,2021-06-15 07:09:52
915,NFGLM2,transponder,3,2020-11-23 08:54:49
916,N8RPDP,door,2,2021-05-03 05:59:35
917,N0U2D4,landing gear,1,2020-11-20 20:57:00
918,NOBPOJ,landing gear,5,2021-04-02 22:35:21
919,NRR7JR,seatbelt,3,2021-04-09 05:25:18
920,N1T9OI,radio 1,4,2021-08-08 19:38:29
921,N6YA99,transponder,1,2021-09-14 00:44:57
922,N1HZUV,altimeter,2,2021-09-23 16:06:28
923,N551D1,seatbelt,1,2021-03-15 06:58:18
924,NLDICM,airspeed indicator,3,2021-09-06 21:26:05
925,NDHIAY,landing gear,4,2021-03-02 03:45:33
926,N1HZUV,radio 2,1,2021-03-10 17:35:16
927,NM0QTB,altimeter,5,2021-03-03 23:09:44
928,NRR7JR,transponder,3,2020-11-26 22:28:50
929,NLDPPJ,transponder,2,2021-09-17 13:18:24
930,N4PX4U,radio 1,1,2021-09-25 18:39:23
931,N31P1F,vor,4,2021-01-05 17:05:13
932,N1N5KJ,radio 1,4,2021-04-15 06:48:12
933,NRR7JR,seatbelt,1,2021-01-13 10:39:27
934,NFEP2M,transponder,4,2021-08-03 05:52:25
935,N31P1F,radio 1,5,2021-07-13 18:53:01
936,N4OWLG,vor,5,2020-11-26 03:27:37
937,NM0QTB,airspeed indicator,3,2021-07-19 21:00:41
938,NENN6G,door,2,2021-08-11 23:06:39
939,NM0QTB,radio 1,3,2021-06-14 21:00:31
940,NVXK2F,landing gear,3,2020-11-08 07:11:11
941,NNJY01,radio 2,4,2021-02-21 18:40:22
942,NWDT21,door,2,2021-04-06 11:00:56
943,NFEP2M,altimeter,3,2020-11-20 09:18:09
944,N1HZUV,altimeter,4,2021-06-02 01:45:30
945,NU6AWN,altimeter,1,2021-10-11 11:13:40
946,NDHIAY,altimeter,1,2021-06-16 22:37:54
947,NPWUYR,door,3,2021-04-04 19:19:58
948,NWDT21,landing gear,4,2020-11-13 06:39:29
949,NENN6G,altimeter,3,2021-10-22 10:57:45
950,NMHP07,airspeed indicator,3,2021-10-28 23:45:50
951,NQL9U3,vor,2,2021-09-24 21:34:04
952,NFEP2M,altimeter,4,2021-03-08 16:10:19
953,NU6AWN,altimeter,5,2021-01-18 12:31:36
954,N20DEH,radio 1,3,2021-07-10 09:57:55
955,NINIAP,door,1,2021-06-07 02:55:50
956,NM0QTB,radio 2,3,2021-08-21 18:52:56
957,NEOI6B,radio 1,5,2020-12-17 16:27:51
958,NENN6G,airspeed indicator,5,2021-07-27 23:55:30
959,N4PX4U,vor,3,2021-08-24 11:31:01
960,N37KWD,altimeter,2,2021-02-15 07:28:53
961,N40CXE,door,4,2021-09-24 00:38:54
962,NOS2I6,landing gear,3,2021-07-31 03:46:29
963,NJNFO1,radio 1,1,2020-12-23 11:37:26
964,N1T9OI,radio 2,3,2021-02-01 12:32:23
965,NFGLM2,radio 2,2,2021-02-20 18:10:03
966,N1N5KJ,vor,3,2021-01-13 07:00:08
967,N4PX4U,seatbelt,5,2021-06-27 02:07:49
968,NY1ZW6,seatbelt,4,2021-02-26 07:08:06
969,NENN6G,airspeed indicator,3,2021-05-29 22:44:56
970,NOS2I6,vor,1,2021-05-19 08:14:05
971,NMHP07,radio 1,3,2021-05-28 17:00:22
972,N5B5TX,radio 2,2,2021-03-24 21:38:06
973,N37ST1,radio 1,2,2021-04-01 19:32:34
974,NDHIAY,radio 2,5,2021-02-25 14:12:55
975,N7766L,landing gear,3,2021-01-14 13:03:44
976,NVXK2F,vor,4,2020-12-06 13:57:22
977,NLDICM,radio 2,4,2021-01-13 22:42:18
978,NM0QTB,altimeter,4,2021-05-14 10:53:21
979,NENN6G,transponder,4,2021-10-06 08:18:15
980,NGWZII,altimeter,4,2021-02-24 23:37:34
981,NFGLM2,radio 2,3,2020-12-22 07:51:56
982,NM0QTB,door,5,2021-08-17 00:08:28
983,NBTMP2,seatbelt,5,2021-04-07 11:38:53
984,NPWUYR,radio 1,1,2021-07-01 21:24:20
985,NX5QFY,transponder,5,2021-06-17 01:48:05
986,N4OWLG,altimeter,3,2021-07-23 16:26:48
987,NLDPPJ,radio 1,2,2021-01-29 01:52:44
988,N6YA99,altimeter,3,2021-04-16 20:28:02
989,NEZYPP,door,5,2021-07-26 07:32:21
990,NJNFO1,seatbelt,4,2021-01-10 13:45:13
991,NOBPOJ,altimeter,5,2021-02-13 15:14:20
992,NINIAP,seatbelt,2,2021-01-15 19:50:18
993,N37ST1,altimeter,4,2021-01-25 23:18:33
994,NX5QFY,seatbelt,4,2021-10-07 21:52:37
995,NLDICM,seatbelt,5,2021-11-04 01:01:45
996,N1N5KJ,vor,2,2021-04-15 23:46:03
997,NMHP07,transponder,1,2021-10-06 16:13:56
998,NJNFO1,airspeed indicator,4,2021-09-16 20:40:02
999,NX5QFY,radio 1,3,2021-09-08 23:59:47
1000,N1HZUV,transponder,4,2021-11-03 02:52:40
