idReservation,idCustomer,idAircraft,dateStart,dateEnd
1,114,NOS2I6,2021-01-14 03:49:29,2021-01-14 06:49:29 
2,41,NSD5K5,2021-09-27 18:36:40,2021-09-27 21:36:40 
3,197,NLDICM,2021-07-20 21:59:27,2021-07-21 00:59:27 
4,199,NEZYPP,2021-06-05 11:34:03,2021-06-05 14:34:03 
5,291,NM2I79,2021-02-28 12:16:33,2021-02-28 15:16:33 
6,230,NOBPOJ,2021-04-18 00:13:38,2021-04-18 03:13:38 
7,319,NOBPOJ,2021-01-18 06:30:00,2021-01-18 09:30:00 
8,430,N1N5KJ,2021-01-29 12:40:25,2021-01-29 15:40:25 
9,303,NFGLM2,2021-10-06 04:22:32,2021-10-06 07:22:32 
10,122,N20DEH,2020-12-01 18:47:35,2020-12-01 21:47:35 
11,500,NDHIAY,2021-03-30 01:05:29,2021-03-30 04:05:29 
12,328,NIAUT1,2021-10-21 16:44:27,2021-10-21 19:44:27 
13,118,NEOI6B,2020-12-03 08:18:32,2020-12-03 11:18:32 
14,307,N1HZUV,2020-11-23 14:43:12,2020-11-23 17:43:12 
15,475,NFEP2M,2021-07-10 16:34:24,2021-07-10 19:34:24 
16,459,NY1ZW6,2021-02-23 06:37:20,2021-02-23 09:37:20 
17,191,NWDT21,2021-05-13 09:32:52,2021-05-13 12:32:52 
18,436,N551D1,2021-06-05 15:47:19,2021-06-05 18:47:19 
19,290,N20DEH,2021-08-26 11:03:23,2021-08-26 14:03:23 
20,373,NBTMP2,2021-10-11 14:50:06,2021-10-11 17:50:06 
21,33,N7OPLR,2021-06-16 15:10:43,2021-06-16 18:10:43 
22,424,NJNFO1,2021-01-21 17:38:56,2021-01-21 20:38:56 
23,489,N5B5TX,2021-01-28 06:10:45,2021-01-28 09:10:45 
24,152,NNJY01,2021-08-30 06:23:28,2021-08-30 09:23:28 
25,385,N20DEH,2021-05-29 22:05:32,2021-05-30 01:05:32 
26,238,N4PX4U,2021-08-12 22:07:29,2021-08-13 01:07:29 
27,154,NFGLM2,2020-11-28 07:45:39,2020-11-28 10:45:39 
28,11,NLDICM,2021-04-27 23:50:21,2021-04-28 02:50:21 
29,150,NX5QFY,2021-09-12 19:55:26,2021-09-12 22:55:26 
30,59,NDHIAY,2021-04-04 21:59:48,2021-04-05 00:59:48 
31,333,N5B5TX,2021-05-09 09:44:40,2021-05-09 12:44:40 
32,129,NEOI6B,2021-07-11 12:33:29,2021-07-11 15:33:29 
33,393,NDHIAY,2020-11-23 03:31:57,2020-11-23 06:31:57 
34,25,NBTMP2,2021-02-24 04:52:02,2021-02-24 07:52:02 
35,216,NFEP2M,2021-01-28 22:59:49,2021-01-29 01:59:49 
36,163,NG6WNT,2021-01-07 17:22:59,2021-01-07 20:22:59 
37,219,N31P1F,2021-05-06 07:58:02,2021-05-06 10:58:02 
38,260,NMHP07,2021-03-26 12:26:16,2021-03-26 15:26:16 
39,382,NINIAP,2021-10-10 21:33:54,2021-10-11 00:33:54 
40,384,NRR7JR,2021-07-04 16:51:59,2021-07-04 19:51:59 
41,161,NY1ZW6,2021-04-27 17:10:23,2021-04-27 20:10:23 
42,487,NJPZW4,2021-08-24 19:21:42,2021-08-24 22:21:42 
43,401,N1N5KJ,2021-01-08 18:53:54,2021-01-08 21:53:54 
44,359,NNJY01,2021-05-07 15:27:14,2021-05-07 18:27:14 
45,153,NFEP2M,2021-07-19 22:46:31,2021-07-20 01:46:31 
46,93,N23MNY,2021-08-13 10:13:47,2021-08-13 13:13:47 
47,308,NDHIAY,2021-07-23 00:12:30,2021-07-23 03:12:30 
48,193,N31P1F,2021-06-24 01:29:31,2021-06-24 04:29:31 
49,337,NJPZW4,2021-10-09 09:25:28,2021-10-09 12:25:28 
50,62,NBTMP2,2021-01-07 06:04:07,2021-01-07 09:04:07 
51,477,NWDT21,2021-06-22 18:23:02,2021-06-22 21:23:02 
52,309,NEZYPP,2020-11-23 18:22:21,2020-11-23 21:22:21 
53,342,NDHIAY,2021-01-26 03:29:20,2021-01-26 06:29:20 
54,257,NWDT21,2021-10-29 15:44:01,2021-10-29 18:44:01 
55,172,NVXK2F,2021-02-17 07:05:03,2021-02-17 10:05:03 
56,487,N31P1F,2021-03-23 03:28:47,2021-03-23 06:28:47 
57,353,N40CXE,2021-04-20 21:55:04,2021-04-21 00:55:04 
58,389,NM0QTB,2021-05-08 05:37:54,2021-05-08 08:37:54 
59,95,NSD5K5,2021-06-02 21:45:13,2021-06-03 00:45:13 
60,446,N6YA99,2021-01-08 23:53:34,2021-01-09 02:53:34 
61,378,N4OWLG,2021-02-15 01:47:34,2021-02-15 04:47:34 
62,24,NMHP07,2021-09-05 22:51:17,2021-09-06 01:51:17 
63,67,N37ST1,2021-10-17 10:20:42,2021-10-17 13:20:42 
64,228,N551D1,2021-05-12 15:35:00,2021-05-12 18:35:00 
65,470,N1HZUV,2021-06-15 17:29:58,2021-06-15 20:29:58 
66,486,N4OWLG,2021-05-19 22:00:32,2021-05-20 01:00:32 
67,156,NMHP07,2021-09-11 02:35:35,2021-09-11 05:35:35 
68,238,NM2I79,2021-09-15 05:56:10,2021-09-15 08:56:10 
69,173,NJPZW4,2021-01-02 09:23:15,2021-01-02 12:23:15 
70,310,NU6AWN,2021-05-09 00:18:10,2021-05-09 03:18:10 
71,30,NRR7JR,2021-06-19 11:28:29,2021-06-19 14:28:29 
72,211,NIAUT1,2020-11-09 20:47:45,2020-11-09 23:47:45 
73,474,N37ST1,2021-04-18 23:57:53,2021-04-19 02:57:53 
74,280,NOBPOJ,2021-07-04 16:49:40,2021-07-04 19:49:40 
75,366,N7OPLR,2021-06-06 21:48:06,2021-06-07 00:48:06 
76,280,NOBPOJ,2021-01-23 07:33:56,2021-01-23 10:33:56 
77,41,NY1ZW6,2021-04-28 09:02:14,2021-04-28 12:02:14 
78,89,NGWZII,2021-07-26 03:51:13,2021-07-26 06:51:13 
79,180,NLDPPJ,2021-07-18 19:41:42,2021-07-18 22:41:42 
80,320,NEZYPP,2021-03-04 00:09:34,2021-03-04 03:09:34 
81,19,NFEP2M,2021-01-14 12:05:11,2021-01-14 15:05:11 
82,118,NQL9U3,2021-05-06 06:39:31,2021-05-06 09:39:31 
83,211,N40CXE,2021-10-04 02:10:15,2021-10-04 05:10:15 
84,306,NX5QFY,2021-07-23 19:23:41,2021-07-23 22:23:41 
85,236,N1N5KJ,2020-12-28 15:26:34,2020-12-28 18:26:34 
86,94,NGWZII,2021-01-06 09:50:46,2021-01-06 12:50:46 
87,318,NWDT21,2021-05-19 22:05:15,2021-05-20 01:05:15 
88,308,N7766L,2021-07-04 09:18:59,2021-07-04 12:18:59 
89,278,N1N5KJ,2021-08-16 11:28:16,2021-08-16 14:28:16 
90,162,N23MNY,2021-07-16 02:32:02,2021-07-16 05:32:02 
91,338,N7766L,2021-06-13 00:20:02,2021-06-13 03:20:02 
92,238,N8FQT9,2021-03-27 06:27:06,2021-03-27 09:27:06 
93,98,NY1ZW6,2021-02-14 13:22:26,2021-02-14 16:22:26 
94,47,NSD5K5,2020-12-14 06:58:36,2020-12-14 09:58:36 
95,39,NWDT21,2021-01-03 15:53:43,2021-01-03 18:53:43 
96,325,NM0QTB,2021-01-02 08:59:48,2021-01-02 11:59:48 
97,211,N8FQT9,2021-05-12 18:04:29,2021-05-12 21:04:29 
98,212,NX5QFY,2021-01-04 06:02:06,2021-01-04 09:02:06 
99,244,NOS2I6,2021-09-04 07:35:21,2021-09-04 10:35:21 
100,414,NM0QTB,2021-02-23 07:00:52,2021-02-23 10:00:52 
101,444,N37ST1,2021-02-14 00:16:57,2021-02-14 03:16:57 
102,200,N7OPLR,2021-05-12 11:45:51,2021-05-12 14:45:51 
103,209,N23MNY,2021-10-10 20:27:12,2021-10-10 23:27:12 
104,491,NQL9U3,2020-11-20 05:02:37,2020-11-20 08:02:37 
105,487,NENN6G,2020-12-29 17:03:25,2020-12-29 20:03:25 
106,170,NM0QTB,2021-01-26 15:23:17,2021-01-26 18:23:17 
107,48,NWDT21,2020-11-09 13:08:22,2020-11-09 16:08:22 
108,3,N5B5TX,2021-07-11 03:23:59,2021-07-11 06:23:59 
109,403,NFZ0BF,2021-10-04 07:01:27,2021-10-04 10:01:27 
110,45,NNJY01,2021-01-27 02:11:11,2021-01-27 05:11:11 
111,45,N37KWD,2020-11-19 07:57:15,2020-11-19 10:57:15 
112,475,NINIAP,2021-10-10 17:25:41,2021-10-10 20:25:41 
113,203,NOBPOJ,2021-03-30 04:15:04,2021-03-30 07:15:04 
114,193,NLDICM,2021-08-07 04:12:33,2021-08-07 07:12:33 
115,64,N20DEH,2021-07-05 22:42:01,2021-07-06 01:42:01 
116,74,N7766L,2021-09-16 00:29:59,2021-09-16 03:29:59 
117,480,NQL9U3,2020-11-27 01:31:02,2020-11-27 04:31:02 
118,169,NGWZII,2021-04-21 23:40:56,2021-04-22 02:40:56 
119,160,NM2I79,2020-11-20 01:13:33,2020-11-20 04:13:33 
120,12,NX5QFY,2021-08-09 07:20:07,2021-08-09 10:20:07 
121,10,NQL9U3,2021-07-24 20:43:18,2021-07-24 23:43:18 
122,94,NEOI6B,2021-05-09 01:29:25,2021-05-09 04:29:25 
123,96,NFEP2M,2021-11-01 06:36:15,2021-11-01 09:36:15 
124,464,NM2I79,2021-10-13 05:20:57,2021-10-13 08:20:57 
125,164,N23MNY,2021-04-01 04:47:52,2021-04-01 07:47:52 
126,446,NG6WNT,2020-11-28 01:22:52,2020-11-28 04:22:52 
127,367,N8RPDP,2021-01-30 07:06:33,2021-01-30 10:06:33 
128,39,NU6AWN,2021-03-07 00:08:12,2021-03-07 03:08:12 
129,172,N6YA99,2021-03-17 06:45:28,2021-03-17 09:45:28 
130,102,NJPZW4,2021-08-17 15:15:28,2021-08-17 18:15:28 
131,67,NRR7JR,2021-10-05 06:44:13,2021-10-05 09:44:13 
132,459,NENN6G,2021-05-03 05:03:27,2021-05-03 08:03:27 
133,321,N0U2D4,2021-04-23 08:31:40,2021-04-23 11:31:40 
134,121,NSD5K5,2021-08-15 11:00:29,2021-08-15 14:00:29 
135,104,NDHIAY,2021-04-23 20:53:46,2021-04-23 23:53:46 
136,438,N37ST1,2021-06-14 21:35:45,2021-06-15 00:35:45 
137,482,N6YA99,2021-04-05 06:05:54,2021-04-05 09:05:54 
138,119,NPWUYR,2021-10-24 21:57:20,2021-10-25 00:57:20 
139,301,NY1ZW6,2021-04-21 16:54:13,2021-04-21 19:54:13 
140,299,NLDPPJ,2021-08-23 06:13:57,2021-08-23 09:13:57 
141,435,NFZ0BF,2020-11-12 17:18:15,2020-11-12 20:18:15 
142,4,N8FQT9,2021-06-29 09:53:58,2021-06-29 12:53:58 
143,347,N20DEH,2021-10-08 11:12:17,2021-10-08 14:12:17 
144,175,NRR7JR,2021-08-25 11:57:03,2021-08-25 14:57:03 
145,387,N20DEH,2021-07-19 03:26:36,2021-07-19 06:26:36 
146,350,NFGLM2,2021-02-14 12:35:23,2021-02-14 15:35:23 
147,94,NM0QTB,2020-12-17 01:00:54,2020-12-17 04:00:54 
148,250,NENN6G,2021-09-15 23:37:00,2021-09-16 02:37:00 
149,363,N0U2D4,2021-07-20 16:00:40,2021-07-20 19:00:40 
150,421,NGWZII,2021-08-16 23:34:18,2021-08-17 02:34:18 
151,320,N37ST1,2021-03-29 20:33:28,2021-03-29 23:33:28 
152,302,NQL9U3,2021-10-18 06:34:43,2021-10-18 09:34:43 
153,490,NM0QTB,2021-05-07 03:38:26,2021-05-07 06:38:26 
154,287,NFGLM2,2021-03-09 07:51:46,2021-03-09 10:51:46 
155,422,NSD5K5,2020-12-19 02:15:42,2020-12-19 05:15:42 
156,312,NVXK2F,2020-11-30 03:42:24,2020-11-30 06:42:24 
157,435,N0U2D4,2021-02-17 03:06:17,2021-02-17 06:06:17 
158,142,NJNFO1,2021-08-08 22:42:38,2021-08-09 01:42:38 
159,139,N551D1,2021-07-12 14:57:59,2021-07-12 17:57:59 
160,295,N20DEH,2020-12-14 01:14:48,2020-12-14 04:14:48 
161,198,NIAUT1,2020-12-07 05:40:37,2020-12-07 08:40:37 
162,74,NWDT21,2021-05-04 00:56:55,2021-05-04 03:56:55 
163,100,NOBPOJ,2021-03-08 12:36:14,2021-03-08 15:36:14 
164,237,NG6WNT,2021-07-30 01:25:11,2021-07-30 04:25:11 
165,257,N5B5TX,2021-02-25 18:30:07,2021-02-25 21:30:07 
166,457,NLDICM,2021-05-04 15:05:10,2021-05-04 18:05:10 
167,475,NINIAP,2021-07-31 20:29:37,2021-07-31 23:29:37 
168,496,N37KWD,2021-05-01 08:33:03,2021-05-01 11:33:03 
169,5,NNJY01,2020-12-31 10:11:26,2020-12-31 13:11:26 
170,116,NINIAP,2021-06-20 12:21:00,2021-06-20 15:21:00 
171,435,NFEP2M,2021-08-15 01:39:22,2021-08-15 04:39:22 
172,145,N8FQT9,2021-06-22 11:47:27,2021-06-22 14:47:27 
173,156,NQL9U3,2020-12-28 13:33:56,2020-12-28 16:33:56 
174,94,N4OWLG,2021-05-29 07:17:14,2021-05-29 10:17:14 
175,345,NOBPOJ,2021-04-15 07:47:48,2021-04-15 10:47:48 
176,155,NLDPPJ,2021-10-28 17:54:12,2021-10-28 20:54:12 
177,210,NX5QFY,2021-05-27 04:11:03,2021-05-27 07:11:03 
178,118,NLDICM,2021-01-07 01:42:51,2021-01-07 04:42:51 
179,67,NQL9U3,2021-08-20 21:13:26,2021-08-21 00:13:26 
180,415,NFGLM2,2021-07-28 09:40:23,2021-07-28 12:40:23 
181,257,N31P1F,2021-10-02 06:32:29,2021-10-02 09:32:29 
182,267,NLDPPJ,2021-10-18 07:50:03,2021-10-18 10:50:03 
183,238,NEOI6B,2021-08-31 22:32:07,2021-09-01 01:32:07 
184,67,NNJY01,2021-01-07 11:27:23,2021-01-07 14:27:23 
185,320,N23MNY,2021-01-02 00:28:50,2021-01-02 03:28:50 
186,219,N1T9OI,2021-06-09 05:01:08,2021-06-09 08:01:08 
187,434,NOS2I6,2021-08-17 21:33:09,2021-08-18 00:33:09 
188,466,N7766L,2020-12-14 06:12:01,2020-12-14 09:12:01 
189,277,N7OPLR,2021-03-21 17:44:07,2021-03-21 20:44:07 
190,64,N5B5TX,2021-06-24 16:09:43,2021-06-24 19:09:43 
191,292,NOS2I6,2021-01-16 06:53:24,2021-01-16 09:53:24 
192,349,NEZYPP,2020-12-17 20:40:34,2020-12-17 23:40:34 
193,316,NFZ0BF,2021-08-03 12:43:40,2021-08-03 15:43:40 
194,201,NEZYPP,2020-12-07 13:56:25,2020-12-07 16:56:25 
195,10,N1T9OI,2021-03-27 18:26:46,2021-03-27 21:26:46 
196,431,NEZYPP,2021-02-24 10:02:32,2021-02-24 13:02:32 
197,223,NFGLM2,2021-10-11 05:44:46,2021-10-11 08:44:46 
198,331,NWDT21,2021-01-11 13:04:05,2021-01-11 16:04:05 
199,307,N1HZUV,2021-03-11 13:40:22,2021-03-11 16:40:22 
200,425,NOBPOJ,2021-04-07 16:18:54,2021-04-07 19:18:54 
201,5,N40CXE,2020-12-08 01:08:17,2020-12-08 04:08:17 
202,398,NGWZII,2021-10-13 20:13:32,2021-10-13 23:13:32 
203,379,NM0QTB,2021-03-24 02:39:05,2021-03-24 05:39:05 
204,287,NLDPPJ,2020-11-12 22:13:54,2020-11-13 01:13:54 
205,4,N20DEH,2021-09-23 19:28:59,2021-09-23 22:28:59 
206,324,NJNFO1,2021-04-06 16:40:51,2021-04-06 19:40:51 
207,93,N4PX4U,2021-02-23 14:20:49,2021-02-23 17:20:49 
208,133,NM0QTB,2021-09-04 16:21:32,2021-09-04 19:21:32 
209,361,N5B5TX,2021-06-11 16:36:28,2021-06-11 19:36:28 
210,361,NLDICM,2021-03-22 11:55:28,2021-03-22 14:55:28 
211,7,NFZ0BF,2020-11-15 08:03:20,2020-11-15 11:03:20 
212,64,NENN6G,2020-11-27 06:59:17,2020-11-27 09:59:17 
213,8,N23MNY,2021-09-30 14:49:02,2021-09-30 17:49:02 
214,448,NSD5K5,2021-10-15 03:42:55,2021-10-15 06:42:55 
215,349,NLDPPJ,2021-10-24 10:37:29,2021-10-24 13:37:29 
216,138,NOBPOJ,2021-04-26 10:49:51,2021-04-26 13:49:51 
217,455,NLDICM,2021-06-29 05:02:00,2021-06-29 08:02:00 
218,393,N4PX4U,2021-03-28 11:36:41,2021-03-28 14:36:41 
219,326,N6YA99,2021-04-08 20:56:45,2021-04-08 23:56:45 
220,471,NOS2I6,2020-11-29 14:34:25,2020-11-29 17:34:25 
221,44,N20DEH,2021-08-30 21:43:23,2021-08-31 00:43:23 
222,70,N8FQT9,2020-11-30 04:08:53,2020-11-30 07:08:53 
223,81,NIAUT1,2021-09-28 20:14:56,2021-09-28 23:14:56 
224,104,N6YA99,2021-09-13 01:56:26,2021-09-13 04:56:26 
225,418,N8FQT9,2021-01-02 12:13:50,2021-01-02 15:13:50 
226,18,N5B5TX,2021-04-06 23:12:34,2021-04-07 02:12:34 
227,249,N551D1,2021-07-20 16:06:13,2021-07-20 19:06:13 
228,150,N37ST1,2021-08-14 02:58:35,2021-08-14 05:58:35 
229,210,N7OPLR,2021-06-02 12:49:33,2021-06-02 15:49:33 
230,139,NFZ0BF,2021-08-04 13:15:24,2021-08-04 16:15:24 
231,407,NPWUYR,2021-06-29 01:42:31,2021-06-29 04:42:31 
232,83,NLDICM,2021-04-09 08:50:34,2021-04-09 11:50:34 
233,245,NEZYPP,2021-01-04 23:07:35,2021-01-05 02:07:35 
234,445,NPWUYR,2021-03-29 12:16:02,2021-03-29 15:16:02 
235,305,N37KWD,2020-11-22 12:43:48,2020-11-22 15:43:48 
236,80,N8RPDP,2021-01-02 15:42:13,2021-01-02 18:42:13 
237,93,NLDICM,2021-10-10 07:16:10,2021-10-10 10:16:10 
238,178,N4PX4U,2021-05-12 12:00:26,2021-05-12 15:00:26 
239,220,NG6WNT,2021-03-16 06:00:49,2021-03-16 09:00:49 
240,482,N40CXE,2021-07-09 17:33:44,2021-07-09 20:33:44 
241,398,N37KWD,2021-07-11 07:23:17,2021-07-11 10:23:17 
242,175,N5B5TX,2021-01-23 05:15:44,2021-01-23 08:15:44 
243,399,NG6WNT,2021-05-07 18:00:03,2021-05-07 21:00:03 
244,423,N8FQT9,2021-02-06 14:14:36,2021-02-06 17:14:36 
245,245,N37ST1,2021-10-13 07:07:42,2021-10-13 10:07:42 
246,322,NLDPPJ,2021-09-16 10:28:44,2021-09-16 13:28:44 
247,28,NOS2I6,2021-08-02 14:34:56,2021-08-02 17:34:56 
248,214,NOBPOJ,2021-04-12 18:43:44,2021-04-12 21:43:44 
249,464,N6YA99,2021-05-18 13:35:55,2021-05-18 16:35:55 
250,380,NJNFO1,2021-06-11 12:54:29,2021-06-11 15:54:29 
251,51,NM0QTB,2021-09-29 10:32:36,2021-09-29 13:32:36 
252,66,NY1ZW6,2021-10-27 16:58:01,2021-10-27 19:58:01 
253,284,NIAUT1,2021-10-05 13:12:25,2021-10-05 16:12:25 
254,462,NFEP2M,2020-12-18 00:38:06,2020-12-18 03:38:06 
255,214,N8FQT9,2020-12-02 23:54:39,2020-12-03 02:54:39 
256,319,NX5QFY,2021-01-07 17:01:50,2021-01-07 20:01:50 
257,197,NDHIAY,2021-05-15 19:03:17,2021-05-15 22:03:17 
258,290,NBTMP2,2021-06-29 08:36:48,2021-06-29 11:36:48 
259,421,N4PX4U,2020-12-19 10:30:50,2020-12-19 13:30:50 
260,408,NG6WNT,2021-06-23 04:50:56,2021-06-23 07:50:56 
261,189,NENN6G,2021-09-16 16:52:17,2021-09-16 19:52:17 
262,427,NJNFO1,2021-10-28 05:42:54,2021-10-28 08:42:54 
263,302,N37ST1,2021-04-13 21:32:19,2021-04-14 00:32:19 
264,279,N20DEH,2021-07-23 15:04:05,2021-07-23 18:04:05 
265,472,N551D1,2021-03-01 16:31:30,2021-03-01 19:31:30 
266,346,NQL9U3,2021-04-09 14:38:43,2021-04-09 17:38:43 
267,188,NM0QTB,2021-04-08 13:31:52,2021-04-08 16:31:52 
268,273,N1T9OI,2021-04-09 07:14:50,2021-04-09 10:14:50 
269,203,NINIAP,2021-02-16 15:33:36,2021-02-16 18:33:36 
270,300,N7OPLR,2021-09-21 07:21:06,2021-09-21 10:21:06 
271,147,NJPZW4,2021-02-19 11:44:16,2021-02-19 14:44:16 
272,433,N1N5KJ,2021-04-21 02:51:06,2021-04-21 05:51:06 
273,234,NEOI6B,2021-05-27 13:47:26,2021-05-27 16:47:26 
274,269,N23MNY,2020-11-18 01:23:59,2020-11-18 04:23:59 
275,46,NJNFO1,2021-03-23 01:58:51,2021-03-23 04:58:51 
276,88,N1N5KJ,2021-02-07 22:29:39,2021-02-08 01:29:39 
277,379,N6YA99,2021-08-16 21:46:28,2021-08-17 00:46:28 
278,208,NINIAP,2021-08-23 16:22:12,2021-08-23 19:22:12 
279,18,N8RPDP,2020-12-04 20:17:15,2020-12-04 23:17:15 
280,252,NINIAP,2020-12-06 05:21:30,2020-12-06 08:21:30 
281,413,N20DEH,2020-12-25 05:41:56,2020-12-25 08:41:56 
282,480,NJPZW4,2021-10-20 02:46:27,2021-10-20 05:46:27 
283,276,NEOI6B,2021-05-28 05:00:25,2021-05-28 08:00:25 
284,379,NY1ZW6,2021-02-27 16:49:43,2021-02-27 19:49:43 
285,440,NWDT21,2021-08-23 23:51:46,2021-08-24 02:51:46 
286,293,NDHIAY,2021-07-13 00:07:45,2021-07-13 03:07:45 
287,325,N40CXE,2021-09-05 17:35:51,2021-09-05 20:35:51 
288,278,NLDICM,2021-03-05 17:15:13,2021-03-05 20:15:13 
289,426,N8FQT9,2021-02-17 05:48:54,2021-02-17 08:48:54 
290,220,NEZYPP,2021-05-12 11:04:04,2021-05-12 14:04:04 
291,363,NOBPOJ,2021-08-04 18:53:23,2021-08-04 21:53:23 
292,117,NWDT21,2021-03-31 07:39:20,2021-03-31 10:39:20 
293,134,N37ST1,2021-06-14 16:19:13,2021-06-14 19:19:13 
294,431,NRR7JR,2021-03-17 18:50:36,2021-03-17 21:50:36 
295,383,NJPZW4,2021-02-21 15:45:08,2021-02-21 18:45:08 
296,231,N551D1,2021-06-15 15:48:46,2021-06-15 18:48:46 
297,430,NJPZW4,2021-03-19 16:53:25,2021-03-19 19:53:25 
298,172,N8FQT9,2021-01-15 11:13:20,2021-01-15 14:13:20 
299,201,NM0QTB,2021-08-10 17:45:20,2021-08-10 20:45:20 
300,16,NRR7JR,2021-03-16 21:32:54,2021-03-17 00:32:54 
301,196,NGWZII,2021-01-07 04:11:13,2021-01-07 07:11:13 
302,133,NM2I79,2021-03-09 00:51:06,2021-03-09 03:51:06 
303,485,NFGLM2,2021-07-18 05:29:21,2021-07-18 08:29:21 
304,353,NQL9U3,2021-10-03 23:22:36,2021-10-04 02:22:36 
305,463,NJNFO1,2021-07-06 02:48:42,2021-07-06 05:48:42 
306,82,NBTMP2,2021-10-06 02:51:14,2021-10-06 05:51:14 
307,7,NWDT21,2021-10-25 10:37:02,2021-10-25 13:37:02 
308,14,NGWZII,2021-05-10 07:43:31,2021-05-10 10:43:31 
309,124,NDHIAY,2021-10-06 03:01:33,2021-10-06 06:01:33 
310,492,N1HZUV,2021-07-10 01:59:18,2021-07-10 04:59:18 
311,475,NLDICM,2021-06-17 01:22:45,2021-06-17 04:22:45 
312,286,N5B5TX,2021-01-12 19:09:51,2021-01-12 22:09:51 
313,468,NMHP07,2021-02-02 21:51:33,2021-02-03 00:51:33 
314,282,N31P1F,2021-02-08 00:50:20,2021-02-08 03:50:20 
315,219,NOS2I6,2021-01-01 01:39:06,2021-01-01 04:39:06 
316,195,N551D1,2021-10-24 02:21:36,2021-10-24 05:21:36 
317,463,N7OPLR,2021-09-17 12:13:24,2021-09-17 15:13:24 
318,133,NGWZII,2021-02-23 21:35:01,2021-02-24 00:35:01 
319,297,N1T9OI,2021-02-08 14:57:12,2021-02-08 17:57:12 
320,322,NBTMP2,2021-02-11 08:39:14,2021-02-11 11:39:14 
321,304,NMHP07,2021-01-03 22:31:09,2021-01-04 01:31:09 
322,146,NQL9U3,2021-05-22 19:30:45,2021-05-22 22:30:45 
323,70,N6YA99,2021-02-03 17:59:27,2021-02-03 20:59:27 
324,50,N8RPDP,2021-01-18 07:02:22,2021-01-18 10:02:22 
325,21,NMHP07,2021-05-30 15:30:02,2021-05-30 18:30:02 
326,76,NJNFO1,2020-12-06 20:43:05,2020-12-06 23:43:05 
327,326,NY1ZW6,2021-02-14 02:07:51,2021-02-14 05:07:51 
328,369,NJPZW4,2021-02-12 21:17:57,2021-02-13 00:17:57 
329,41,N1T9OI,2021-10-29 23:03:05,2021-10-30 02:03:05 
330,367,N1N5KJ,2021-10-12 09:46:11,2021-10-12 12:46:11 
331,86,NVXK2F,2021-08-24 12:58:37,2021-08-24 15:58:37 
332,155,N1HZUV,2021-02-12 17:29:35,2021-02-12 20:29:35 
333,63,N1HZUV,2021-01-08 12:40:15,2021-01-08 15:40:15 
334,461,NX5QFY,2021-03-29 19:15:51,2021-03-29 22:15:51 
335,472,N4PX4U,2021-05-13 03:10:50,2021-05-13 06:10:50 
336,118,NSD5K5,2021-08-26 17:00:51,2021-08-26 20:00:51 
337,121,N1HZUV,2021-07-02 20:27:21,2021-07-02 23:27:21 
338,94,NLDICM,2021-02-26 19:15:00,2021-02-26 22:15:00 
339,416,NFZ0BF,2021-02-02 06:54:17,2021-02-02 09:54:17 
340,103,N1HZUV,2020-12-21 01:43:28,2020-12-21 04:43:28 
341,200,N6YA99,2020-12-17 05:13:03,2020-12-17 08:13:03 
342,391,NU6AWN,2021-05-28 21:05:03,2021-05-29 00:05:03 
343,467,NWDT21,2021-04-16 07:29:06,2021-04-16 10:29:06 
344,451,N1N5KJ,2021-04-09 00:25:23,2021-04-09 03:25:23 
345,137,NPWUYR,2021-04-23 23:39:37,2021-04-24 02:39:37 
346,21,NU6AWN,2021-06-03 10:11:36,2021-06-03 13:11:36 
347,248,N0U2D4,2021-03-27 01:14:37,2021-03-27 04:14:37 
348,103,N6YA99,2021-11-05 14:42:53,2021-11-05 17:42:53 
349,202,N8FQT9,2021-01-14 05:16:46,2021-01-14 08:16:46 
350,112,N0U2D4,2021-06-20 12:24:34,2021-06-20 15:24:34 
351,148,NGWZII,2021-09-08 00:34:20,2021-09-08 03:34:20 
352,184,NFGLM2,2020-11-09 01:24:26,2020-11-09 04:24:26 
353,494,N6YA99,2021-06-14 13:34:06,2021-06-14 16:34:06 
354,216,N20DEH,2021-01-16 13:56:03,2021-01-16 16:56:03 
355,173,NJNFO1,2021-01-06 19:53:01,2021-01-06 22:53:01 
356,24,NQL9U3,2021-01-31 22:28:03,2021-02-01 01:28:03 
357,367,N6YA99,2021-07-30 04:41:25,2021-07-30 07:41:25 
358,230,NGWZII,2021-01-28 15:20:31,2021-01-28 18:20:31 
359,245,N4OWLG,2021-09-21 20:36:24,2021-09-21 23:36:24 
360,173,N1T9OI,2020-12-07 05:06:34,2020-12-07 08:06:34 
361,262,NOBPOJ,2021-08-26 12:19:27,2021-08-26 15:19:27 
362,305,N5B5TX,2020-12-27 12:40:19,2020-12-27 15:40:19 
363,289,NLDICM,2021-07-30 17:47:00,2021-07-30 20:47:00 
364,391,NRR7JR,2021-03-25 01:14:44,2021-03-25 04:14:44 
365,165,NFZ0BF,2021-05-23 23:40:49,2021-05-24 02:40:49 
366,169,N37ST1,2021-04-19 03:34:10,2021-04-19 06:34:10 
367,43,N6YA99,2021-09-24 09:35:15,2021-09-24 12:35:15 
368,6,NM0QTB,2020-11-30 09:47:05,2020-11-30 12:47:05 
369,238,NVXK2F,2021-01-06 17:55:42,2021-01-06 20:55:42 
370,447,NU6AWN,2021-05-19 15:50:47,2021-05-19 18:50:47 
371,483,N0U2D4,2020-11-16 15:50:23,2020-11-16 18:50:23 
372,353,NY1ZW6,2021-11-01 07:46:20,2021-11-01 10:46:20 
373,316,N8RPDP,2020-11-16 10:12:35,2020-11-16 13:12:35 
374,464,N8FQT9,2021-03-12 10:32:48,2021-03-12 13:32:48 
375,111,NG6WNT,2021-01-14 22:35:39,2021-01-15 01:35:39 
376,3,NM0QTB,2021-04-17 02:28:28,2021-04-17 05:28:28 
377,384,NPWUYR,2021-03-16 09:39:59,2021-03-16 12:39:59 
378,316,N20DEH,2021-05-23 07:31:44,2021-05-23 10:31:44 
379,231,N7766L,2021-10-14 12:39:02,2021-10-14 15:39:02 
380,449,NMHP07,2021-01-24 11:50:52,2021-01-24 14:50:52 
381,374,N1N5KJ,2021-03-21 10:01:33,2021-03-21 13:01:33 
382,27,NENN6G,2021-10-26 05:40:20,2021-10-26 08:40:20 
383,307,N7766L,2020-12-29 17:36:49,2020-12-29 20:36:49 
384,83,NEOI6B,2021-06-03 21:37:19,2021-06-04 00:37:19 
385,388,N7766L,2021-06-09 06:25:14,2021-06-09 09:25:14 
386,300,NINIAP,2020-12-08 07:01:13,2020-12-08 10:01:13 
387,324,NSD5K5,2021-09-15 22:16:07,2021-09-16 01:16:07 
388,461,NGWZII,2021-07-21 14:50:09,2021-07-21 17:50:09 
389,52,NSD5K5,2021-08-21 18:10:03,2021-08-21 21:10:03 
390,216,NJPZW4,2021-07-14 09:06:29,2021-07-14 12:06:29 
391,62,N37ST1,2020-11-15 07:48:48,2020-11-15 10:48:48 
392,425,NFGLM2,2021-03-05 12:49:03,2021-03-05 15:49:03 
393,50,NU6AWN,2021-10-21 16:57:26,2021-10-21 19:57:26 
394,183,N0U2D4,2021-07-24 05:17:07,2021-07-24 08:17:07 
395,242,NEOI6B,2021-07-05 20:19:20,2021-07-05 23:19:20 
396,13,NJPZW4,2021-10-24 11:01:44,2021-10-24 14:01:44 
397,251,N4OWLG,2021-09-29 05:34:56,2021-09-29 08:34:56 
398,220,N37KWD,2021-05-28 10:52:28,2021-05-28 13:52:28 
399,170,N7OPLR,2020-12-06 23:04:49,2020-12-07 02:04:49 
400,406,NJPZW4,2020-12-07 00:25:22,2020-12-07 03:25:22 
401,390,N1T9OI,2021-02-07 17:57:49,2021-02-07 20:57:49 
402,159,NNJY01,2021-05-29 09:34:18,2021-05-29 12:34:18 
403,351,NENN6G,2021-03-04 14:06:35,2021-03-04 17:06:35 
404,205,NG6WNT,2021-07-31 19:50:10,2021-07-31 22:50:10 
405,423,NRR7JR,2021-10-18 03:39:37,2021-10-18 06:39:37 
406,386,N551D1,2021-08-16 11:31:10,2021-08-16 14:31:10 
407,254,NM2I79,2021-10-30 22:50:23,2021-10-31 01:50:23 
408,440,NWDT21,2021-08-29 21:39:57,2021-08-30 00:39:57 
409,334,N8FQT9,2021-05-23 04:09:13,2021-05-23 07:09:13 
410,278,NSD5K5,2020-11-23 15:26:53,2020-11-23 18:26:53 
411,142,NNJY01,2020-12-16 16:47:51,2020-12-16 19:47:51 
412,387,N1HZUV,2021-09-21 01:15:55,2021-09-21 04:15:55 
413,322,N5B5TX,2021-02-01 09:24:53,2021-02-01 12:24:53 
414,225,NWDT21,2021-01-06 05:23:40,2021-01-06 08:23:40 
415,67,NDHIAY,2021-01-04 10:53:31,2021-01-04 13:53:31 
416,299,NMHP07,2021-03-20 01:24:15,2021-03-20 04:24:15 
417,356,NLDICM,2021-09-30 23:48:37,2021-10-01 02:48:37 
418,233,N5B5TX,2021-08-21 19:59:36,2021-08-21 22:59:36 
419,416,NPWUYR,2020-12-22 15:06:51,2020-12-22 18:06:51 
420,209,NENN6G,2021-05-20 21:32:25,2021-05-21 00:32:25 
421,65,N20DEH,2021-01-12 03:01:56,2021-01-12 06:01:56 
422,88,N40CXE,2021-09-01 20:00:43,2021-09-01 23:00:43 
423,39,N1T9OI,2021-06-24 12:16:10,2021-06-24 15:16:10 
424,256,NFGLM2,2021-05-31 07:42:49,2021-05-31 10:42:49 
425,367,NLDICM,2020-12-29 00:32:56,2020-12-29 03:32:56 
426,324,NX5QFY,2021-07-14 13:57:48,2021-07-14 16:57:48 
427,447,NGWZII,2021-01-14 15:26:52,2021-01-14 18:26:52 
428,120,N1HZUV,2021-08-23 19:53:11,2021-08-23 22:53:11 
429,452,N6YA99,2021-07-06 19:15:38,2021-07-06 22:15:38 
430,453,NIAUT1,2021-08-28 08:38:29,2021-08-28 11:38:29 
431,387,NY1ZW6,2021-06-30 18:15:10,2021-06-30 21:15:10 
432,468,N31P1F,2020-11-14 19:34:25,2020-11-14 22:34:25 
433,389,NDHIAY,2021-05-05 17:01:02,2021-05-05 20:01:02 
434,192,NPWUYR,2020-11-24 09:27:57,2020-11-24 12:27:57 
435,421,NFEP2M,2021-03-24 23:15:01,2021-03-25 02:15:01 
436,62,NDHIAY,2020-12-30 01:29:44,2020-12-30 04:29:44 
437,407,N40CXE,2021-11-07 15:07:18,2021-11-07 18:07:18 
438,254,N4OWLG,2021-07-19 16:23:43,2021-07-19 19:23:43 
439,368,NDHIAY,2021-06-14 15:35:10,2021-06-14 18:35:10 
440,122,NIAUT1,2021-08-07 22:52:13,2021-08-08 01:52:13 
441,436,NWDT21,2021-08-11 21:52:16,2021-08-12 00:52:16 
442,288,NPWUYR,2021-07-08 19:42:43,2021-07-08 22:42:43 
443,470,NDHIAY,2021-08-21 03:24:28,2021-08-21 06:24:28 
444,237,N20DEH,2021-08-27 01:52:15,2021-08-27 04:52:15 
445,171,NPWUYR,2021-08-05 13:22:43,2021-08-05 16:22:43 
446,426,N8RPDP,2021-04-12 22:26:12,2021-04-13 01:26:12 
447,265,NPWUYR,2021-09-29 02:29:18,2021-09-29 05:29:18 
448,334,NEZYPP,2020-12-30 15:40:27,2020-12-30 18:40:27 
449,234,N8RPDP,2020-12-29 00:23:18,2020-12-29 03:23:18 
450,471,NPWUYR,2020-12-02 11:02:19,2020-12-02 14:02:19 
451,160,N0U2D4,2021-08-24 02:05:53,2021-08-24 05:05:53 
452,377,N1T9OI,2020-11-20 08:15:38,2020-11-20 11:15:38 
453,230,NM2I79,2021-03-03 16:13:08,2021-03-03 19:13:08 
454,133,NOS2I6,2020-12-17 13:26:12,2020-12-17 16:26:12 
455,72,N4PX4U,2021-07-02 08:42:03,2021-07-02 11:42:03 
456,437,NFGLM2,2021-10-01 08:55:50,2021-10-01 11:55:50 
457,428,NG6WNT,2021-05-09 11:25:19,2021-05-09 14:25:19 
458,15,N4OWLG,2021-09-18 03:14:26,2021-09-18 06:14:26 
459,111,NFEP2M,2021-07-12 07:06:44,2021-07-12 10:06:44 
460,474,NRR7JR,2021-08-31 18:48:09,2021-08-31 21:48:09 
461,73,NRR7JR,2021-04-10 00:25:15,2021-04-10 03:25:15 
462,455,NDHIAY,2020-12-31 11:45:44,2020-12-31 14:45:44 
463,242,N20DEH,2021-09-27 02:40:45,2021-09-27 05:40:45 
464,346,N4PX4U,2021-06-09 20:55:54,2021-06-09 23:55:54 
465,260,N6YA99,2021-10-25 19:30:29,2021-10-25 22:30:29 
466,3,N7766L,2020-11-24 19:33:47,2020-11-24 22:33:47 
467,89,N23MNY,2021-05-15 03:14:03,2021-05-15 06:14:03 
468,123,N8RPDP,2020-12-02 08:42:25,2020-12-02 11:42:25 
469,83,NEOI6B,2021-08-20 03:29:39,2021-08-20 06:29:39 
470,116,N1N5KJ,2020-11-25 20:35:04,2020-11-25 23:35:04 
471,246,N31P1F,2021-07-12 17:19:29,2021-07-12 20:19:29 
472,243,NFEP2M,2021-09-27 06:58:16,2021-09-27 09:58:16 
473,500,NLDPPJ,2021-06-22 17:01:57,2021-06-22 20:01:57 
474,46,NEOI6B,2021-04-26 11:01:08,2021-04-26 14:01:08 
475,148,NOBPOJ,2021-03-27 19:25:14,2021-03-27 22:25:14 
476,214,NLDICM,2021-09-03 18:38:49,2021-09-03 21:38:49 
477,387,NG6WNT,2021-06-05 13:56:07,2021-06-05 16:56:07 
478,390,NGWZII,2021-09-04 12:18:39,2021-09-04 15:18:39 
479,359,N551D1,2020-11-21 14:00:58,2020-11-21 17:00:58 
480,468,N1T9OI,2021-06-27 00:05:06,2021-06-27 03:05:06 
481,137,N7OPLR,2021-04-12 07:16:50,2021-04-12 10:16:50 
482,209,NBTMP2,2021-05-25 13:16:57,2021-05-25 16:16:57 
483,298,NY1ZW6,2021-04-23 09:23:56,2021-04-23 12:23:56 
484,462,NINIAP,2021-09-08 14:21:15,2021-09-08 17:21:15 
485,242,NPWUYR,2021-05-26 19:27:06,2021-05-26 22:27:06 
486,484,NOBPOJ,2021-06-14 14:43:07,2021-06-14 17:43:07 
487,358,NLDPPJ,2021-05-16 17:28:56,2021-05-16 20:28:56 
488,327,N7OPLR,2021-06-17 00:51:22,2021-06-17 03:51:22 
489,470,N31P1F,2021-07-22 17:49:00,2021-07-22 20:49:00 
490,392,NBTMP2,2021-02-28 17:34:03,2021-02-28 20:34:03 
491,107,N7766L,2021-05-21 10:45:24,2021-05-21 13:45:24 
492,161,NVXK2F,2021-03-25 07:57:14,2021-03-25 10:57:14 
493,152,NSD5K5,2021-04-02 07:44:06,2021-04-02 10:44:06 
494,227,NEOI6B,2021-06-19 02:22:08,2021-06-19 05:22:08 
495,448,NNJY01,2021-06-14 14:12:05,2021-06-14 17:12:05 
496,488,N20DEH,2021-02-12 06:18:26,2021-02-12 09:18:26 
497,108,NGWZII,2021-08-03 18:13:11,2021-08-03 21:13:11 
498,172,NJPZW4,2021-09-05 03:38:24,2021-09-05 06:38:24 
499,183,NM0QTB,2021-07-16 00:03:52,2021-07-16 03:03:52 
500,22,N8RPDP,2021-08-01 07:31:40,2021-08-01 10:31:40 
501,280,N5B5TX,2021-01-17 19:39:22,2021-01-17 22:39:22 
502,85,NM0QTB,2021-06-11 13:39:00,2021-06-11 16:39:00 
503,339,N37KWD,2021-02-18 23:13:19,2021-02-19 02:13:19 
504,260,N7OPLR,2021-05-15 08:38:50,2021-05-15 11:38:50 
505,1,NWDT21,2021-10-16 15:21:14,2021-10-16 18:21:14 
506,120,N1N5KJ,2021-04-16 07:28:27,2021-04-16 10:28:27 
507,478,NINIAP,2021-05-07 21:05:17,2021-05-08 00:05:17 
508,171,N1N5KJ,2021-01-20 02:32:57,2021-01-20 05:32:57 
509,318,N23MNY,2021-09-27 11:12:21,2021-09-27 14:12:21 
510,300,N31P1F,2021-04-02 14:11:05,2021-04-02 17:11:05 
511,180,NIAUT1,2021-03-06 06:23:51,2021-03-06 09:23:51 
512,192,NNJY01,2021-01-10 17:19:50,2021-01-10 20:19:50 
513,448,N5B5TX,2020-12-30 05:28:54,2020-12-30 08:28:54 
514,314,NOS2I6,2020-11-26 22:01:05,2020-11-27 01:01:05 
515,161,NEOI6B,2021-09-12 13:05:03,2021-09-12 16:05:03 
516,196,NFZ0BF,2021-04-14 00:48:48,2021-04-14 03:48:48 
517,134,NPWUYR,2020-12-25 01:28:20,2020-12-25 04:28:20 
518,210,N23MNY,2021-01-28 22:56:00,2021-01-29 01:56:00 
519,321,NVXK2F,2021-07-16 08:34:37,2021-07-16 11:34:37 
520,494,NM0QTB,2021-04-11 12:35:40,2021-04-11 15:35:40 
521,435,N4OWLG,2021-07-12 08:19:50,2021-07-12 11:19:50 
522,233,NDHIAY,2021-04-20 18:02:40,2021-04-20 21:02:40 
523,86,NEOI6B,2020-12-10 03:10:22,2020-12-10 06:10:22 
524,266,N4PX4U,2021-02-24 12:23:57,2021-02-24 15:23:57 
525,411,NLDICM,2021-06-23 04:37:07,2021-06-23 07:37:07 
526,232,NEZYPP,2021-05-21 22:38:46,2021-05-22 01:38:46 
527,425,N1T9OI,2021-09-15 18:28:01,2021-09-15 21:28:01 
528,212,NY1ZW6,2021-03-15 13:50:56,2021-03-15 16:50:56 
529,2,NOBPOJ,2020-12-11 03:49:39,2020-12-11 06:49:39 
530,100,N31P1F,2021-06-04 02:06:42,2021-06-04 05:06:42 
531,27,N0U2D4,2021-08-30 09:01:49,2021-08-30 12:01:49 
532,394,NU6AWN,2021-01-19 23:19:58,2021-01-20 02:19:58 
533,494,NOS2I6,2021-02-26 23:30:00,2021-02-27 02:30:00 
534,5,N31P1F,2020-12-29 05:02:31,2020-12-29 08:02:31 
535,457,NJNFO1,2021-06-02 14:34:29,2021-06-02 17:34:29 
536,47,NFEP2M,2021-10-16 10:50:47,2021-10-16 13:50:47 
537,453,N4OWLG,2021-01-01 02:25:01,2021-01-01 05:25:01 
538,275,N8FQT9,2021-09-01 08:21:50,2021-09-01 11:21:50 
539,69,N4PX4U,2021-05-16 07:56:52,2021-05-16 10:56:52 
540,9,N0U2D4,2021-02-03 01:03:52,2021-02-03 04:03:52 
541,100,NSD5K5,2021-05-28 12:45:59,2021-05-28 15:45:59 
542,314,NEOI6B,2020-12-17 02:36:32,2020-12-17 05:36:32 
543,164,NOS2I6,2021-11-04 22:00:22,2021-11-05 01:00:22 
544,391,NX5QFY,2020-12-27 17:33:40,2020-12-27 20:33:40 
545,256,NMHP07,2021-01-27 07:35:19,2021-01-27 10:35:19 
546,482,NENN6G,2021-06-05 15:19:18,2021-06-05 18:19:18 
547,173,N6YA99,2020-12-20 14:05:08,2020-12-20 17:05:08 
548,191,NWDT21,2021-09-02 15:10:22,2021-09-02 18:10:22 
549,258,N551D1,2021-05-25 00:59:02,2021-05-25 03:59:02 
550,426,NVXK2F,2020-11-15 18:53:22,2020-11-15 21:53:22 
551,194,NM2I79,2021-05-24 19:00:15,2021-05-24 22:00:15 
552,213,NEZYPP,2020-11-15 19:11:52,2020-11-15 22:11:52 
553,81,N7766L,2021-09-22 14:46:49,2021-09-22 17:46:49 
554,50,NMHP07,2021-05-25 00:28:36,2021-05-25 03:28:36 
555,257,N37KWD,2021-02-26 13:16:13,2021-02-26 16:16:13 
556,477,NNJY01,2021-07-29 16:20:06,2021-07-29 19:20:06 
557,183,NVXK2F,2021-02-10 20:15:16,2021-02-10 23:15:16 
558,387,NOS2I6,2020-12-26 00:55:41,2020-12-26 03:55:41 
559,41,NEOI6B,2021-06-13 09:16:26,2021-06-13 12:16:26 
560,479,NFGLM2,2021-02-05 08:15:23,2021-02-05 11:15:23 
561,374,NM0QTB,2021-02-18 09:57:07,2021-02-18 12:57:07 
562,365,NM2I79,2021-04-20 10:38:54,2021-04-20 13:38:54 
563,319,NOS2I6,2021-02-09 01:29:53,2021-02-09 04:29:53 
564,268,N7766L,2020-12-10 04:40:53,2020-12-10 07:40:53 
565,206,NLDICM,2021-04-10 11:34:19,2021-04-10 14:34:19 
566,34,NM0QTB,2020-11-19 07:55:38,2020-11-19 10:55:38 
567,365,NRR7JR,2021-03-27 01:09:43,2021-03-27 04:09:43 
568,402,NGWZII,2021-01-20 18:50:35,2021-01-20 21:50:35 
569,452,NPWUYR,2020-11-23 10:04:44,2020-11-23 13:04:44 
570,95,NIAUT1,2021-09-20 19:25:47,2021-09-20 22:25:47 
571,399,N551D1,2021-07-17 00:19:55,2021-07-17 03:19:55 
572,388,N5B5TX,2021-10-30 07:17:30,2021-10-30 10:17:30 
573,358,NIAUT1,2021-09-27 08:57:16,2021-09-27 11:57:16 
574,269,NOS2I6,2021-09-27 01:01:24,2021-09-27 04:01:24 
575,271,N37ST1,2021-07-24 15:11:12,2021-07-24 18:11:12 
576,145,NGWZII,2021-10-30 19:28:22,2021-10-30 22:28:22 
577,157,N1T9OI,2021-02-22 20:53:26,2021-02-22 23:53:26 
578,208,NRR7JR,2021-03-20 11:48:20,2021-03-20 14:48:20 
579,312,NLDPPJ,2021-03-13 10:57:56,2021-03-13 13:57:56 
580,429,N1HZUV,2021-05-09 04:25:50,2021-05-09 07:25:50 
581,211,NSD5K5,2021-03-11 04:21:25,2021-03-11 07:21:25 
582,259,N4OWLG,2020-12-16 09:00:23,2020-12-16 12:00:23 
583,225,N0U2D4,2021-01-30 12:57:05,2021-01-30 15:57:05 
584,410,N37ST1,2021-04-16 13:35:04,2021-04-16 16:35:04 
585,313,NG6WNT,2020-12-02 00:51:30,2020-12-02 03:51:30 
586,160,NRR7JR,2021-07-28 22:23:23,2021-07-29 01:23:23 
587,423,NLDICM,2020-12-06 12:50:45,2020-12-06 15:50:45 
588,148,N1HZUV,2021-07-01 19:00:56,2021-07-01 22:00:56 
589,402,NLDICM,2021-11-06 17:05:54,2021-11-06 20:05:54 
590,390,N7OPLR,2021-10-03 00:53:21,2021-10-03 03:53:21 
591,358,N1N5KJ,2021-01-27 08:13:41,2021-01-27 11:13:41 
592,287,N37KWD,2021-09-04 09:40:55,2021-09-04 12:40:55 
593,364,N4OWLG,2021-03-28 09:14:16,2021-03-28 12:14:16 
594,64,NX5QFY,2021-10-02 18:20:14,2021-10-02 21:20:14 
595,396,N20DEH,2021-07-17 12:27:06,2021-07-17 15:27:06 
596,451,N1HZUV,2021-07-15 20:09:09,2021-07-15 23:09:09 
597,476,NMHP07,2021-08-03 01:55:24,2021-08-03 04:55:24 
598,131,N37ST1,2021-08-26 18:48:37,2021-08-26 21:48:37 
599,193,NLDPPJ,2021-10-10 14:51:45,2021-10-10 17:51:45 
600,493,N40CXE,2021-08-29 04:54:25,2021-08-29 07:54:25 
601,443,NM2I79,2020-11-14 22:17:27,2020-11-15 01:17:27 
602,446,N551D1,2021-03-29 01:31:09,2021-03-29 04:31:09 
603,372,NM0QTB,2021-03-26 11:47:14,2021-03-26 14:47:14 
604,289,NPWUYR,2021-03-03 23:04:10,2021-03-04 02:04:10 
605,333,NSD5K5,2021-09-18 06:22:01,2021-09-18 09:22:01 
606,362,N4OWLG,2021-08-12 18:41:18,2021-08-12 21:41:18 
607,118,N20DEH,2021-10-25 09:53:39,2021-10-25 12:53:39 
608,116,N40CXE,2021-07-04 10:38:01,2021-07-04 13:38:01 
609,332,NENN6G,2021-10-20 04:07:21,2021-10-20 07:07:21 
610,344,NEZYPP,2021-10-05 17:34:36,2021-10-05 20:34:36 
611,291,NNJY01,2021-09-10 00:59:59,2021-09-10 03:59:59 
612,193,NGWZII,2021-02-27 01:57:02,2021-02-27 04:57:02 
613,281,NQL9U3,2021-04-02 01:24:31,2021-04-02 04:24:31 
614,400,N7OPLR,2021-08-10 02:26:18,2021-08-10 05:26:18 
615,131,N8RPDP,2021-10-26 20:17:05,2021-10-26 23:17:05 
616,279,NFGLM2,2021-09-16 01:45:50,2021-09-16 04:45:50 
617,479,N37ST1,2021-10-05 15:51:04,2021-10-05 18:51:04 
618,70,NM2I79,2021-05-14 18:01:55,2021-05-14 21:01:55 
619,308,N1T9OI,2021-11-06 03:07:18,2021-11-06 06:07:18 
620,263,NG6WNT,2021-02-18 23:58:58,2021-02-19 02:58:58 
621,374,NBTMP2,2021-08-04 02:41:21,2021-08-04 05:41:21 
622,276,N4PX4U,2021-02-06 19:10:46,2021-02-06 22:10:46 
623,110,NWDT21,2021-09-19 08:46:29,2021-09-19 11:46:29 
624,335,NM0QTB,2021-05-02 02:08:12,2021-05-02 05:08:12 
625,25,NINIAP,2020-12-22 11:25:58,2020-12-22 14:25:58 
626,324,NFEP2M,2021-05-17 00:58:12,2021-05-17 03:58:12 
627,114,NLDPPJ,2021-04-02 05:26:44,2021-04-02 08:26:44 
628,368,NIAUT1,2020-12-18 16:49:02,2020-12-18 19:49:02 
629,289,NDHIAY,2020-12-19 23:12:55,2020-12-20 02:12:55 
630,327,NU6AWN,2021-02-22 11:22:11,2021-02-22 14:22:11 
631,488,NY1ZW6,2021-03-16 17:14:21,2021-03-16 20:14:21 
632,476,N40CXE,2021-05-22 00:25:41,2021-05-22 03:25:41 
633,439,NX5QFY,2021-07-23 06:17:41,2021-07-23 09:17:41 
634,257,NOBPOJ,2021-03-31 19:57:20,2021-03-31 22:57:20 
635,302,NENN6G,2021-09-24 20:42:50,2021-09-24 23:42:50 
636,153,N7OPLR,2021-02-19 16:37:29,2021-02-19 19:37:29 
637,283,N8FQT9,2021-06-25 19:53:06,2021-06-25 22:53:06 
638,400,N1HZUV,2021-05-18 01:40:09,2021-05-18 04:40:09 
639,387,N37KWD,2021-09-24 21:57:18,2021-09-25 00:57:18 
640,179,N1HZUV,2020-12-27 03:33:25,2020-12-27 06:33:25 
641,173,NEOI6B,2021-04-08 19:07:24,2021-04-08 22:07:24 
642,71,NFZ0BF,2020-11-24 15:54:45,2020-11-24 18:54:45 
643,349,NIAUT1,2021-05-22 20:42:28,2021-05-22 23:42:28 
644,119,N0U2D4,2021-06-09 01:25:58,2021-06-09 04:25:58 
645,118,NJPZW4,2020-12-25 18:21:16,2020-12-25 21:21:16 
646,57,NY1ZW6,2021-09-23 18:36:19,2021-09-23 21:36:19 
647,140,NLDPPJ,2021-07-27 02:40:02,2021-07-27 05:40:02 
648,70,N31P1F,2020-11-09 23:40:25,2020-11-10 02:40:25 
649,61,NM2I79,2021-04-27 11:08:57,2021-04-27 14:08:57 
650,113,N0U2D4,2020-11-28 06:13:39,2020-11-28 09:13:39 
651,312,N37ST1,2021-10-03 19:16:11,2021-10-03 22:16:11 
652,37,N1T9OI,2021-08-21 15:16:23,2021-08-21 18:16:23 
653,415,N1N5KJ,2021-06-15 23:18:56,2021-06-16 02:18:56 
654,180,N37ST1,2021-05-17 18:02:31,2021-05-17 21:02:31 
655,175,NFZ0BF,2021-06-19 17:08:03,2021-06-19 20:08:03 
656,402,NIAUT1,2021-02-07 04:33:16,2021-02-07 07:33:16 
657,337,N1N5KJ,2021-05-02 09:14:02,2021-05-02 12:14:02 
658,180,NGWZII,2021-10-29 03:47:30,2021-10-29 06:47:30 
659,382,NFEP2M,2021-01-09 00:48:59,2021-01-09 03:48:59 
660,176,N7OPLR,2020-12-12 16:58:31,2020-12-12 19:58:31 
661,451,N8FQT9,2021-05-27 14:16:23,2021-05-27 17:16:23 
662,200,NEZYPP,2021-10-08 08:33:51,2021-10-08 11:33:51 
663,419,NG6WNT,2021-03-23 18:23:08,2021-03-23 21:23:08 
664,472,NIAUT1,2020-12-25 01:49:57,2020-12-25 04:49:57 
665,385,NFEP2M,2021-09-28 04:39:36,2021-09-28 07:39:36 
666,68,N4PX4U,2020-11-15 13:57:25,2020-11-15 16:57:25 
667,28,N7OPLR,2021-07-27 02:54:53,2021-07-27 05:54:53 
668,421,N5B5TX,2021-02-09 07:52:04,2021-02-09 10:52:04 
669,489,NJNFO1,2021-07-18 19:18:02,2021-07-18 22:18:02 
670,212,N40CXE,2021-04-27 06:33:40,2021-04-27 09:33:40 
671,125,NEOI6B,2021-07-10 14:16:35,2021-07-10 17:16:35 
672,383,N1T9OI,2021-07-27 23:09:07,2021-07-28 02:09:07 
673,103,NBTMP2,2021-03-16 03:36:57,2021-03-16 06:36:57 
674,202,N0U2D4,2021-01-14 00:34:18,2021-01-14 03:34:18 
675,119,NBTMP2,2021-03-20 15:24:44,2021-03-20 18:24:44 
676,305,NQL9U3,2021-01-06 04:24:57,2021-01-06 07:24:57 
677,447,NNJY01,2021-06-27 00:19:02,2021-06-27 03:19:02 
678,386,NDHIAY,2021-05-14 21:18:38,2021-05-15 00:18:38 
679,71,NX5QFY,2021-02-14 09:18:57,2021-02-14 12:18:57 
680,108,NFZ0BF,2021-04-14 20:31:53,2021-04-14 23:31:53 
681,403,NLDICM,2021-10-25 08:23:38,2021-10-25 11:23:38 
682,477,N7OPLR,2021-05-24 22:10:35,2021-05-25 01:10:35 
683,84,NMHP07,2021-07-14 13:39:42,2021-07-14 16:39:42 
684,183,N4OWLG,2021-09-24 10:06:30,2021-09-24 13:06:30 
685,349,NINIAP,2021-02-14 05:03:30,2021-02-14 08:03:30 
686,102,N23MNY,2021-07-15 11:49:52,2021-07-15 14:49:52 
687,188,N1T9OI,2021-03-11 21:53:50,2021-03-12 00:53:50 
688,233,NG6WNT,2021-06-23 05:21:23,2021-06-23 08:21:23 
689,275,NIAUT1,2021-05-19 05:05:39,2021-05-19 08:05:39 
690,40,NNJY01,2021-05-07 12:42:20,2021-05-07 15:42:20 
691,106,NFEP2M,2021-06-22 19:35:22,2021-06-22 22:35:22 
692,61,N7OPLR,2021-02-05 09:06:03,2021-02-05 12:06:03 
693,269,N7766L,2020-11-19 17:04:22,2020-11-19 20:04:22 
694,220,N6YA99,2021-09-10 08:34:35,2021-09-10 11:34:35 
695,43,N7OPLR,2020-11-15 13:47:56,2020-11-15 16:47:56 
696,181,N6YA99,2020-11-25 09:39:43,2020-11-25 12:39:43 
697,236,N8RPDP,2020-11-24 23:22:57,2020-11-25 02:22:57 
698,302,NM0QTB,2021-10-25 08:49:55,2021-10-25 11:49:55 
699,230,NJNFO1,2021-05-08 15:23:12,2021-05-08 18:23:12 
700,292,N6YA99,2021-10-16 10:42:28,2021-10-16 13:42:28 
701,325,NOS2I6,2021-05-30 06:13:56,2021-05-30 09:13:56 
702,446,N37KWD,2021-03-30 17:09:48,2021-03-30 20:09:48 
703,218,NWDT21,2021-01-30 10:53:54,2021-01-30 13:53:54 
704,423,NSD5K5,2021-10-16 08:21:36,2021-10-16 11:21:36 
705,445,NY1ZW6,2021-06-07 17:54:56,2021-06-07 20:54:56 
706,314,NLDPPJ,2021-08-09 18:20:06,2021-08-09 21:20:06 
707,316,N1HZUV,2021-10-26 09:21:25,2021-10-26 12:21:25 
708,172,NLDICM,2021-10-27 04:49:26,2021-10-27 07:49:26 
709,429,NFEP2M,2021-08-11 04:15:12,2021-08-11 07:15:12 
710,99,NPWUYR,2021-05-01 06:16:42,2021-05-01 09:16:42 
711,146,NPWUYR,2021-02-13 11:55:18,2021-02-13 14:55:18 
712,222,NGWZII,2021-06-15 21:14:49,2021-06-16 00:14:49 
713,368,NM0QTB,2021-03-27 03:24:26,2021-03-27 06:24:26 
714,306,N1N5KJ,2021-03-06 12:24:39,2021-03-06 15:24:39 
715,349,NEZYPP,2021-07-01 22:22:05,2021-07-02 01:22:05 
716,1,N20DEH,2021-09-05 11:08:58,2021-09-05 14:08:58 
717,453,NSD5K5,2021-07-09 12:18:00,2021-07-09 15:18:00 
718,333,NSD5K5,2020-12-06 13:30:34,2020-12-06 16:30:34 
719,172,NY1ZW6,2021-09-02 14:10:44,2021-09-02 17:10:44 
720,39,NPWUYR,2021-10-25 13:05:57,2021-10-25 16:05:57 
721,110,NSD5K5,2021-08-26 20:46:09,2021-08-26 23:46:09 
722,465,NM2I79,2020-11-19 13:45:19,2020-11-19 16:45:19 
723,7,N40CXE,2021-01-22 04:28:40,2021-01-22 07:28:40 
724,182,NY1ZW6,2021-03-11 18:07:28,2021-03-11 21:07:28 
725,243,N551D1,2021-04-20 01:09:44,2021-04-20 04:09:44 
726,411,NNJY01,2020-12-26 19:18:59,2020-12-26 22:18:59 
727,359,N31P1F,2020-11-15 04:58:51,2020-11-15 07:58:51 
728,260,NGWZII,2021-01-28 11:41:12,2021-01-28 14:41:12 
729,347,NSD5K5,2021-03-28 10:36:12,2021-03-28 13:36:12 
730,12,NFZ0BF,2021-06-20 03:10:04,2021-06-20 06:10:04 
731,170,NWDT21,2021-01-03 23:28:28,2021-01-04 02:28:28 
732,252,NBTMP2,2021-03-29 01:14:28,2021-03-29 04:14:28 
733,102,NENN6G,2021-04-30 23:37:05,2021-05-01 02:37:05 
734,63,NEZYPP,2021-05-15 08:19:35,2021-05-15 11:19:35 
735,424,N1HZUV,2021-09-18 22:59:07,2021-09-19 01:59:07 
736,479,NGWZII,2021-10-07 10:51:39,2021-10-07 13:51:39 
737,459,N8FQT9,2021-07-13 10:59:20,2021-07-13 13:59:20 
738,243,NINIAP,2020-12-21 05:32:09,2020-12-21 08:32:09 
739,399,NEOI6B,2021-02-13 23:39:12,2021-02-14 02:39:12 
740,463,NNJY01,2021-09-25 03:00:55,2021-09-25 06:00:55 
741,419,NMHP07,2021-05-29 11:58:17,2021-05-29 14:58:17 
742,417,NOS2I6,2021-01-08 13:38:31,2021-01-08 16:38:31 
743,453,N551D1,2021-10-01 18:02:49,2021-10-01 21:02:49 
744,438,N20DEH,2021-04-01 13:30:31,2021-04-01 16:30:31 
745,188,NPWUYR,2021-06-09 05:12:58,2021-06-09 08:12:58 
746,12,NDHIAY,2021-10-04 13:10:31,2021-10-04 16:10:31 
747,324,NMHP07,2021-04-18 14:37:43,2021-04-18 17:37:43 
748,101,NFEP2M,2021-07-21 09:43:24,2021-07-21 12:43:24 
749,446,NLDPPJ,2021-04-02 10:48:51,2021-04-02 13:48:51 
750,3,NX5QFY,2021-06-11 17:10:39,2021-06-11 20:10:39 
751,130,NWDT21,2021-03-14 02:04:11,2021-03-14 05:04:11 
752,492,NY1ZW6,2021-03-21 22:49:10,2021-03-22 01:49:10 
753,45,N1N5KJ,2021-04-02 03:28:26,2021-04-02 06:28:26 
754,245,N1HZUV,2021-07-03 00:51:01,2021-07-03 03:51:01 
755,469,N7OPLR,2020-12-21 06:16:32,2020-12-21 09:16:32 
756,211,N23MNY,2021-07-03 02:19:41,2021-07-03 05:19:41 
757,193,NOBPOJ,2021-10-04 11:05:58,2021-10-04 14:05:58 
758,469,NVXK2F,2021-08-06 03:44:06,2021-08-06 06:44:06 
759,386,N1T9OI,2021-09-11 05:26:23,2021-09-11 08:26:23 
760,284,N4PX4U,2021-10-20 02:15:57,2021-10-20 05:15:57 
761,485,NMHP07,2021-05-07 08:47:01,2021-05-07 11:47:01 
762,375,NM2I79,2021-01-14 07:26:50,2021-01-14 10:26:50 
763,434,N7766L,2021-06-14 21:42:11,2021-06-15 00:42:11 
764,439,NBTMP2,2021-01-23 20:28:40,2021-01-23 23:28:40 
765,472,NSD5K5,2021-10-08 23:24:23,2021-10-09 02:24:23 
766,179,NDHIAY,2021-03-09 06:14:15,2021-03-09 09:14:15 
767,330,NJNFO1,2021-02-27 09:11:48,2021-02-27 12:11:48 
768,389,N7766L,2020-11-09 21:35:27,2020-11-10 00:35:27 
769,88,NLDPPJ,2021-08-07 20:25:42,2021-08-07 23:25:42 
770,323,N23MNY,2021-10-12 07:42:13,2021-10-12 10:42:13 
771,398,NWDT21,2021-09-14 04:03:58,2021-09-14 07:03:58 
772,20,NINIAP,2021-02-10 11:32:48,2021-02-10 14:32:48 
773,240,N6YA99,2020-11-21 09:59:44,2020-11-21 12:59:44 
774,32,NBTMP2,2021-04-24 11:42:52,2021-04-24 14:42:52 
775,388,NOBPOJ,2021-01-08 21:42:17,2021-01-09 00:42:17 
776,266,NFGLM2,2021-08-22 01:16:07,2021-08-22 04:16:07 
777,465,NMHP07,2021-09-10 20:06:23,2021-09-10 23:06:23 
778,109,NDHIAY,2020-12-06 21:02:34,2020-12-07 00:02:34 
779,182,NMHP07,2021-08-24 10:46:19,2021-08-24 13:46:19 
780,378,NJPZW4,2020-12-27 03:46:18,2020-12-27 06:46:18 
781,142,N551D1,2021-05-01 15:43:49,2021-05-01 18:43:49 
782,166,N8RPDP,2020-11-16 08:03:49,2020-11-16 11:03:49 
783,488,NSD5K5,2021-02-13 10:38:37,2021-02-13 13:38:37 
784,222,NNJY01,2021-07-02 20:03:46,2021-07-02 23:03:46 
785,130,NJPZW4,2021-04-27 23:08:27,2021-04-28 02:08:27 
786,255,NWDT21,2021-07-23 13:42:29,2021-07-23 16:42:29 
787,43,N40CXE,2021-09-23 20:33:02,2021-09-23 23:33:02 
788,61,NX5QFY,2021-09-08 01:08:42,2021-09-08 04:08:42 
789,276,N23MNY,2021-08-13 00:10:17,2021-08-13 03:10:17 
790,173,N31P1F,2021-05-21 12:10:07,2021-05-21 15:10:07 
791,457,NG6WNT,2021-04-07 12:40:37,2021-04-07 15:40:37 
792,9,NBTMP2,2021-10-13 17:09:45,2021-10-13 20:09:45 
793,382,NFEP2M,2021-02-02 03:33:46,2021-02-02 06:33:46 
794,18,NSD5K5,2020-12-13 04:47:28,2020-12-13 07:47:28 
795,340,N1T9OI,2021-10-30 00:37:07,2021-10-30 03:37:07 
796,18,N1T9OI,2021-10-07 15:14:51,2021-10-07 18:14:51 
797,283,NG6WNT,2021-09-23 12:14:08,2021-09-23 15:14:08 
798,273,N4OWLG,2021-11-03 05:21:03,2021-11-03 08:21:03 
799,198,NIAUT1,2021-09-03 17:08:16,2021-09-03 20:08:16 
800,416,NQL9U3,2021-10-19 00:27:55,2021-10-19 03:27:55 
801,401,N7766L,2021-05-18 16:12:48,2021-05-18 19:12:48 
802,449,NG6WNT,2021-11-07 12:44:05,2021-11-07 15:44:05 
803,152,NMHP07,2020-11-15 06:11:35,2020-11-15 09:11:35 
804,399,N1HZUV,2021-08-17 20:48:25,2021-08-17 23:48:25 
805,81,N37KWD,2021-03-24 14:47:45,2021-03-24 17:47:45 
806,288,NM0QTB,2021-08-05 17:13:49,2021-08-05 20:13:49 
807,267,NPWUYR,2021-09-05 04:23:25,2021-09-05 07:23:25 
808,137,NFGLM2,2021-02-18 16:24:36,2021-02-18 19:24:36 
809,33,NNJY01,2020-11-08 09:43:58,2020-11-08 12:43:58 
810,127,N31P1F,2021-03-21 14:06:16,2021-03-21 17:06:16 
811,454,NENN6G,2021-04-23 17:38:20,2021-04-23 20:38:20 
812,438,NY1ZW6,2020-12-13 09:34:53,2020-12-13 12:34:53 
813,443,N23MNY,2021-09-23 14:03:19,2021-09-23 17:03:19 
814,485,NJNFO1,2020-11-23 13:12:48,2020-11-23 16:12:48 
815,169,NRR7JR,2021-05-10 12:24:39,2021-05-10 15:24:39 
816,36,NBTMP2,2021-05-18 09:12:05,2021-05-18 12:12:05 
817,196,NBTMP2,2020-12-05 02:07:32,2020-12-05 05:07:32 
818,121,NG6WNT,2020-11-16 06:44:58,2020-11-16 09:44:58 
819,187,NG6WNT,2020-11-27 09:04:48,2020-11-27 12:04:48 
820,498,NX5QFY,2021-03-23 22:43:54,2021-03-24 01:43:54 
821,215,N5B5TX,2021-05-19 12:56:31,2021-05-19 15:56:31 
822,243,N40CXE,2020-11-30 11:27:42,2020-11-30 14:27:42 
823,32,NX5QFY,2021-04-26 14:30:47,2021-04-26 17:30:47 
824,232,N37KWD,2020-12-31 10:22:07,2020-12-31 13:22:07 
825,475,NM0QTB,2021-04-08 10:51:52,2021-04-08 13:51:52 
826,284,NOBPOJ,2021-05-07 12:54:02,2021-05-07 15:54:02 
827,4,NOBPOJ,2021-05-28 18:10:52,2021-05-28 21:10:52 
828,108,N8FQT9,2021-06-19 22:54:22,2021-06-20 01:54:22 
829,138,N551D1,2021-02-14 19:42:07,2021-02-14 22:42:07 
830,309,N4PX4U,2021-01-01 07:31:18,2021-01-01 10:31:18 
831,103,NU6AWN,2021-09-11 20:50:31,2021-09-11 23:50:31 
832,163,NDHIAY,2021-09-05 03:35:53,2021-09-05 06:35:53 
833,15,N6YA99,2021-08-29 02:04:24,2021-08-29 05:04:24 
834,339,N7766L,2021-03-18 14:10:51,2021-03-18 17:10:51 
835,199,NNJY01,2021-08-21 10:26:25,2021-08-21 13:26:25 
836,459,NRR7JR,2021-04-21 01:53:19,2021-04-21 04:53:19 
837,500,NNJY01,2021-10-17 10:18:36,2021-10-17 13:18:36 
838,353,NPWUYR,2021-02-19 20:47:03,2021-02-19 23:47:03 
839,381,N6YA99,2020-12-25 02:28:22,2020-12-25 05:28:22 
840,229,N40CXE,2020-12-02 09:54:13,2020-12-02 12:54:13 
841,99,NEZYPP,2020-11-23 07:15:29,2020-11-23 10:15:29 
842,64,N1N5KJ,2021-10-04 04:24:05,2021-10-04 07:24:05 
843,106,NPWUYR,2021-02-04 05:01:07,2021-02-04 08:01:07 
844,55,N37ST1,2021-04-09 01:49:24,2021-04-09 04:49:24 
845,405,NBTMP2,2021-10-14 09:40:08,2021-10-14 12:40:08 
846,477,N0U2D4,2021-02-19 18:57:56,2021-02-19 21:57:56 
847,226,NM0QTB,2021-07-07 23:09:36,2021-07-08 02:09:36 
848,155,NU6AWN,2021-06-27 14:43:35,2021-06-27 17:43:35 
849,331,NVXK2F,2021-02-07 17:10:54,2021-02-07 20:10:54 
850,341,N31P1F,2021-05-15 23:48:22,2021-05-16 02:48:22 
851,24,N8RPDP,2021-05-26 19:27:58,2021-05-26 22:27:58 
852,56,N1HZUV,2020-11-22 04:39:03,2020-11-22 07:39:03 
853,354,NOS2I6,2021-10-28 07:42:56,2021-10-28 10:42:56 
854,420,NLDICM,2020-12-31 11:52:34,2020-12-31 14:52:34 
855,457,NWDT21,2021-08-20 06:21:02,2021-08-20 09:21:02 
856,478,N37KWD,2021-03-16 07:54:24,2021-03-16 10:54:24 
857,142,NJNFO1,2020-11-26 06:13:25,2020-11-26 09:13:25 
858,3,N7766L,2021-03-07 00:04:08,2021-03-07 03:04:08 
859,287,N1T9OI,2021-11-07 20:05:00,2021-11-07 23:05:00 
860,279,N40CXE,2021-09-27 02:25:32,2021-09-27 05:25:32 
861,455,NLDICM,2020-12-04 16:11:21,2020-12-04 19:11:21 
862,155,NLDPPJ,2021-09-25 07:41:46,2021-09-25 10:41:46 
863,311,N37ST1,2021-01-26 15:03:20,2021-01-26 18:03:20 
864,382,NINIAP,2021-07-12 02:28:01,2021-07-12 05:28:01 
865,329,N5B5TX,2021-05-05 11:25:17,2021-05-05 14:25:17 
866,438,NLDPPJ,2021-09-26 00:17:18,2021-09-26 03:17:18 
867,365,NDHIAY,2021-03-22 12:45:42,2021-03-22 15:45:42 
868,77,N1T9OI,2021-08-05 09:30:20,2021-08-05 12:30:20 
869,144,N8RPDP,2021-07-13 16:00:04,2021-07-13 19:00:04 
870,406,N7766L,2021-09-04 23:20:35,2021-09-05 02:20:35 
871,133,N37ST1,2021-09-11 16:05:03,2021-09-11 19:05:03 
872,235,N37ST1,2021-07-06 08:04:11,2021-07-06 11:04:11 
873,172,NG6WNT,2021-09-27 18:01:07,2021-09-27 21:01:07 
874,88,N6YA99,2021-10-11 06:57:07,2021-10-11 09:57:07 
875,431,NEOI6B,2021-06-18 04:19:22,2021-06-18 07:19:22 
876,207,N1N5KJ,2021-06-11 04:39:47,2021-06-11 07:39:47 
877,252,NIAUT1,2021-04-11 17:49:32,2021-04-11 20:49:32 
878,10,N4PX4U,2021-01-18 22:42:38,2021-01-19 01:42:38 
879,164,NWDT21,2021-03-23 01:06:37,2021-03-23 04:06:37 
880,352,N37ST1,2021-02-23 05:30:16,2021-02-23 08:30:16 
881,475,NINIAP,2021-09-19 15:01:55,2021-09-19 18:01:55 
882,285,NFGLM2,2021-04-01 23:40:22,2021-04-02 02:40:22 
883,363,NJPZW4,2021-01-25 08:28:01,2021-01-25 11:28:01 
884,166,N31P1F,2021-08-14 21:07:16,2021-08-15 00:07:16 
885,68,N8RPDP,2021-02-04 06:36:24,2021-02-04 09:36:24 
886,114,N1T9OI,2020-12-27 21:46:23,2020-12-28 00:46:23 
887,247,N37KWD,2020-12-08 07:26:19,2020-12-08 10:26:19 
888,476,NBTMP2,2021-01-10 05:01:39,2021-01-10 08:01:39 
889,276,N4OWLG,2021-01-18 20:40:02,2021-01-18 23:40:02 
890,115,NMHP07,2021-04-06 18:09:31,2021-04-06 21:09:31 
891,121,N31P1F,2021-09-09 02:03:32,2021-09-09 05:03:32 
892,174,NNJY01,2021-07-09 18:05:09,2021-07-09 21:05:09 
893,122,NJPZW4,2021-05-02 06:33:28,2021-05-02 09:33:28 
894,491,NIAUT1,2021-06-18 04:45:45,2021-06-18 07:45:45 
895,107,NOBPOJ,2020-11-17 18:48:48,2020-11-17 21:48:48 
896,69,NLDPPJ,2020-12-11 14:35:57,2020-12-11 17:35:57 
897,124,NIAUT1,2021-09-01 15:21:45,2021-09-01 18:21:45 
898,336,NPWUYR,2021-02-01 03:06:32,2021-02-01 06:06:32 
899,162,NU6AWN,2021-02-13 01:13:54,2021-02-13 04:13:54 
900,313,NX5QFY,2021-07-25 05:40:32,2021-07-25 08:40:32 
901,437,NFGLM2,2021-05-25 13:10:46,2021-05-25 16:10:46 
902,334,N8RPDP,2021-10-15 07:20:58,2021-10-15 10:20:58 
903,254,NMHP07,2021-08-03 20:07:37,2021-08-03 23:07:37 
904,237,NOS2I6,2020-12-08 16:12:25,2020-12-08 19:12:25 
905,85,N551D1,2021-08-05 11:02:05,2021-08-05 14:02:05 
906,395,NJNFO1,2021-06-25 10:45:16,2021-06-25 13:45:16 
907,120,NWDT21,2021-10-16 01:36:43,2021-10-16 04:36:43 
908,301,NINIAP,2020-11-19 20:42:11,2020-11-19 23:42:11 
909,144,N1T9OI,2021-01-22 08:41:47,2021-01-22 11:41:47 
910,252,N4OWLG,2021-08-14 01:48:23,2021-08-14 04:48:23 
911,480,N7766L,2021-10-31 00:32:36,2021-10-31 03:32:36 
912,107,NSD5K5,2021-08-07 10:48:05,2021-08-07 13:48:05 
913,399,NQL9U3,2021-05-28 03:27:20,2021-05-28 06:27:20 
914,261,NJNFO1,2021-04-25 11:05:36,2021-04-25 14:05:36 
915,167,N7766L,2020-12-26 16:29:03,2020-12-26 19:29:03 
916,11,N40CXE,2021-02-06 21:52:43,2021-02-07 00:52:43 
917,6,N37ST1,2021-06-06 13:15:59,2021-06-06 16:15:59 
918,264,N7766L,2020-12-16 19:27:12,2020-12-16 22:27:12 
919,382,NX5QFY,2021-10-09 17:32:10,2021-10-09 20:32:10 
920,158,N4OWLG,2021-04-27 08:55:18,2021-04-27 11:55:18 
921,21,NEOI6B,2021-01-23 19:44:08,2021-01-23 22:44:08 
922,313,NLDPPJ,2021-05-27 22:22:51,2021-05-28 01:22:51 
923,19,NSD5K5,2021-06-21 11:56:45,2021-06-21 14:56:45 
924,79,NY1ZW6,2020-11-28 17:32:49,2020-11-28 20:32:49 
925,53,N0U2D4,2021-03-19 04:55:13,2021-03-19 07:55:13 
926,210,NG6WNT,2021-05-22 10:39:04,2021-05-22 13:39:04 
927,232,N8RPDP,2021-10-12 08:17:05,2021-10-12 11:17:05 
928,45,NGWZII,2021-10-06 21:16:00,2021-10-07 00:16:00 
929,442,N31P1F,2020-11-10 20:40:05,2020-11-10 23:40:05 
930,176,NLDPPJ,2021-01-24 21:36:19,2021-01-25 00:36:19 
931,455,NVXK2F,2021-06-23 15:19:30,2021-06-23 18:19:30 
932,92,N8RPDP,2021-06-17 10:57:26,2021-06-17 13:57:26 
933,203,NM0QTB,2021-04-08 11:06:23,2021-04-08 14:06:23 
934,396,NEZYPP,2021-10-01 18:20:46,2021-10-01 21:20:46 
935,434,N7OPLR,2021-07-13 13:12:09,2021-07-13 16:12:09 
936,473,NMHP07,2020-11-13 08:33:51,2020-11-13 11:33:51 
937,458,NPWUYR,2021-09-20 00:37:54,2021-09-20 03:37:54 
938,435,NFZ0BF,2021-01-17 13:00:31,2021-01-17 16:00:31 
939,55,N7OPLR,2021-01-10 12:42:09,2021-01-10 15:42:09 
940,141,N7OPLR,2021-08-24 14:08:09,2021-08-24 17:08:09 
941,245,NRR7JR,2021-05-14 06:25:26,2021-05-14 09:25:26 
942,55,N7766L,2021-03-03 22:41:11,2021-03-04 01:41:11 
943,186,N31P1F,2021-01-04 06:31:11,2021-01-04 09:31:11 
944,422,NOBPOJ,2021-01-30 20:48:51,2021-01-30 23:48:51 
945,412,NOBPOJ,2021-06-25 06:02:22,2021-06-25 09:02:22 
946,90,NDHIAY,2021-01-18 02:09:54,2021-01-18 05:09:54 
947,210,N23MNY,2021-07-11 20:08:47,2021-07-11 23:08:47 
948,251,NNJY01,2020-12-28 04:36:41,2020-12-28 07:36:41 
949,89,NSD5K5,2021-06-30 11:38:46,2021-06-30 14:38:46 
950,246,N23MNY,2021-05-28 12:32:46,2021-05-28 15:32:46 
951,179,NFGLM2,2020-11-16 01:05:45,2020-11-16 04:05:45 
952,196,N7OPLR,2021-07-18 21:45:37,2021-07-19 00:45:37 
953,360,N6YA99,2021-07-17 10:58:52,2021-07-17 13:58:52 
954,267,NBTMP2,2021-10-26 18:53:21,2021-10-26 21:53:21 
955,35,NENN6G,2021-04-08 00:34:02,2021-04-08 03:34:02 
956,418,NY1ZW6,2021-08-27 09:07:34,2021-08-27 12:07:34 
957,306,NVXK2F,2021-09-09 05:27:58,2021-09-09 08:27:58 
958,166,N1HZUV,2021-09-17 20:25:43,2021-09-17 23:25:43 
959,123,NIAUT1,2020-11-23 03:31:01,2020-11-23 06:31:01 
960,127,N4PX4U,2021-03-08 19:37:46,2021-03-08 22:37:46 
961,297,NM2I79,2021-05-07 06:24:20,2021-05-07 09:24:20 
962,76,NJPZW4,2021-10-12 01:40:05,2021-10-12 04:40:05 
963,390,N7766L,2021-01-09 16:39:31,2021-01-09 19:39:31 
964,288,N0U2D4,2021-03-10 17:51:09,2021-03-10 20:51:09 
965,338,N1N5KJ,2021-07-04 15:20:58,2021-07-04 18:20:58 
966,305,NJPZW4,2021-04-17 13:07:15,2021-04-17 16:07:15 
967,35,NBTMP2,2021-10-13 09:21:39,2021-10-13 12:21:39 
968,68,NU6AWN,2020-12-29 02:34:03,2020-12-29 05:34:03 
969,428,NX5QFY,2020-12-23 15:21:34,2020-12-23 18:21:34 
970,394,NIAUT1,2020-12-01 00:03:07,2020-12-01 03:03:07 
971,161,NIAUT1,2021-08-01 15:42:51,2021-08-01 18:42:51 
972,117,NEZYPP,2021-03-20 15:53:49,2021-03-20 18:53:49 
973,238,N4OWLG,2021-11-01 09:05:58,2021-11-01 12:05:58 
974,264,NM0QTB,2021-06-01 17:58:52,2021-06-01 20:58:52 
975,173,NJNFO1,2020-11-11 10:27:34,2020-11-11 13:27:34 
976,443,N37ST1,2021-08-26 02:56:11,2021-08-26 05:56:11 
977,424,NMHP07,2021-05-15 00:00:44,2021-05-15 03:00:44 
978,180,N1HZUV,2021-05-22 07:44:38,2021-05-22 10:44:38 
979,206,NEZYPP,2021-07-10 10:11:45,2021-07-10 13:11:45 
980,391,NG6WNT,2021-01-07 18:06:52,2021-01-07 21:06:52 
981,438,NNJY01,2021-02-09 17:13:57,2021-02-09 20:13:57 
982,402,N1T9OI,2021-08-09 00:51:19,2021-08-09 03:51:19 
983,247,NPWUYR,2021-05-06 21:38:29,2021-05-07 00:38:29 
984,491,NVXK2F,2020-11-24 10:44:25,2020-11-24 13:44:25 
985,25,NFEP2M,2021-03-30 01:10:47,2021-03-30 04:10:47 
986,466,N7OPLR,2021-10-26 08:56:27,2021-10-26 11:56:27 
987,295,NRR7JR,2021-07-04 12:14:45,2021-07-04 15:14:45 
988,427,NQL9U3,2021-04-24 09:07:47,2021-04-24 12:07:47 
989,324,N40CXE,2021-04-06 00:07:18,2021-04-06 03:07:18 
990,245,NSD5K5,2020-11-22 17:44:57,2020-11-22 20:44:57 
991,490,N37ST1,2021-10-17 19:04:51,2021-10-17 22:04:51 
992,343,N20DEH,2021-08-09 23:07:00,2021-08-10 02:07:00 
993,97,N23MNY,2021-07-24 21:53:40,2021-07-25 00:53:40 
994,186,NFZ0BF,2021-07-25 22:38:45,2021-07-26 01:38:45 
995,356,NU6AWN,2021-06-09 18:07:56,2021-06-09 21:07:56 
996,346,N4OWLG,2021-10-07 11:32:18,2021-10-07 14:32:18 
997,421,NEZYPP,2021-04-18 22:25:24,2021-04-19 01:25:24 
998,407,NY1ZW6,2021-05-10 07:18:24,2021-05-10 10:18:24 
999,288,N6YA99,2021-04-14 19:41:34,2021-04-14 22:41:34 
1000,239,NEOI6B,2021-09-29 16:30:49,2021-09-29 19:30:49 
